title,console,genre,publisher,developer,critic_score,total_sales,na_sales,jp_sales,pal_sales,other_sales,release_date,last_update
Grand Theft Auto V,PS3,Action,Rockstar Games,Rockstar North,9.4,20.32,6.37,0.99,9.85,3.12,2013-09-17,
Grand Theft Auto V,PS4,Action,Rockstar Games,Rockstar North,9.7,19.39,6.06,0.6,9.71,3.02,2014-11-18,2018-01-03
Grand Theft Auto: Vice City,PS2,Action,Rockstar Games,Rockstar North,9.6,16.15,8.41,0.47,5.49,1.78,2002-10-28,
Call of Duty: Black Ops 3,PS4,Shooter,Activision,Treyarch,8.1,15.09,6.18,0.41,6.05,2.44,2015-11-06,2018-01-14
Call of Duty: Modern Warfare 3,X360,Shooter,Activision,Infinity Ward,8.7,14.82,9.07,0.13,4.29,1.33,2011-11-08,
Call of Duty: Black Ops,X360,Shooter,Activision,Treyarch,8.8,14.74,9.76,0.11,3.73,1.14,2010-11-09,
Red Dead Redemption 2,PS4,Action-Adventure,Rockstar Games,Rockstar Games,9.8,13.94,5.26,0.21,6.21,2.26,2018-10-26,2018-11-02
Call of Duty: Black Ops II,X360,Shooter,Activision,Treyarch,8.4,13.86,8.27,0.07,4.32,1.2,2012-11-13,2018-04-07
Call of Duty: Black Ops II,PS3,Shooter,Activision,Treyarch,8.0,13.8,4.99,0.65,5.88,2.28,2012-11-13,2018-04-07
Call of Duty: Modern Warfare 2,X360,Shooter,Activision,Infinity Ward,9.5,13.53,8.54,0.08,3.63,1.28,2009-11-10,
Call of Duty: WWII,PS4,Shooter,Activision,Sledgehammer Games,8.1,13.4,4.67,0.4,6.21,2.12,2017-11-03,2017-12-31
Call of Duty: Modern Warfare 3,PS3,Shooter,Activision,Infinity Ward,8.8,13.35,5.54,0.49,5.78,1.54,2011-11-08,
Grand Theft Auto III,PS2,Action,Rockstar Games,DMA Design,9.5,13.1,6.99,0.3,4.51,1.3,2001-10-23,
Call of Duty: Black Ops,PS3,Shooter,Activision,Treyarch,8.7,12.67,6.01,0.48,4.4,1.78,2010-11-09,
FIFA 18,PS4,Sports,EA Sports,EA Vancouver,8.3,11.8,1.27,0.15,8.64,1.73,2017-09-29,2018-04-02
Grand Theft Auto IV,X360,Action,Rockstar Games,Rockstar North,10.0,11.09,6.8,0.14,3.11,1.04,2008-04-29,
FIFA 17,PS4,Sports,Electronic Arts,EA Canada,8.9,10.94,1.26,0.12,7.95,1.61,2016-09-27,2018-03-28
Call of Duty: Modern Warfare 2,PS3,Shooter,Activision,Infinity Ward,9.5,10.61,4.99,0.38,3.66,1.59,2009-11-10,
Grand Theft Auto IV,PS3,Action,Rockstar Games,Rockstar North,10.0,10.57,4.79,0.44,3.73,1.62,2008-04-29,
Call of Duty: Ghosts,X360,Shooter,Activision,Infinity Ward,6.9,10.41,6.76,0.04,2.64,0.98,2013-11-05,2018-03-21
Call of Duty: Ghosts,PS3,Shooter,Activision,Infinity Ward,7.5,10.13,4.11,0.39,4.01,1.62,2013-11-05,2018-03-21
Halo: Reach,X360,Shooter,Microsoft Game Studios,Bungie,9.3,9.97,7.08,0.08,2.01,0.8,2010-09-14,2018-10-11
Call of Duty 4: Modern Warfare,X360,Shooter,Activision,Infinity Ward,9.6,9.41,5.98,0.13,2.39,0.91,2007-11-05,
The Elder Scrolls V: Skyrim,X360,Role-Playing,Bethesda Softworks,Bethesda Game Studios,9.3,8.88,5.1,0.1,2.83,0.85,2011-11-11,2018-04-01
Grand Theft Auto V,XOne,Action,Rockstar Games,Rockstar North,9.0,8.72,4.7,0.01,3.25,0.76,2014-11-18,2018-04-11
Call of Duty: Infinite Warfare,PS4,Shooter,Activision,Infinity Ward,7.9,8.48,3.11,0.19,3.83,1.36,2016-11-04,2018-01-14
Fallout 4,PS4,Role-Playing,Bethesda Softworks,Bethesda Game Studios,8.6,8.48,2.91,0.27,3.97,1.34,2015-11-10,2018-03-24
FIFA 16,PS4,Sports,EA Sports,EA Canada,8.5,8.22,1.15,0.07,5.77,1.23,2015-09-22,2018-04-01
Star Wars Battlefront (2015),PS4,Shooter,Electronic Arts,EA DICE,7.1,8.03,3.31,0.23,3.19,1.3,2015-11-17,2018-03-24
The Sims 3,PC,Simulation,Electronic Arts,EA Redwood Shores,8.5,7.96,1.01,,6.46,0.5,2009-06-02,
Grand Theft Auto: Liberty City Stories,PSP,Action,Rockstar Games,Rockstar Leeds,8.8,7.72,2.9,0.24,2.83,1.74,2005-10-25,
Call of Duty: Advanced Warfare,PS4,Shooter,Activision,Sledgehammer Games,8.5,7.53,2.84,0.14,3.34,1.22,2014-11-04,2018-01-04
Call of Duty: World at War,X360,Shooter,Activision,Treyarch,8.5,7.5,4.88,,1.91,0.71,2008-11-10,
Battlefield 3,X360,Shooter,Electronic Arts,Dice,8.5,7.35,4.47,0.06,2.12,0.69,2011-10-25,
Battlefield 1,PS4,Shooter,Electronic Arts,EA DICE,9.1,7.26,2.2,0.29,3.65,1.12,2016-10-21,2018-03-24
Battlefield 3,PS3,Shooter,Electronic Arts,Dice,8.5,7.21,2.86,0.35,2.94,1.07,2011-10-25,
Need for Speed Underground,PS2,Racing,Electronic Arts,EA Black Box,8.6,7.2,3.27,0.08,2.83,1.02,2003-11-17,
Need for Speed Underground 2,PS2,Racing,Electronic Arts,EA Black Box,8.3,6.9,2.71,0.08,3.02,1.09,2004-11-15,
Medal of Honor: Frontline,PS2,Shooter,Electronic Arts,EA Los Angeles,9.0,6.83,2.93,0.17,2.75,0.99,2002-05-28,
Uncharted 2: Among Thieves,PS3,Action,Sony Computer Entertainment,Naughty Dog,9.5,6.74,3.28,0.21,2.22,1.02,2009-10-13,
Call of Duty 4: Modern Warfare,PS3,Shooter,Activision,Infinity Ward,9.5,6.72,3.13,0.28,2.27,1.04,2007-11-05,
FIFA Soccer 12,PS3,Sports,EA Sports,EA Canada,9.2,6.65,0.84,0.11,4.33,1.37,2011-09-27,
Red Dead Redemption,PS3,Action,Rockstar Games,Rockstar San Diego,9.5,6.57,2.82,0.17,2.58,1.0,2011-10-11,
Red Dead Redemption,X360,Action,Rockstar Games,Rockstar San Diego,9.5,6.5,3.77,0.09,2.03,0.6,2010-05-18,
Assassin's Creed III,PS3,Action-Adventure,Ubisoft,Ubisoft Montreal,8.8,6.5,2.65,0.16,2.61,1.08,2012-10-30,2018-04-12
The Elder Scrolls V: Skyrim,PS3,Role-Playing,Bethesda Softworks,Bethesda Game Studios,9.0,6.49,2.57,0.25,2.68,0.99,2011-11-11,2018-04-01
Minecraft,PS4,Misc,Sony Computer Entertainment,Mojang,9.4,6.33,1.89,0.35,3.13,0.96,2014-10-07,2018-09-14
FIFA 15,PS4,Sports,EA Sports,EA Canada,8.1,6.32,0.83,0.05,4.49,0.94,2014-09-23,2018-03-23
Driver,PS,Action,GT Interactive,Reflections Interactive,8.5,6.27,3.11,0.02,2.8,0.33,1999-06-30,
Tekken 2,PS,Fighting,Namco,Namco,9.1,5.74,2.26,1.36,1.89,0.23,1996-08-25,
LEGO Star Wars: The Complete Saga,Wii,Action,LucasArts,Traveller's Tales,8.0,5.66,3.57,,1.57,0.52,2007-11-06,
Cooking Mama,DS,Simulation,Majesco,Office Create,6.6,5.66,3.09,0.07,1.92,0.58,2006-09-12,
Assassin's Creed II,PS3,Action,Ubisoft,Ubisoft Montreal,9.0,5.57,2.54,0.21,1.95,0.86,2009-11-17,2018-01-03
Assassin's Creed,X360,Action,Ubisoft,Ubisoft Montreal,8.2,5.55,3.28,0.07,1.64,0.56,2007-11-13,
Batman: Arkham City,PS3,Action,Warner Bros. Interactive,Rocksteady Studios,9.6,5.54,2.72,0.11,1.89,0.82,2011-10-18,
Forza Motorsport 3,X360,Racing,Microsoft Game Studios,Turn 10 Studios,9.2,5.5,2.99,0.1,1.9,0.51,2009-10-27,
Call of Duty: World at War,PS3,Shooter,Activision,Treyarch,8.4,5.43,2.75,,1.84,0.84,2008-11-10,
Crash Bandicoot: The Wrath of Cortex,PS2,Platform,Universal Interactive,Traveller's Tales,6.9,5.42,2.07,0.24,2.29,0.82,2001-10-29,
Final Fantasy XIII,PS3,Role-Playing,Square Enix,Square Enix,8.0,5.35,1.75,1.87,1.23,0.51,2010-03-09,
Assassin's Creed II,X360,Action,Ubisoft,Ubisoft Montreal,9.1,5.3,3.14,0.08,1.55,0.52,2009-11-17,
Tomb Raider II,PS,Adventure,Eidos Interactive,Core Design Ltd.,7.6,5.24,2.3,0.2,2.46,0.28,1997-10-31,
Madden NFL 2004,PS2,Sports,EA Sports,EA Tiburon,9.5,5.23,4.26,0.01,0.26,0.71,2003-08-12,
Call of Duty: Advanced Warfare,XOne,Shooter,Activision,Sledgehammer Games,8.3,5.22,3.25,0.01,1.49,0.48,2014-11-04,2018-01-01
Medal of Honor: Rising Sun,PS2,Shooter,Electronic Arts,EA Los Angeles,5.9,5.13,1.98,0.13,2.23,0.8,2003-11-11,
Battlefield 1,XOne,Shooter,Electronic Arts,EA DICE,9.3,5.13,3.37,0.02,1.26,0.48,2016-10-21,2018-03-24
Microsoft Flight Simulator,PC,Simulation,Microsoft,Microsoft,7.0,5.12,3.22,,1.69,0.2,1996-10-31,
Guitar Hero II,PS2,Misc,RedOctane,Harmonix Music Systems,9.2,5.12,3.81,,0.63,0.68,2006-11-07,
Mario & Sonic at the Olympic Games,DS,Sports,Sega,Sega,7.0,5.1,1.63,0.44,2.46,0.57,2008-01-22,
Fable III,X360,Role-Playing,Microsoft Game Studios,Lionhead Studios,7.8,5.1,3.59,0.05,1.09,0.37,2010-10-26,
Resident Evil 5,PS3,Action,Capcom,Capcom,8.6,5.1,1.96,1.08,1.42,0.64,2009-03-13,
FIFA Soccer 11,PS3,Sports,EA Sports,EA Canada,8.7,5.08,0.61,0.06,3.28,1.12,2010-09-28,
Grand Theft Auto: Vice City Stories,PSP,Action,Rockstar Games,Rockstar Leeds,8.4,5.08,1.7,0.16,2.03,1.19,2006-10-31,
Final Fantasy XV,PS4,Role-Playing,Square Enix,Square Enix,8.1,5.07,1.81,1.05,1.53,0.68,2016-11-29,2018-05-04
Fallout 4,XOne,Role-Playing,Bethesda Softworks,Bethesda Game Studios,8.4,5.03,2.94,0.02,1.62,0.45,2015-11-10,2018-03-24
Tony Hawk's Pro Skater,PS,Sports,Activision,Neversoft Entertainment,9.6,5.02,3.42,0.02,1.38,0.2,1999-08-31,
Guitar Hero III: Legends of Rock,PS2,Misc,RedOctane,BudCat Creations,8.2,4.98,3.49,0.01,0.01,1.48,2007-10-28,
Uncharted: Drake's Fortune,PS3,Action,Sony Computer Entertainment,Naughty Dog,8.7,4.97,2.32,0.12,1.73,0.8,2007-11-16,
Fallout 3,X360,Role-Playing,Bethesda Softworks,Bethesda Game Studios,9.0,4.96,3.41,0.09,0.99,0.46,2008-10-28,
Madden NFL 06,PS2,Sports,EA Sports,EA Tiburon,9.1,4.91,3.98,0.01,0.26,0.66,2005-08-08,
Assassin's Creed,PS3,Action,Ubisoft,Ubisoft Montreal,8.2,4.83,1.91,0.09,2.01,0.82,2007-11-13,
Crash Team Racing,PS,Racing,Sony Computer Entertainment,Naughty Dog,9.2,4.79,2.57,0.44,1.57,0.21,1999-09-30,
LEGO Star Wars: The Complete Saga,DS,Action,LucasArts,Traveller's Tales,7.8,4.77,2.83,,1.49,0.45,2007-11-06,
Batman: Arkham City,X360,Action,Warner Bros. Interactive,Rocksteady Studios,9.5,4.75,2.99,0.04,1.28,0.44,2011-10-18,
Driver 2,PS,Action,Atari,Reflections Interactive,7.0,4.73,2.36,0.02,2.1,0.25,2000-11-13,
The Simpsons: Hit & Run,PS2,Racing,VU Games,Radical Entertainment,7.7,4.7,1.73,,2.19,0.79,2003-09-16,
Tony Hawk's Pro Skater 2,PS,Sports,Activision,Neversoft Entertainment,9.3,4.68,3.05,0.02,1.41,0.2,2000-09-20,
The Lord of the Rings: The Two Towers,PS2,Action,Electronic Arts,Stormfront Studios,8.3,4.67,1.94,0.08,1.95,0.7,2002-10-21,
Tomb Raider,PS,Action,Eidos Interactive,Core Design Ltd.,8.9,4.63,2.29,0.13,1.97,0.24,1996-11-14,
Forza Motorsport 4,X360,Racing,Microsoft Studios,Turn 10 Studio,9.1,4.6,2.08,0.06,1.98,0.49,2011-10-11,
Guitar Hero III: Legends of Rock,Wii,Misc,RedOctane,Vicarious Visions,8.6,4.6,3.04,0.0,1.12,0.44,2007-10-28,
FIFA 15,PS3,Sports,EA Sports,EA Canada,6.9,4.56,0.59,0.04,3.25,0.68,2014-09-23,2018-03-23
Mario & Sonic at the Olympic Winter Games,Wii,Sports,Sega,Sega,6.8,4.54,1.87,0.22,1.97,0.48,2009-10-13,
Overwatch,PS4,Shooter,Blizzard Entertainment,Blizzard Entertainment,8.8,4.54,1.84,0.17,1.8,0.73,2016-05-24,2018-03-24
Guitar Hero III: Legends of Rock,X360,Misc,RedOctane,Neversoft,8.7,4.53,3.19,0.01,0.91,0.42,2007-10-28,
Madden NFL 2005,PS2,Sports,EA Sports,EA Tiburon,9.5,4.53,4.18,0.01,0.26,0.08,2004-08-09,
Spider-Man: The Movie,PS2,Action,Activision,Treyarch,8.2,4.48,2.71,0.03,1.51,0.23,2002-04-15,
The Elder Scrolls IV: Oblivion,X360,Role-Playing,Take-Two Interactive,Bethesda Softworks,9.2,4.47,2.89,0.13,1.03,0.41,2009-07-07,
Tony Hawk's Pro Skater 3,PS2,Sports,Activision,Neversoft Entertainment,9.1,4.41,2.66,0.01,1.29,0.46,2001-10-28,
Winning Eleven: Pro Evolution Soccer 2007,PS2,Sports,Konami,Konami Computer Entertainment Tokyo,8.8,4.39,0.1,1.05,2.39,0.86,2007-02-06,
Need for Speed: Most Wanted,PS2,Racing,Electronic Arts,EA Canada,8.6,4.37,2.03,0.08,1.79,0.47,2005-11-15,
Michael Jackson: The Experience,Wii,Misc,Ubisoft,Ubisoft Montpellier,5.6,4.37,2.64,0.01,1.33,0.39,2010-11-23,
Call of Duty: Advanced Warfare,X360,Shooter,Activision,High Moon Studios,9.1,4.34,2.81,0.0,1.13,0.41,2014-11-04,2018-01-04
Batman: Arkham Asylum,PS3,Action,Eidos Interactive,Rocksteady Studios,9.0,4.28,2.26,0.07,1.33,0.63,2009-08-25,
Call of Duty: Advanced Warfare,PS3,Shooter,Activision,High Moon Studios,9.1,4.27,1.59,0.2,1.81,0.67,2014-11-04,2018-01-04
Assassin's Creed: Revelations,PS3,Action,Ubisoft,Ubisoft Montreal,8.8,4.23,1.41,0.1,2.03,0.69,2011-11-15,
Assassin's Creed: Revelations,X360,Action,Ubisoft,Ubisoft Montreal,7.9,4.22,2.28,0.04,1.47,0.44,2011-11-15,
FIFA Soccer 06,PS2,Sports,EA Sports,EA Canada,8.4,4.21,0.78,0.04,2.55,0.84,2005-10-04,
Street Fighter IV,PS3,Fighting,Capcom,Capcom / Dimps Corporation,9.3,4.19,2.04,0.59,1.05,0.52,2009-02-17,
FIFA Soccer 12,X360,Sports,EA Sports,EA Canada,9.2,4.18,0.85,0.02,2.79,0.52,2011-09-27,
Call of Duty: Ghosts,PS4,Shooter,Activision,Infinity Ward,7.5,4.17,1.79,0.05,1.64,0.69,2013-11-15,2018-03-21
Teenage Mutant Ninja Turtles,NES,Platform,Ultra Games,Konami,5.9,4.17,3.38,0.31,0.44,0.04,1989-06-01,
Star Wars Battlefront (2015),XOne,Shooter,Electronic Arts,EA DICE,6.9,4.15,2.49,0.02,1.26,0.38,2015-11-17,2018-03-24
Madden NFL 2003,PS2,Sports,EA Sports,EA Tiburon,9.4,4.14,3.36,0.01,0.21,0.56,2002-08-12,
FIFA 07 Soccer,PS2,Sports,EA Sports,Team Fusion,8.4,4.11,0.71,0.03,2.48,0.89,2006-10-03,
Batman: Arkham Knight,PS4,Action,Warner Bros. Interactive,Rocksteady Studios,8.1,4.11,1.65,0.11,1.68,0.66,2015-06-23,2018-01-04
The Sims 4,PC,Simulation,Electronic Arts,Maxis,7.0,4.1,1.2,,2.6,0.3,2014-09-02,2017-12-29
Fallout: New Vegas,X360,Role-Playing,Bethesda Softworks,Obsidian Entertainment,8.2,4.08,2.67,0.04,1.03,0.34,2010-10-19,
Carnival Games,Wii,Misc,Global Star Software,Cat Daddy Games,4.2,4.06,2.12,0.05,1.47,0.42,2007-08-28,
Far Cry 4,PS4,Shooter,Ubisoft,Ubisoft Montreal,8.4,4.06,1.18,0.11,2.14,0.63,2014-11-18,2018-01-23
World Soccer Winning Eleven 9,PS2,Sports,Konami,Konami Computer Entertainment Tokyo,8.9,4.06,0.12,0.9,2.26,0.77,2006-02-07,
Forza Motorsport 2,X360,Racing,Microsoft Game Studios,Turn 10 Studios,9.1,4.05,2.35,0.03,1.27,0.41,2007-05-29,
Tekken Tag Tournament,PS2,Fighting,Namco,Namco,8.7,4.05,1.68,0.51,1.51,0.35,2000-10-25,
Fallout 3,PS3,Role-Playing,Bethesda Softworks,Bethesda Game Studios,8.8,4.0,2.18,0.07,1.15,0.61,2008-10-28,
The Elder Scrolls V: Skyrim,PC,Role-Playing,Bethesda Softworks,Bethesda Game Studios,9.2,3.99,1.18,,2.25,0.56,2011-11-11,2018-04-01
NBA 2K16,PS4,Sports,2K Sports,Visual Concepts,8.7,3.98,2.56,0.05,0.66,0.71,2015-09-29,2018-03-28
Far Cry 5,PS4,Action,Ubisoft,Ubisoft,7.9,3.95,1.44,0.15,1.73,0.62,2018-03-27,2018-02-28
Battlefield 4,PS4,Shooter,Electronic Arts,EA DICE,8.3,3.94,1.4,0.19,1.74,0.62,2013-11-15,2018-01-09
Assassin's Creed IV: Black Flag,PS3,Action-Adventure,Ubisoft,Ubisoft Montreal,8.7,3.94,1.34,0.13,1.86,0.62,2013-10-29,2018-03-14
Tony Hawk's Underground,PS2,Sports,Activision,Neversoft Entertainment,8.7,3.9,2.29,0.01,1.17,0.42,2003-10-27,
Just Dance 2014,Wii,Music,Ubisoft,Ubisoft Paris,7.4,3.89,1.91,,1.66,0.33,2013-10-08,2018-03-08
Sports Champions,PS3,Sports,Sony Computer Entertainment,SCE San Diego Studio,7.6,3.88,2.15,0.1,1.13,0.5,2010-09-17,
World Soccer Winning Eleven 8 International,PS2,Sports,Konami,Konami Computer Entertainment Tokyo,9.3,3.85,0.16,1.12,1.89,0.68,2005-02-01,
LEGO Indiana Jones: The Original Adventures,X360,Adventure,LucasArts,Traveller's Tales,7.5,3.76,2.4,,1.01,0.36,2008-06-03,
The Sims: Unleashed,PC,Simulation,Electronic Arts,Maxis,7.3,3.76,2.03,,1.56,0.17,2002-09-23,
Ratchet & Clank: Size Matters,PSP,Platform,Sony Computer Entertainment,High Impact Games,8.5,3.75,1.4,0.1,1.4,0.86,2007-02-13,
FIFA 17,XOne,Sports,Electronic Arts,EA Canada,8.8,3.71,1.04,,2.4,0.27,2016-09-27,2018-03-28
FIFA Soccer 2005,PS2,Sports,EA Sports,EA Canada,8.4,3.7,0.58,0.04,2.48,0.59,2004-10-12,
Tony Hawk's Pro Skater 4,PS2,Sports,Activision,Neversoft Entertainment,9.6,3.67,2.13,0.01,1.18,0.35,2002-10-23,
MySims,DS,Simulation,Electronic Arts,EA Redwood Shores,6.7,3.66,1.58,0.08,1.6,0.4,2007-09-18,
Midnight Club 3: DUB Edition,PSP,Racing,Rockstar Games,Rockstar Leeds,7.2,3.66,1.65,,1.22,0.79,2005-06-27,
SOCOM: U.S. Navy SEALs,PS2,Shooter,Sony Computer Entertainment,Zipper Interactive,8.0,3.65,2.53,0.06,0.81,0.24,2002-08-27,
Battlefield 4,PS3,Shooter,Electronic Arts,EA DICE,8.7,3.64,1.31,0.27,1.5,0.55,2013-10-29,2018-01-04
Jak and Daxter: The Precursor Legacy,PS2,Platform,Sony Computer Entertainment,Naughty Dog,9.0,3.64,2.08,0.15,1.09,0.33,2001-12-04,
Pro Evolution Soccer 2008,PS2,Sports,Konami,Konami,8.2,3.63,0.05,0.64,0.0,2.93,2008-03-11,
FIFA Soccer 10,PS3,Sports,EA Sports,EA Canada,9.0,3.63,0.6,0.05,2.46,0.52,2009-10-20,
Guitar Hero: World Tour,Wii,Misc,Activision,Vicarious Visions,8.4,3.62,2.32,,0.96,0.34,2008-10-26,
The Simpsons: Road Rage,PS2,Racing,Electronic Arts,Radical Entertainment,6.1,3.61,2.02,,1.17,0.42,2001-11-24,
Star Wars Battlefront,PS2,Shooter,LucasArts,Pandemic Studios,8.1,3.61,1.93,0.03,1.22,0.44,2004-09-20,
Doom II,PC,Shooter,GT Interactive,id Software,9.3,3.61,2.05,,1.4,0.16,1994-09-30,
Assassin's Creed Syndicate,PS4,Action,Ubisoft,Ubisoft Quebec,8.6,3.6,0.9,0.08,2.06,0.55,2015-10-23,2018-05-04
Star Wars Battlefront II,PS2,Shooter,LucasArts,Pandemic Studios,8.5,3.59,2.18,0.03,1.02,0.37,2005-11-01,
Cooking Mama 2: Dinner With Friends,DS,Simulation,Majesco,Office Create,6.9,3.58,1.6,0.1,1.49,0.39,2007-11-13,
The Getaway,PS2,Action,Sony Computer Entertainment,Team Soho,7.7,3.54,1.23,0.05,1.77,0.49,2003-01-19,
Tomb Raider III: Adventures of Lara Croft,PS,Adventure,Eidos Interactive,Core Design Ltd.,8.2,3.54,1.66,0.12,1.58,0.18,1998-11-21,
Grand Theft Auto: Liberty City Stories,PS2,Action,Rockstar Games,Rockstar Leeds,8.3,3.54,1.56,0.07,1.4,0.5,2006-06-06,
Battlefield 4,X360,Shooter,Electronic Arts,EA DICE,8.7,3.54,2.16,0.02,1.05,0.32,2013-10-29,2018-01-04
Batman: Arkham Asylum,X360,Action,Eidos Interactive,Rocksteady Studios,9.1,3.54,2.24,0.02,0.95,0.33,2009-08-25,
Resident Evil 5,X360,Action,Capcom,Capcom,8.6,3.53,2.13,0.12,0.93,0.34,2009-03-13,
Assassin's Creed: Brotherhood,X360,Action,Ubisoft,Ubisoft Montreal,9.1,3.53,2.87,0.03,0.39,0.25,2010-11-16,
LEGO Star Wars: The Video Game,PS2,Action,Eidos Interactive,Traveller's Tales,7.9,3.53,1.98,0.01,1.14,0.41,2005-04-02,
FIFA Soccer 11,X360,Sports,EA Sports,EA Canada,8.7,3.52,0.71,0.02,2.39,0.4,2010-09-28,
NBA 2K17,PS4,Sports,2K Sports,Visual Concepts,9.0,3.52,2.28,0.03,0.59,0.63,2016-09-16,2018-03-28
FIFA Soccer 2004,PS2,Sports,EA Sports,EA Canada,8.0,3.49,0.59,0.04,2.36,0.51,2003-11-04,
Borderlands,X360,Shooter,2K Games,Gearbox Software,8.3,3.48,2.43,0.03,0.72,0.3,2009-10-20,
Battlefield: Bad Company 2,X360,Shooter,Electronic Arts,EA Digital Illusions CE,9.0,3.48,2.11,0.04,1.01,0.33,2010-03-02,
Mario & Sonic at the Olympic Winter Games,DS,Sports,Sega,Sega,7.6,3.47,1.21,0.27,1.63,0.37,2009-10-13,
Guitar Hero: On Tour,DS,Misc,Activision,Vicarious Visions,7.1,3.46,2.1,0.01,1.01,0.35,2008-06-22,
Tekken 4,PS2,Fighting,Namco,Namco,7.9,3.44,1.55,0.33,1.27,0.29,2002-09-23,
LEGO Batman: The Videogame,X360,Adventure,Warner Bros. Interactive,Traveller's Tales,7.5,3.44,2.07,,1.04,0.34,2008-09-23,
Halo: The Master Chief Collection,XOne,Shooter,Microsoft Studios,343 Industries,8.8,3.44,2.06,0.03,1.04,0.31,2014-11-11,2018-03-24
LittleBigPlanet 2,PS3,Platform,Sony Computer Entertainment,Media Molecule,9.1,3.43,1.83,0.06,1.07,0.47,2011-01-18,
Grand Theft Auto 2,PS,Action,Rockstar Games,DMA Design,6.9,3.42,1.13,,2.07,0.22,1999-10-25,
Destiny,XOne,Shooter,Activision,Bungie,8.3,3.41,2.17,,0.92,0.32,2014-09-09,2018-01-12
Spider-Man 2,PS2,Action,Activision,Treyarch,7.9,3.41,1.75,0.02,1.2,0.43,2004-06-28,
Crash Bash,PS,Misc,Sony Computer Entertainment,Eurocom Entertainment Software,6.8,3.39,1.56,0.19,1.47,0.17,2000-11-06,
The Elder Scrolls V: Skyrim Special Edition,PS4,Role-Playing,Bethesda Softworks,Bethesda Softworks,8.3,3.36,1.24,0.08,1.5,0.54,2016-10-28,2018-04-01
Assassin's Creed IV: Black Flag,X360,Action-Adventure,Ubisoft,Ubisoft Montreal,8.5,3.34,1.9,0.01,1.14,0.3,2013-10-29,2018-03-22
NBA 2K18,PS4,Sports,2K Sports,Visual Concepts,8.1,3.34,2.13,0.04,0.57,0.59,2017-09-19,2018-04-02
Max Payne,PS2,Shooter,Rockstar Games,Remedy Entertainment,8.1,3.31,1.99,0.05,1.05,0.22,2001-12-06,
Madden NFL 16,PS4,Sports,EA Sports,EA Tiburon,8.2,3.3,2.39,,0.31,0.61,2015-08-25,2018-03-31
The Lord of the Rings: The Return of the King,PS2,Action,Electronic Arts,"Hypnos Entertainment, Inc.",8.4,3.28,1.5,0.05,1.28,0.46,2003-11-05,
Madden NFL 17,PS4,Sports,EA Sports,EA Tiburon,8.5,3.28,2.3,,0.37,0.6,2016-08-23,2018-04-01
FIFA 16,XOne,Sports,EA Sports,EA Canada,8.5,3.25,0.92,,2.1,0.24,2015-09-22,2018-04-01
L.A. Noire,PS3,Adventure,Rockstar Games,Team Bondi,9.1,3.21,1.29,0.12,1.31,0.49,2011-11-15,
007: Tomorrow Never Dies,PS,Shooter,Electronic Arts,Black Ops Entertainment,6.2,3.21,1.72,,1.33,0.16,1999-11-16,
WWF SmackDown! 2: Know Your Role,PS,Fighting,THQ,Yuke's,8.7,3.2,1.76,0.07,1.21,0.16,2000-11-21,
Assassin's Creed IV: Black Flag,PS4,Action-Adventure,Ubisoft,Ubisoft Montreal,8.3,3.19,1.07,0.06,1.55,0.51,2013-11-15,2018-03-14
Assassin's Creed Odyssey,PS4,Action-Adventure,Ubisoft,Ubisoft Quebec,9.5,3.18,1.18,0.09,1.4,0.51,2018-10-05,2018-11-17
Fallout: New Vegas,PS3,Role-Playing,Bethesda Softworks,Obsidian Entertainment,8.2,3.17,1.54,0.1,1.04,0.49,2010-10-19,
Club Penguin: Elite Penguin Force,DS,Adventure,Disney Interactive Studios,1st Playable Productions,7.0,3.14,1.87,,0.97,0.3,2008-11-25,
FIFA 18,XOne,Sports,EA Sports,EA Vancouver,8.0,3.14,0.98,,1.92,0.23,2017-09-29,2018-04-02
The Elder Scrolls IV: Oblivion,PS3,Role-Playing,Bethesda Softworks,4J Studios,9.3,3.12,1.69,0.14,0.86,0.44,2007-03-20,
Tom Clancy's Ghost Recon Wildlands,PS4,Shooter,Ubisoft,Ubisoft Paris,7.0,3.12,1.07,0.22,1.35,0.47,2017-03-07,2018-04-01
NBA 2K13,X360,Sports,2K Sports,Visual Concepts,8.6,3.11,2.62,0.01,0.21,0.28,2012-10-02,2018-01-04
Mass Effect 2,X360,Role-Playing,Electronic Arts,BioWare Edmonton,9.5,3.1,1.99,0.03,0.81,0.27,2010-01-26,
LEGO Batman: The Videogame,Wii,Adventure,Warner Bros. Interactive,Traveller's Tales,7.3,3.08,1.8,,0.98,0.29,2008-09-23,
Saints Row 2,X360,Action,THQ,Volition Inc.,7.9,3.07,1.98,0.02,0.79,0.28,2008-10-14,2018-04-02
Call of Duty: Ghosts,XOne,Shooter,Activision,Infinity Ward,7.5,3.07,1.92,,0.86,0.28,2013-11-22,2018-03-21
LEGO Batman: The Videogame,DS,Adventure,Warner Bros. Interactive,Traveller's Tales,7.8,3.06,1.75,,1.02,0.29,2008-09-23,
Kung Fu Panda,X360,Platform,Activision,Luxoflux,7.5,3.05,1.91,,0.84,0.29,2008-06-03,
Mass Effect 3,X360,Role-Playing,Electronic Arts,BioWare,9.5,3.04,1.94,0.03,0.84,0.24,2012-03-06,
Rayman,PS,Platform,Ubisoft,Ubisoft Montpellier,7.0,3.03,1.54,,1.33,0.16,1995-09-01,
Tom Clancy's Splinter Cell,XB,Action,Ubisoft,Ubisoft,9.3,3.02,1.85,,1.04,0.13,2002-11-17,
WWE SmackDown! vs. Raw 2006,PS2,Fighting,THQ,Yuke's,8.4,3.0,1.57,,1.02,0.41,2005-11-15,2018-01-04
Battlefield: Bad Company 2,PS3,Shooter,Electronic Arts,EA Digital Illusions CE,8.9,2.96,1.33,0.08,1.11,0.44,2010-03-02,
Street Fighter IV,X360,Fighting,Capcom,Capcom / Dimps Corporation,9.3,2.95,1.83,0.15,0.7,0.26,2009-02-17,
Madden NFL 13,X360,Sports,EA Sports,EA Tiburon,8.0,2.93,2.53,,0.16,0.24,2012-08-28,2018-01-04
FIFA 15,X360,Sports,EA Sports,EA Canada,6.9,2.91,0.8,,1.9,0.21,2014-09-23,2018-03-23
Mass Effect,X360,Role-Playing,Microsoft Game Studios,BioWare Edmonton,9.2,2.91,1.83,0.03,0.79,0.27,2007-11-20,
Mortal Kombat (2011),PS3,Fighting,Warner Bros. Interactive Entertainment,NetherRealm Studios,8.5,2.9,1.98,,0.54,0.38,2011-04-19,2018-01-06
Cooking Mama: Cook Off,Wii,Simulation,Majesco,Office Create,5.9,2.89,1.41,0.05,1.12,0.3,2007-03-20,
Sega Superstars Tennis,X360,Sports,Sega,Sumo Digital,6.9,2.89,1.75,,0.86,0.28,2008-03-18,
Imagine: Babyz,DS,Simulation,Ubisoft,Visual Impact,3.5,2.87,1.3,,1.26,0.31,2007-10-23,
Colin McRae Rally,PS,Racing,Sony Computer Entertainment,Codemasters,7.9,2.87,0.09,0.12,2.43,0.22,2000-01-31,
Mafia III,PS4,Action-Adventure,2K Games,Hangar 13,6.9,2.87,0.72,0.04,1.67,0.44,2016-10-07,2018-04-02
The Elder Scrolls III: Morrowind,XB,Role-Playing,Bethesda Softworks,Bethesda Softworks,8.2,2.86,2.09,0.03,0.63,0.11,2002-06-06,
Assassin's Creed: Brotherhood,PS3,Action,Ubisoft,Ubisoft Montreal,9.1,2.85,1.87,0.11,0.57,0.3,2010-11-16,
Madden NFL 10,X360,Sports,EA Sports,EA Tiburon,8.6,2.83,2.52,,0.09,0.22,2009-08-14,
BioShock,X360,Shooter,2K Games,2K Australia / 2K Boston,9.6,2.83,1.65,0.05,0.85,0.28,2007-08-21,
Finding Nemo,GBA,Platform,THQ,Vicarious Visions,7.0,2.82,1.59,0.04,1.05,0.14,2003-05-10,
Gran Turismo (PSP),PSN,Racing,Sony Computer Entertainment,Polyphony Digital,7.8,2.82,0.43,0.31,0.91,1.16,2009-10-01,
Medal of Honor,PS3,Shooter,Electronic Arts,EA Los Angeles,6.7,2.82,1.28,0.07,1.04,0.43,2010-10-12,
Imagine: Fashion Designer,DS,Simulation,Ubisoft,Virtual Toys / Lexis Numerique,3.0,2.81,1.32,,1.19,0.3,2007-10-23,2018-09-17
Need for Speed: Hot Pursuit,PS3,Racing,Electronic Arts,Criterion Games,8.9,2.81,1.05,0.03,1.24,0.49,2010-11-16,
Killzone 3,PS3,Shooter,Sony Computer Entertainment,Guerrilla Games,8.2,2.81,1.46,0.09,0.87,0.38,2011-02-22,
Skylanders: Spyro's Adventure,Wii,Action,Activision,Toys for Bob,8.0,2.79,1.35,,1.15,0.3,2011-10-16,
A Bug's Life,PS,Platform,Sony Computer Entertainment,Traveller's Tales,3.6,2.79,1.96,,0.72,0.11,1998-10-31,
Star Wars: The Force Unleashed,X360,Action,LucasArts,LucasArts,7.1,2.77,1.74,,0.78,0.26,2008-09-16,
Saints Row: The Third,X360,Action,THQ,Volition Inc.,8.3,2.77,1.26,0.07,1.14,0.3,2011-11-15,
Battlefield 3,PC,Shooter,Electronic Arts,Dice,8.9,2.76,0.89,,1.44,0.43,2011-10-25,
Need for Speed: Most Wanted (2012),PS3,Racing,Electronic Arts,Criterion Games,8.5,2.74,0.71,0.06,1.52,0.45,2012-10-30,2018-12-19
Far Cry: Primal,PS4,Action-Adventure,Ubisoft,Ubisoft Montreal,7.2,2.73,0.63,0.07,1.61,0.41,2016-02-23,2018-04-03
L.A. Noire,X360,Adventure,Rockstar Games,Team Bondi,9.1,2.73,1.55,0.02,0.92,0.24,2011-11-15,
Overwatch,XOne,Shooter,Blizzard Entertainment,Blizzard Entertainment,8.7,2.72,1.63,,0.84,0.25,2016-05-24,2018-03-24
Need for Speed (2015),PS4,Racing,Electronic Arts,Ghost Games,7.0,2.72,0.59,0.06,1.66,0.41,2015-11-03,2018-04-03
Skate 3,X360,Sports,EA Sports,EA Black Box,8.3,2.71,1.47,,0.99,0.25,2010-05-11,
Madden NFL 13,PS3,Sports,EA Sports,EA Tiburon,8.3,2.71,2.12,,0.24,0.36,2012-08-28,2018-01-04
Madden NFL 12,X360,Sports,EA Sports,EA Tiburon,7.8,2.7,2.43,,0.11,0.16,2011-08-30,
Call of Duty 3,X360,Shooter,Activision,Treyarch,8.0,2.7,1.49,0.02,0.92,0.27,2006-11-07,
LEGO Star Wars II: The Original Trilogy,PS2,Action,LucasArts,Traveller's Tales,8.4,2.69,1.85,0.01,0.64,0.19,2006-09-12,
Madden NFL 11,X360,Sports,EA Sports,EA Tiburon,8.3,2.69,2.38,,0.12,0.19,2010-08-10,
Burnout 3: Takedown,PS2,Racing,Electronic Arts,Criterion Games,9.3,2.68,1.23,,1.11,0.34,2004-09-07,
Medal of Honor,PS,Shooter,Electronic Arts,DreamWorks Interactive,9.3,2.67,1.44,,1.09,0.14,1999-11-11,
Call of Duty 2: Big Red One,PS2,Shooter,Activision,Treyarch,8.5,2.67,1.48,0.01,0.92,0.26,2005-11-01,
Final Fantasy XIII-2,PS3,Role-Playing,Square Enix,Square Enix,8.3,2.66,0.78,0.89,0.75,0.23,2012-01-31,
Medal of Honor Heroes,PSP,Shooter,Electronic Arts,Team Fusion,6.7,2.66,0.86,0.01,1.11,0.67,2006-10-20,
Guitar Hero: World Tour,X360,Misc,Activision,Neversoft Entertainment,8.6,2.66,1.78,,0.64,0.25,2008-10-26,
Need for Speed: Shift,PS3,Racing,Electronic Arts,Slightly Mad Studios,8.2,2.65,0.69,0.04,1.4,0.52,2009-09-15,
Hannah Montana,DS,Action,Buena Vista,DC Studios,6.5,2.65,1.59,,0.8,0.26,2006-10-10,
Medal of Honor,X360,Shooter,Electronic Arts,EA Los Angeles,7.3,2.64,1.58,0.04,0.8,0.22,2010-10-12,
NBA 2K12,X360,Sports,2K Sports,Visual Concepts,9.1,2.64,2.32,0.01,0.14,0.17,2011-10-04,
NBA 2K13,PS3,Sports,2K Sports,Visual Concepts,8.9,2.63,1.74,0.05,0.46,0.39,2012-10-02,2018-01-04
FIFA Soccer 10,X360,Sports,EA Sports,EA Canada,8.9,2.62,0.6,0.01,1.79,0.23,2009-10-20,
Madden NFL 18,PS4,Sports,EA Sports,EA Tiburon,8.2,2.62,1.73,,0.42,0.47,2017-08-25,2018-04-03
LittleBigPlanet,PSP,Platform,Sony Computer Entertainment,SCEE Cambridge,8.8,2.61,0.65,0.01,1.27,0.68,2009-11-17,2018-12-03
Grand Theft Auto: Episodes from Liberty City,X360,Adventure,Rockstar Games,Rockstar North,9.0,2.6,1.08,0.03,1.22,0.27,2009-10-29,
FIFA Soccer 09,PS3,Sports,Electronic Arts,EA Canada,8.6,2.59,0.49,0.04,1.63,0.43,2008-10-14,
WWE SmackDown vs. RAW 2007,PS2,Fighting,THQ,Yuke's,8.0,2.58,1.4,0.03,0.88,0.26,2006-11-14,
Dragon Age: Origins,X360,Role-Playing,Electronic Arts,BioWare Edmonton,8.5,2.56,1.76,0.03,0.55,0.22,2009-11-03,
FIFA 16,PS3,Sports,EA Sports,EA Canada,9.0,2.55,0.43,0.05,1.68,0.38,2015-09-22,2018-04-01
Madden NFL 09,X360,Sports,EA Sports,EA Tiburon,8.5,2.54,2.21,,0.12,0.2,2008-08-12,
Crazy Taxi,PS2,Racing,Acclaim Entertainment,Hitmaker,8.2,2.52,1.13,0.06,1.12,0.22,2001-05-14,
Tomb Raider (2013),PS3,Action,Square Enix,Crystal Dynamics,8.9,2.51,0.6,0.08,1.45,0.38,2013-03-05,2018-01-06
Midnight Club: Los Angeles,PS3,Racing,Rockstar Games,Rockstar San Diego,8.3,2.5,1.59,0.05,0.54,0.33,2008-10-20,
Marvel: Ultimate Alliance,X360,Role-Playing,Activision,Raven Software,8.3,2.5,2.29,,0.02,0.19,2006-10-24,
Rockstar Games Double Pack: Grand Theft Auto III & Grand Theft Auto Vice City,XB,Action,Rockstar Games,Rockstar North,9.8,2.49,1.84,,0.56,0.09,2003-10-31,
Mortal Kombat: Deadly Alliance,PS2,Fighting,Midway Games,Midway,8.2,2.49,1.81,,0.52,0.15,2002-11-16,
Game Party,Wii,Misc,Midway Games,JGI Entertainment,2.6,2.49,1.47,,0.77,0.24,2007-11-27,
Saints Row: The Third,PS3,Action,THQ,Volition Inc.,8.3,2.48,0.86,0.18,1.06,0.37,2011-11-15,
Madden NFL 16,XOne,Sports,EA Sports,EA Tiburon,8.4,2.47,2.13,,0.08,0.26,2015-08-25,2018-03-31
Rock Band,X360,Misc,MTV Games,Harmonix Music Systems,9.1,2.47,1.93,,0.33,0.21,2007-11-20,
Pure,X360,Racing,Disney Interactive Studios,Black Rock Studio,8.3,2.47,1.38,0.0,0.84,0.25,2008-09-16,
LEGO Harry Potter: Years 1-4,Wii,Adventure,Warner Bros. Interactive,Traveller's Tales,7.9,2.45,1.29,,0.94,0.22,2010-06-29,2018-12-01
Madden NFL 17,XOne,Sports,EA Sports,EA Tiburon,8.1,2.44,2.14,,0.04,0.26,2016-08-23,2018-04-01
Twisted Metal 2,PS,Racing,Sony Computer Entertainment,SingleTrac,8.7,2.44,2.12,,0.25,0.07,1996-10-31,
Tom Clancy's Rainbow Six: Vegas 2,X360,Shooter,Ubisoft,Ubisoft Montreal,8.2,2.42,1.56,0.02,0.61,0.23,2008-03-18,
Sonic Adventure,DC,Platform,Sega,Sonic Team,8.9,2.42,1.26,0.46,0.61,0.08,1999-09-09,
Need for Speed Carbon: Own the City,PSP,Racing,Electronic Arts,EA Black Box,7.4,2.42,0.87,,0.97,0.58,2006-10-31,
Halo: Combat Evolved Anniversary,X360,Shooter,Microsoft Studios,343 Industries,8.0,2.41,1.44,0.04,0.71,0.22,2011-11-15,
Kinect: Disneyland Adventures,X360,Action-Adventure,Microsoft Studios,Frontier Developments,8.5,2.41,1.73,0.02,0.43,0.23,2011-11-15,2018-09-29
Pro Evolution Soccer 2011,PS3,Sports,Konami,Konami,6.0,2.41,0.29,0.54,1.18,0.41,2010-10-05,
NBA 2K16,XOne,Sports,2K Sports,Visual Concepts,8.3,2.41,2.01,,0.15,0.25,2015-09-29,2018-03-28
ATV Offroad Fury,PS2,Racing,Sony Computer Entertainment,Rainbow Studios,8.4,2.41,2.07,,0.26,0.08,2001-02-05,
Midnight Club: Los Angeles,X360,Racing,Rockstar Games,Rockstar San Diego,8.0,2.4,1.72,0.01,0.45,0.22,2008-10-20,
Madden NFL 11,PS3,Sports,EA Sports,EA Tiburon,8.4,2.4,2.05,,0.15,0.2,2010-08-10,
Theme Hospital,PC,Strategy,Electronic Arts,Bullfrog Productions,5.5,2.4,2.3,,0.1,,1997-03-31,
Frogger's Adventures: Temple of the Frog,GBA,Adventure,Konami,Konami,6.7,2.39,2.15,,0.18,0.07,2001-10-24,
Dead Island,X360,Action,Deep Silver,Techland,7.0,2.38,1.48,,0.7,0.21,2011-09-06,
The Incredibles,PS2,Action,THQ,Heavy Iron Studios,5.9,2.37,0.96,0.04,1.08,0.3,2004-10-31,
Madden NFL 10,PS3,Sports,EA Sports,EA Tiburon,8.5,2.37,2.03,,0.13,0.21,2009-08-14,
Madden NFL 08,X360,Sports,EA Sports,EA Tiburon,8.7,2.37,2.18,,0.01,0.18,2007-08-14,
Sonic's Ultimate Genesis Collection,PS3,Misc,Sega,Backbone Entertainment,8.1,2.36,1.39,,0.64,0.33,2009-02-10,
LEGO Indiana Jones: The Original Adventures,Wii,Adventure,LucasArts,Traveller's Tales,7.8,2.35,1.51,,0.62,0.22,2008-06-03,
Dragon Age: Inquisition,PS4,Role-Playing,Electronic Arts,BioWare Edmonton,8.6,2.34,1.07,0.08,0.8,0.38,2014-11-18,2019-01-05
Kinect Sports: Season Two,X360,Sports,Microsoft Studios,Rare Ltd.,6.6,2.33,1.38,0.02,0.72,0.21,2011-10-25,
Madden NFL 25,X360,Sports,EA Sports,EA Tiburon,7.8,2.33,2.02,,0.07,0.25,2013-08-27,2018-01-06
Grand Theft Auto,PS,Action,Take-Two Interactive,DMA Design,6.0,2.32,0.79,0.04,1.35,0.14,1998-06-30,
My Fitness Coach,Wii,Sports,Ubisoft,Ubisoft,7.1,2.32,1.18,,0.9,0.24,2008-12-02,
Assassin's Creed IV: Black Flag,XOne,Action,Ubisoft,Ubisoft Montreal,8.3,2.32,1.51,,0.59,0.22,2013-11-22,2018-03-14
The Sims 3,X360,Simulation,Electronic Arts,The Sims Studio,8.0,2.31,1.28,0.0,0.82,0.2,2010-10-26,
LEGO Star Wars: The Complete Saga,PS3,Action,LucasArts,Traveller's Tales,8.0,2.31,1.02,,0.93,0.36,2007-11-06,
Dead Island,PS3,Action,Deep Silver,Techland,6.7,2.29,1.08,0.15,0.74,0.32,2011-09-06,
Tomb Raider II,PC,Adventure,Eidos Interactive,Core Design Ltd.,8.2,2.29,0.91,,1.25,0.13,1997-10-31,
LEGO Harry Potter: Years 1-4,DS,Adventure,Warner Bros. Interactive,Traveller's Tales,8.0,2.29,1.07,,1.0,0.22,2010-06-29,2018-12-01
Pro Evolution Soccer 2010,PS3,Sports,Konami,Konami,7.0,2.28,0.3,0.46,1.27,0.26,2009-11-03,
Need for Speed Underground 2,XB,Racing,Electronic Arts,EA Black Box,8.0,2.28,1.38,,0.8,0.1,2004-11-15,
Madden NFL 12,PS3,Sports,EA Sports,EA Tiburon,7.8,2.27,1.93,,0.15,0.18,2011-08-30,
No Man's Sky,PS4,Action-Adventure,Hello Games,Hello Games,6.8,2.26,0.89,0.04,0.97,0.37,2016-08-09,2018-04-04
Guitar Hero III: Legends of Rock,PS3,Misc,RedOctane,Neversoft,8.2,2.25,1.4,0.02,0.53,0.3,2007-10-28,
Call of Duty 3,Wii,Shooter,Activision,EXAKT Entertainment,6.8,2.24,1.17,,0.84,0.23,2006-11-14,
Prince of Persia: The Sands of Time,PS2,Adventure,Ubisoft,Ubisoft Montreal,9.0,2.22,0.88,,1.03,0.31,2003-11-06,
Star Wars: The Force Unleashed,PS3,Action,LucasArts,LucasArts,6.8,2.22,1.01,,0.86,0.35,2008-09-16,
Guitar Hero II,X360,Misc,RedOctane,Harmonix Music Systems,9.2,2.21,2.01,,0.02,0.17,2007-04-03,
Rock Band 2,X360,Misc,MTV Games,Harmonix Music Systems,9.2,2.2,1.78,,0.24,0.18,2008-09-14,
Need for Speed: Hot Pursuit,X360,Racing,Electronic Arts,Criterion Games,8.8,2.2,1.03,0.0,0.96,0.21,2010-11-16,
BioShock 2,X360,Shooter,2K Games,2K Marin,8.6,2.2,1.45,0.02,0.54,0.2,2010-02-09,
High School Musical: Makin' the Cut!,DS,Puzzle,Disney Interactive Studios,Artificial Mind and Movement,7.3,2.2,1.06,,0.9,0.23,2007-08-14,
FIFA 15,XOne,Sports,EA Sports,EA Canada,7.9,2.19,0.64,,1.39,0.16,2014-09-23,2018-03-23
Pro Evolution Soccer 2012,PS3,Sports,Konami,Konami,7.5,2.19,0.34,0.55,0.97,0.32,2011-09-27,
Star Wars: Knights of the Old Republic,XB,Role-Playing,LucasArts,BioWare Corp.,9.4,2.19,1.68,,0.44,0.08,2003-07-17,
Final Fantasy XIII,X360,Role-Playing,Square Enix,Square Enix,8.1,2.19,1.3,0.01,0.67,0.21,2010-03-09,
Need for Speed: Payback,PS4,Racing,Electronic Arts,Ghost Games,5.8,2.18,0.62,0.04,1.18,0.34,2017-11-10,2018-04-04
ATV Offroad Fury 2,PS2,Racing,Sony Computer Entertainment,Rainbow Studios,8.7,2.18,1.92,,0.2,0.06,2002-11-09,
Your Shape featuring Jenny McCarthy,Wii,Sports,Ubisoft,Ubisoft,6.0,2.16,1.5,,0.46,0.19,2009-11-24,
Call of Duty: Roads to Victory,PSP,Shooter,Activision,Amaze Entertainment,6.1,2.14,0.52,,1.03,0.59,2007-03-13,
SimCity 2000,PC,Simulation,Maxis,Maxis,8.0,2.14,1.2,,0.84,0.1,1993-01-01,
NBA 2K12,PS3,Sports,2K Sports,Visual Concepts,9.0,2.13,1.62,0.05,0.27,0.18,2011-10-04,
Borderlands,PS3,Shooter,2K Games,Gearbox Software,8.2,2.12,1.22,,0.61,0.29,2009-10-20,
Mortal Kombat (2011),X360,Fighting,Warner Bros. Interactive Entertainment,NetherRealm Studios,8.6,2.12,1.64,,0.31,0.17,2011-04-19,2018-01-06
Tony Hawk's Pro Skater,N64,Sports,Activision,Edge of Reality,9.3,2.11,1.68,,0.4,0.03,2000-02-29,
Need for Speed: Hot Pursuit 2,PS2,Racing,Electronic Arts,EA Seattle,8.7,2.11,1.68,0.02,0.31,0.09,2002-10-01,
PES 2009: Pro Evolution Soccer,PS3,Sports,Konami,Konami,7.7,2.11,0.11,0.4,1.34,0.26,2008-11-11,
NBA 2K11,X360,Sports,2K Sports,Visual Concepts,8.8,2.11,1.86,0.01,0.12,0.13,2010-10-05,
Grand Theft Auto: Episodes from Liberty City,PS3,Adventure,Rockstar Games,Rockstar North,9.0,2.09,0.62,0.13,0.99,0.34,2010-04-13,
Need for Speed: Most Wanted 5-1-0,PSP,Racing,Electronic Arts,EA Black Box,7.4,2.09,1.77,0.02,0.13,0.17,2005-11-15,
Metal Gear Solid: Peace Walker,PSP,Action,Konami,Kojima Productions,8.6,2.08,0.46,0.96,0.42,0.25,2010-06-08,
Rock Band,Wii,Misc,MTV Games,Harmonix Music Systems,8.2,2.08,1.33,,0.56,0.2,2008-06-22,
Sim Theme Park,PC,Strategy,Electronic Arts,Bullfrog Productions,8.1,2.08,2.04,,0.04,,1999-10-31,
Portal 2,X360,Shooter,Valve,Valve Software,9.6,2.08,1.41,0.01,0.49,0.17,2011-04-19,
UFC 2009 Undisputed,X360,Fighting,THQ,Yuke's Osaka,8.4,2.07,1.48,0.0,0.39,0.19,2009-05-19,
The Sims 2: Pets,DS,Simulation,Electronic Arts,Maxis,4.8,2.07,0.92,,0.93,0.22,2006-10-31,
Call of Duty 2,X360,Shooter,Activision,Infinity Ward,8.8,2.06,1.84,0.01,0.04,0.16,2005-11-17,
R4: Ridge Racer Type 4,PS,Racing,Namco,Namco,9.1,2.06,0.68,0.79,0.46,0.13,1999-05-04,
The Incredibles,GBA,Action,THQ,Helixe,5.4,2.06,1.15,0.04,0.77,0.1,2004-10-31,
Tom Clancy's Splinter Cell: Conviction,X360,Action,Ubisoft,Ubisoft Montreal,8.6,2.06,1.2,0.04,0.62,0.19,2010-04-13,
Need for Speed: Undercover,PS3,Racing,Electronic Arts,EA Vancouver,5.9,2.06,0.63,0.05,1.01,0.38,2008-11-17,
Dark Souls,PS3,Role-Playing,Namco Bandai,From Software,9.0,2.05,0.75,0.54,0.53,0.22,2011-10-04,
Mortal Kombat vs DC Universe,PS3,Fighting,Midway Games,Midway Amusement Games,7.6,2.05,1.52,,0.29,0.25,2008-11-16,
Need for Speed: ProStreet,X360,Racing,Electronic Arts,EA Black Box,7.1,2.05,1.04,0.01,0.79,0.21,2007-11-15,
Dragon Quest XI: Echoes of an Elusive Age,PS4,Role-Playing,Square Enix,Square Enix,9.5,2.04,0.29,1.43,0.22,0.1,2018-09-04,2018-09-11
PGR4 - Project Gotham Racing 4,X360,Racing,Microsoft Game Studios,Bizarre Creations,8.6,2.04,0.48,0.02,1.28,0.25,2007-10-02,
Need for Speed: ProStreet,PS3,Racing,Electronic Arts,EA Black Box,7.2,2.04,0.73,0.04,0.91,0.36,2007-11-13,
NBA 2K17,XOne,Sports,2K Sports,Visual Concepts,8.8,2.04,1.7,,0.12,0.21,2016-09-16,2018-03-28
Dance Central 2,X360,Music,Microsoft,Harmonix Music Systems,8.6,2.04,1.45,0.01,0.41,0.16,2011-10-25,2018-08-10
Madden NFL 25,PS3,Sports,Electronic Arts,EA Tiburon,7.5,2.04,1.62,,0.03,0.38,2013-08-27,2018-01-06
Rayman Raving Rabbids: TV Party,Wii,Misc,Ubisoft,Ubisoft Paris,7.1,2.03,0.72,,1.08,0.23,2008-11-18,
The Sims 3,PS3,Simulation,Electronic Arts,The Sims Studio,8.1,2.03,0.73,0.02,0.96,0.31,2010-10-26,
NBA 2K18,XOne,Sports,2K Sports,Visual Concepts,7.7,2.02,1.67,,0.14,0.21,2017-09-19,2018-04-02
Rocket League,PS4,Sports,505 Games,Psyonix Studios,8.7,2.02,0.37,,1.34,0.31,2016-07-05,2018-04-04
Just Dance 3,X360,Misc,Ubisoft,Ubisoft Paris,5.5,2.02,1.47,,0.39,0.16,2011-10-07,
Need for Speed: The Run,PS3,Racing,Electronic Arts,EA Black Box,6.3,2.01,0.58,0.03,1.05,0.35,2011-11-15,
TouchMaster,DS,Puzzle,Midway Games,Midway Studios San Diego,6.9,2.0,0.48,,1.27,0.24,2007-06-25,
Dead Space,PS3,Shooter,Electronic Arts,EA Redwood Shores,8.9,2.0,1.05,,0.66,0.29,2008-10-13,
Tenchu: Stealth Assassins,PS,Action,Activision,Acquire,8.8,1.99,0.95,0.27,0.64,0.13,1998-08-31,
Harry Potter and the Chamber of Secrets,GBA,Adventure,Electronic Arts,Eurocom Entertainment Software,7.2,1.99,1.21,0.05,0.64,0.09,2002-11-14,
Mortal Kombat vs DC Universe,X360,Fighting,Midway Games,Midway Amusement Games,7.6,1.99,1.58,,0.23,0.18,2008-11-16,
Just Cause 3,PS4,Action-Adventure,Square Enix,Avalanche Studios,7.5,1.98,0.53,0.09,1.07,0.3,2015-12-01,2018-04-04
Hot Shots Golf: Open Tee,PSP,Sports,Sony Computer Entertainment,Clap Hanz,8.4,1.96,0.5,0.63,0.5,0.33,2005-05-03,
Tom Clancy's Rainbow Six: Vegas,X360,Shooter,Ubisoft,Ubisoft Montreal,8.8,1.95,1.09,0.02,0.65,0.2,2006-11-20,
Grand Theft Auto: San Andreas,XB,Action,Rockstar Games,Rockstar North,9.2,1.95,1.26,,0.61,0.09,2005-06-07,
Burnout Paradise,PS3,Racing,Electronic Arts,Criterion Games,9.0,1.95,1.01,0.02,0.63,0.28,2008-01-22,
Call of Duty: World at War,Wii,Shooter,Activision,EXAKT Entertainment,8.1,1.94,1.17,,0.58,0.18,2008-11-10,
FIFA Soccer 09,X360,Sports,Electronic Arts,EA Canada,8.7,1.94,0.49,0.01,1.26,0.18,2008-10-14,
X-Men Legends,PS2,Role-Playing,Activision,Raven Software,8.6,1.93,1.0,,0.72,0.21,2004-09-21,
The Legend of Zelda: Oracle of Ages,GBC,Adventure,Nintendo,Flagship,9.4,1.92,0.92,0.41,0.53,0.06,2001-05-13,2018-01-06
Guitar Hero: World Tour,PS3,Misc,Activision,Neversoft Entertainment,8.5,1.92,1.1,,0.55,0.27,2008-10-26,
Red Faction,PS2,Shooter,THQ,Volition Inc.,9.1,1.92,0.76,,0.96,0.2,2001-05-21,
Madden NFL 18,XOne,Sports,EA Sports,EA Tiburon,8.8,1.91,1.63,,0.07,0.2,2017-08-25,2018-04-03
Need for Speed: Shift,X360,Racing,Electronic Arts,Slightly Mad Studios,8.2,1.91,0.73,0.01,0.96,0.22,2009-09-15,
Star Wars Rogue Leader: Rogue Squadron II,GC,Simulation,LucasArts,Factor 5,9.2,1.9,1.03,0.03,0.75,0.09,2001-11-09,
Tomb Raider (2013),X360,Action,Square Enix,Crystal Dynamics,8.5,1.9,0.86,0.01,0.87,0.16,2013-03-05,2018-01-06
Madden NFL 09,PS3,Sports,EA Sports,EA Tiburon,8.6,1.89,1.56,0.0,0.15,0.18,2008-08-12,
Minecraft,NS,Sandbox,Mojang,4J Studios,9.2,1.89,0.69,0.52,0.56,0.12,2018-06-21,2019-01-26
Mortal Kombat: Deception,PS2,Fighting,Midway Games,Midway Games,7.4,1.88,0.92,,0.72,0.24,2004-10-04,
FIFA 2000,PS,Sports,EA Sports,EA Canada,8.8,1.87,0.22,0.04,1.47,0.14,1999-10-09,
inFAMOUS 2,PS3,Action,Sony Computer Entertainment,Sucker Punch Productions,8.1,1.87,1.05,0.08,0.48,0.26,2011-06-07,
SingStar,PS2,Misc,Sony Computer Entertainment,SCEE London Studio,8.0,1.86,,,1.37,0.49,2004-05-21,
The Legend of Dragoon,PS,Role-Playing,Sony Computer Entertainment,SCEI,7.8,1.86,0.94,0.39,0.44,0.1,2000-06-11,
Sonic Classic Collection,DS,Platform,Sega,Sonic Team,7.5,1.86,0.94,,0.74,0.18,2010-03-02,
The Legend of Zelda: Oracle of Seasons,GBC,Adventure,Nintendo,Flagship,9.3,1.86,0.87,0.41,0.52,0.06,2001-05-13,2018-01-06
The Evil Within,PS4,Action,Bethesda Softworks,Tango Gameworks,7.7,1.86,0.56,0.11,0.9,0.28,2014-10-14,2018-03-13
Shrek 2,PS2,Platform,Activision,"Luxoflux, Inc.",6.9,1.86,1.12,0.03,0.69,0.02,2004-04-28,
Star Wars: The Force Unleashed,Wii,Action,LucasArts,Krome Studios,6.8,1.86,1.11,0.0,0.56,0.19,2008-09-16,
Forza Horizon 4,XOne,Racing,Microsoft Studios,Playground Games,9.2,1.84,0.74,0.01,0.95,0.15,2018-10-02,2018-10-01
Rayman Raving Rabbids 2,Wii,Misc,Ubisoft,Ubisoft Paris,6.6,1.84,0.82,,0.82,0.2,2007-11-15,
The Elder Scrolls V: Skyrim Special Edition,XOne,Role-Playing,Bethesda Softworks,Bethesda Softworks,8.1,1.83,1.13,,0.53,0.17,2016-10-28,2018-04-01
BioShock Infinite,PS3,Shooter,2K Games,Irrational Games,9.5,1.82,0.74,0.04,0.74,0.3,2013-03-26,2018-01-09
The Orange Box,X360,Shooter,Electronic Arts,Valve Software,9.7,1.82,1.09,0.02,0.53,0.17,2007-10-10,
Crazy Taxi,DC,Racing,Sega,Hitmaker,9.3,1.81,1.1,0.12,0.51,0.08,2000-01-24,
LEGO Star Wars III: The Clone Wars,Wii,Action,LucasArts,Traveller's Tales,7.5,1.79,1.01,,0.62,0.15,2011-03-22,
Far Cry 5,XOne,Action,Ubisoft,Ubisoft Montreal,7.2,1.78,1.14,,0.47,0.17,2018-03-27,2018-02-28
State of Emergency,PS2,Action,Rockstar Games,VIS Entertainment,8.0,1.76,0.86,,0.67,0.22,2002-02-12,
UFC 2009 Undisputed,PS3,Fighting,THQ,Yuke's Osaka,8.4,1.76,1.07,0.01,0.45,0.24,2009-05-19,
The SpongeBob SquarePants Movie,PS2,Platform,THQ,Heavy Iron Studios,6.6,1.76,1.06,,0.54,0.16,2004-10-27,
High School Musical: Sing It!,Wii,Misc,Disney Interactive Studios,Artificial Mind and Movement,6.4,1.76,1.15,,0.45,0.16,2007-10-30,
Just Cause 2,PS3,Action,Square Enix,Avalanche Studios,8.3,1.75,0.45,0.06,0.92,0.32,2010-03-23,
FIFA Soccer 08,PS3,Sports,EA Sports,EA Canada,8.5,1.75,0.35,0.02,1.07,0.31,2007-10-09,
Crash Bandicoot: The Huge Adventure,GBA,Platform,Vivendi Games,Vicarious Visions,8.3,1.73,0.95,,0.7,0.08,2002-02-25,
Twisted Metal III,PS,Action,989 Studios,989 Studios,4.4,1.73,1.48,,0.2,0.05,1998-10-31,
SSX Tricky,PS2,Sports,EA Sports BIG,EA Canada,9.2,1.73,0.85,,0.66,0.22,2001-11-05,
Call of Duty: World at War Final Fronts,PS2,Shooter,Activision,Rebellion Developments,6.8,1.72,0.61,,0.18,0.94,2008-11-10,
Rockstar Games Double Pack: Grand Theft Auto III & Grand Theft Auto Vice City,PS2,Action,Rockstar Games,Rockstar North,9.7,1.72,0.85,,0.66,0.22,2003-10-21,
Titanfall 2,PS4,Shooter,Electronic Arts,Respawn Entertainment,8.9,1.72,0.75,0.06,0.62,0.28,2016-10-28,2018-06-29
The Beatles: Rock Band,Wii,Misc,MTV Games,Harmonix Music Systems,9.0,1.71,1.17,,0.39,0.15,2009-09-09,
Portal 2,PS3,Shooter,Valve,Valve Software,9.6,1.71,0.83,0.02,0.62,0.24,2011-04-19,
Call of Duty: Modern Warfare 3,PC,Shooter,Activision,Infinity Ward,8.0,1.71,0.41,,0.99,0.31,2011-11-08,
Call of Duty Black Ops: Declassified,PSV,Shooter,Activision,Nihilistic,3.2,1.71,0.74,0.07,0.52,0.38,2012-11-13,2018-09-24
Cabela's Big Game Hunter 2010,Wii,Sports,Activision,Cauldron,5.5,1.7,1.58,,,0.12,2009-09-29,
NCAA Football 07,PS2,Sports,Electronic Arts,EA Sports,8.9,1.7,1.41,,0.05,0.23,2006-07-18,
The Sims 3: Late Night Expansion Pack,PC,Simulation,Electronic Arts,The Sims Studio,7.5,1.69,0.59,,0.88,0.22,2010-10-26,
Harry Potter and the Sorcerer's Stone,GBA,Action,Electronic Arts,Griptonite Games,6.6,1.69,0.87,0.08,0.66,0.08,2001-11-15,
Dragon Ball Z: The Legacy of Goku,GBA,Role-Playing,Infogrames,Webfoot Technologies,6.5,1.69,1.52,,0.12,0.05,2002-05-14,
Need for Speed: Undercover,X360,Racing,Electronic Arts,EA Vancouver,6.3,1.69,0.8,0.01,0.7,0.18,2008-11-17,
Star Wars Battlefront: Renegade Squadron,PSP,Shooter,LucasArts,Rebellion Developments,7.5,1.68,0.9,,0.47,0.32,2007-10-09,
Time Crisis,PS,Shooter,Namco,Namco,8.5,1.68,0.38,0.33,0.87,0.1,1997-10-31,
Far Cry 4,XOne,Shooter,Ubisoft,Ubisoft Montreal,8.5,1.68,0.85,0.02,0.68,0.14,2014-11-18,2018-01-23
Saints Row 2,PS3,Action,THQ,Volition Inc.,7.9,1.68,0.88,0.02,0.54,0.24,2008-10-14,2018-04-02
Dragon Age: Origins,PS3,Role-Playing,Electronic Arts,BioWare Edmonton,8.7,1.67,0.96,0.08,0.42,0.21,2009-11-03,
SpongeBob SquarePants: Battle for Bikini Bottom,PS2,Platform,THQ,Heavy Iron Studios,5.8,1.67,1.08,,0.45,0.14,2003-10-31,
NCAA Football 2004,PS2,Sports,Electronic Arts,EA Tiburon,8.1,1.67,1.35,,0.09,0.23,2003-07-16,
PGR: Project Gotham Racing 2,XB,Racing,Microsoft Game Studios,Bizarre Creations,8.9,1.67,0.97,0.04,0.59,0.07,2003-11-17,
Shaun White Snowboarding: Road Trip,Wii,Sports,Ubisoft,Ubisoft Montreal,7.8,1.66,0.93,,0.56,0.16,2008-11-16,
Need for Speed Carbon,X360,Racing,Electronic Arts,EA Black Box,7.9,1.65,0.76,0.02,0.69,0.18,2006-10-31,
MySims,Wii,Simulation,Electronic Arts,EA Redwood Shores,7.1,1.65,0.9,0.04,0.54,0.17,2007-09-18,
Army of Two,X360,Shooter,Electronic Arts,EA Montreal,6.7,1.64,1.09,0.02,0.37,0.16,2008-03-07,2018-02-03
Ape Escape,PS,Platform,Sony Computer Entertainment,SCE Japan Studio,9.3,1.63,0.71,0.32,0.48,0.11,1999-05-31,2018-09-16
Uncharted: Golden Abyss,PSV,Action,Sony Computer Entertainment,SCEA Bend Studio / Naughty Dog,7.9,1.62,0.53,0.13,0.71,0.25,2012-02-15,
The Order: 1886,PS4,Shooter,Sony Computer Entertainment,Ready at Dawn,6.2,1.62,0.44,0.07,0.86,0.25,2015-02-20,2018-01-02
Call of Duty: Black Ops,PC,Shooter,Activision,Treyarch,8.5,1.62,0.58,,0.82,0.23,2010-11-09,
Rock Band,PS3,Misc,MTV Games,Harmonix Music Systems,9.1,1.62,0.99,,0.41,0.22,2007-11-20,
Kinectimals,X360,Simulation,Microsoft Game Studios,Frontier Studio,7.5,1.62,1.02,0.0,0.46,0.14,2010-11-04,
Tom Clancy's Ghost Recon Wildlands,XOne,Shooter,Ubisoft,Ubisoft Paris,7.7,1.61,0.98,,0.48,0.15,2017-03-07,2018-04-01
Rage,X360,Shooter,Bethesda Softworks,id Software,7.9,1.6,0.82,0.03,0.6,0.15,2011-10-04,
Just Cause 2,X360,Action,Square Enix,Avalanche Studios,8.0,1.6,0.59,0.02,0.83,0.17,2010-03-23,
Pro Evolution Soccer 2008,PS3,Sports,Konami,Konami,7.1,1.59,0.04,0.32,1.1,0.13,2008-03-12,
Soul Blade,PS,Fighting,Namco,Namco,8.6,1.59,0.61,0.46,0.41,0.1,1997-01-01,
LEGO Harry Potter: Years 1-4,X360,Adventure,Warner Bros. Interactive,Traveller's Tales,7.9,1.59,0.95,,0.5,0.14,2010-06-29,2018-12-01
Far Cry 2,X360,Shooter,Ubisoft,Ubisoft Montreal,8.5,1.59,0.72,0.02,0.69,0.18,2008-10-21,
Sonic Generations,PS3,Platform,Sega,Sonic Team,7.3,1.59,0.6,0.02,0.72,0.25,2011-11-01,
FIFA 16,X360,Sports,EA Sports,EA Canada,9.0,1.59,0.59,,0.88,0.12,2015-09-22,2018-04-01
Devil May Cry 4,PS3,Action,Capcom,Capcom,8.2,1.58,0.58,0.34,0.45,0.2,2008-02-05,
LEGO Pirates of the Caribbean: The Video Game,Wii,Action,Disney Interactive Studios,Traveller's Tales,7.5,1.57,0.73,,0.69,0.15,2011-05-10,
Pro Evolution Soccer 2010,PS2,Sports,Konami,Konami,7.2,1.57,0.1,0.12,0.18,1.16,2009-11-10,
Twisted Metal,PS,Action,Sony Computer Entertainment,SingleTrac,7.0,1.56,1.32,,0.19,0.05,1995-11-05,
Mortal Kombat,PS3,Fighting,Warner Bros. Interactive,NetherRealm Studios,8.4,1.56,1.06,,0.31,0.19,2011-04-19,
Mafia II,X360,Action,2K Games,Illusion Softworks,7.2,1.56,0.85,,0.55,0.15,2010-08-24,
007: The World is Not Enough,N64,Shooter,Electronic Arts,Eurocom Entertainment Software,7.4,1.55,1.13,0.02,0.38,0.03,2000-10-17,
Guitar Hero 5,Wii,Misc,Activision,Vicarious Visions,8.9,1.55,0.92,,0.48,0.15,2009-09-01,
BioShock 2,PS3,Shooter,2K Games,2K Marin,8.5,1.55,0.85,0.02,0.46,0.22,2010-02-09,
Need for Speed: Most Wanted (2012),X360,Racing,Electronic Arts,Criterion Games,8.5,1.54,0.62,0.01,0.79,0.12,2012-10-30,2018-12-19
Die Hard Trilogy,PS,Shooter,Fox Interactive,Probe Entertainment Limited,8.5,1.54,0.85,,0.58,0.1,1996-08-31,
Dark Cloud,PS2,Role-Playing,Sony Computer Entertainment,Level 5,8.2,1.54,0.83,0.08,0.44,0.19,2001-05-28,
Go Vacation,Wii,Misc,Namco Bandai,Namco Bandai Games,7.0,1.54,0.42,0.33,0.66,0.13,2011-10-11,
Fight Night Round 4,PS3,Fighting,EA Sports,EA Canada,8.6,1.52,0.92,,0.4,0.2,2009-06-23,
Sonic Rivals 2,PSP,Racing,Sega,Backbone Entertainment,6.4,1.52,0.44,,0.7,0.37,2007-11-13,
Forza Motorsport 7,XOne,Racing,Microsoft Studios,Turn 10 Studios,8.9,1.52,0.58,0.01,0.81,0.12,2017-10-03,2018-01-12
Dead Space 2,X360,Shooter,Electronic Arts,Visceral Games,9.1,1.52,0.94,,0.44,0.13,2011-01-25,
Call of Duty 3,PS3,Shooter,Activision,Treyarch,7.7,1.51,0.6,0.03,0.63,0.26,2006-11-15,
Call of Duty: Modern Warfare: Reflex Edition,Wii,Shooter,Activision,Treyarch,7.2,1.51,0.94,,0.43,0.14,2009-11-10,
Star Wars: The Force Unleashed II,PS3,Action,LucasArts,LucasArts,6.3,1.51,0.8,,0.5,0.21,2010-10-26,
Rock Band 2,PS3,Misc,MTV Games,Harmonix Music Systems,8.9,1.5,1.13,,0.2,0.16,2008-10-19,
Football Manager 2012,PC,Sports,Sega,Sega,8.5,1.5,0.02,,1.16,0.32,2011-10-21,
WWF No Mercy,N64,Fighting,THQ,Aki Corp.,9.1,1.5,1.2,0.02,0.27,0.02,2000-11-17,
SoulCalibur II,GC,Fighting,Namco,Namco,9.2,1.5,0.99,0.11,0.32,0.08,2003-08-27,
Red Faction II,PS2,Shooter,THQ,Volition Inc.,8.6,1.5,0.49,,0.78,0.23,2002-10-15,
NFL Blitz,PS,Sports,Midway Games,Midway Games,9.1,1.5,1.41,,0.05,0.04,1998-09-12,
Metal Gear Rising: Revengeance,PS3,Action,Konami Digital Entertainment,PlatinumGames,9.0,1.5,0.47,0.44,0.41,0.18,2013-02-19,2018-01-12
Dead Rising 2,X360,Action,Capcom,Blue Castle Games,8.2,1.49,0.75,0.09,0.53,0.13,2010-09-28,
Mafia II,PS3,Action,2K Games,Illusion Softworks,7.0,1.49,0.5,0.04,0.7,0.25,2010-08-24,
LEGO Battles: Ninjago,DS,Strategy,Warner Bros. Interactive,Hellbent Games,5.0,1.48,1.03,,0.33,0.12,2011-04-12,
LEGO Star Wars III: The Clone Wars,X360,Action,LucasArts,Traveller's Tales,7.9,1.48,0.84,,0.51,0.13,2011-03-22,
Disney Sing It: Pop Hits,Wii,Misc,Disney Interactive Studios,Zoe Mode,6.8,1.48,1.07,,0.28,0.12,2009-10-06,
007: Quantum of Solace,X360,Shooter,Activision,Treyarch,6.6,1.48,0.82,0.01,0.51,0.14,2008-11-04,
Tom Clancy's Splinter Cell: Pandora Tomorrow,XB,Action,Ubisoft,Ubisoft Shanghai,9.2,1.48,0.82,,0.59,0.07,2004-03-23,
Sonic's Ultimate Genesis Collection,X360,Misc,Sega,Backbone Entertainment,8.1,1.48,0.9,,0.44,0.14,2009-02-10,
Fight Night Round 3,X360,Fighting,EA Sports,EA Chicago,8.6,1.47,1.33,0.01,0.03,0.1,2006-02-20,
Minecraft,WiiU,Misc,Mojang,4J Studios,5.5,1.47,0.5,0.38,0.49,0.09,2016-06-17,2018-08-05
Super Scribblenauts,DS,Puzzle,Warner Bros. Interactive,5TH Cell,7.9,1.47,1.06,,0.3,0.11,2010-10-12,
Battlefield: Bad Company,X360,Shooter,Electronic Arts,EA Digital Illusions CE,8.6,1.46,0.81,0.04,0.46,0.15,2008-06-23,
Mass Effect 3,PS3,Role-Playing,Electronic Arts,BioWare,8.9,1.46,0.65,0.03,0.58,0.2,2012-03-06,
Mass Effect 2,PS3,Role-Playing,Electronic Arts,BioWare Edmonton,9.3,1.46,0.78,0.03,0.46,0.18,2011-01-18,
Homefront,X360,Shooter,THQ,Kaos Studios,6.7,1.46,0.83,0.02,0.48,0.12,2011-03-15,
Super Monkey Ball,GC,Puzzle,Sega,Amusement Vision,9.0,1.46,0.95,0.1,0.37,0.04,2001-11-17,
The House of the Dead 2 & 3 Return,Wii,Shooter,Sega,Sega,6.5,1.45,0.77,0.03,0.5,0.15,2008-03-11,
Sonic & SEGA All-Stars Racing,Wii,Racing,Sega,Sumo Digital,7.9,1.45,0.61,,0.69,0.15,2010-02-23,
Sega Genesis Collection,PSP,Misc,Sega,Sega,8.3,1.45,0.53,,0.58,0.34,2006-11-16,
Sonic Rivals,PSP,Racing,Sega,Backbone Entertainment,7.0,1.44,0.73,,0.43,0.28,2006-11-16,
Star Wars: The Force Unleashed II,X360,Action,LucasArts,LucasArts,6.3,1.44,0.95,,0.37,0.12,2010-10-26,
BioShock,PS3,Shooter,2K Games,2K Boston / 2K Australia / 2K Marin,9.3,1.44,0.75,0.01,0.48,0.21,2008-10-21,
Kinect Joy Ride,X360,Racing,Microsoft Game Studios,Big Park,5.6,1.43,0.92,0.0,0.39,0.12,2010-11-04,
Dead Space 2,PS3,Shooter,Electronic Arts,Visceral Games,9.0,1.43,0.73,,0.49,0.21,2011-01-25,
WWE SmackDown vs Raw 2008,X360,Fighting,THQ,Yuke's Media Creations,7.3,1.43,0.92,0.0,0.38,0.13,2007-11-13,
Smarty Pants,Wii,Misc,Electronic Arts,EA Los Angeles,6.5,1.43,0.52,,0.75,0.16,2007-11-13,
UFC Undisputed 2010,PS3,Fighting,THQ,Yuke's Future Media Creators,8.4,1.42,0.8,0.02,0.4,0.19,2010-05-25,
Rayman Raving Rabbids,Wii,Misc,Ubisoft,Ubisoft Montpellier,7.5,1.42,1.22,0.02,0.07,0.11,2006-11-14,
LEGO Star Wars II: The Original Trilogy,PSP,Action,LucasArts,Traveller's Tales,8.4,1.41,0.58,,0.51,0.32,2006-09-12,
LEGO Indiana Jones 2: The Adventure Continues,Wii,Adventure,LucasArts,Traveller's Tales,7.5,1.41,0.9,,0.38,0.13,2009-11-17,
LEGO Star Wars: The Video Game,GC,Action,Eidos Interactive,Traveller's Tales,7.9,1.41,1.09,,0.28,0.04,2005-10-25,
Twisted Metal: Black,PS2,Racing,Sony Computer Entertainment,Incognito Inc.,8.9,1.41,1.19,,0.17,0.05,2001-06-18,
2Xtreme,PS,Sports,Sony Computer Entertainment,SCEA,8.3,1.4,1.15,,0.2,0.05,1996-10-31,
Spider-Man: The Movie,XB,Action,Activision,Treyarch,7.7,1.4,1.07,,0.28,0.05,2002-04-15,
Anno 2070,PC,Strategy,Ubisoft,Blue Byte Studio,8.7,1.4,,,1.14,0.26,2011-11-17,
Fight Night Round 4,X360,Fighting,EA Sports,EA Canada,8.7,1.4,0.95,,0.33,0.13,2009-06-23,
Dead Space,X360,Shooter,Electronic Arts,EA Redwood Shores,8.9,1.4,0.89,,0.39,0.13,2008-10-13,
Sonic Generations,X360,Platform,Sega,Sonic Team,7.7,1.39,0.71,0.0,0.54,0.13,2011-11-01,
Bakugan: Battle Brawlers,DS,Action,Activision,MTO,6.4,1.38,1.26,,0.02,0.1,2009-10-20,
Rocket League,XOne,Sports,505 Games,Psyonix Studios,8.0,1.38,0.52,,0.75,0.11,2016-07-05,2018-04-04
The Sims 2,PSP,Simulation,Electronic Arts,Maxis,6.2,1.38,0.49,,0.56,0.33,2005-12-07,
Deus Ex: Human Revolution,X360,Shooter,Square Enix,Eidos Montreal,8.8,1.38,0.77,0.02,0.47,0.12,2011-08-23,
Far Cry 2,PS3,Shooter,Ubisoft,Ubisoft Montreal,8.4,1.38,0.43,0.01,0.69,0.26,2008-10-21,
Deus Ex: Human Revolution,PS3,Shooter,Square Enix,Eidos Montreal,8.8,1.38,0.5,0.07,0.6,0.22,2011-08-23,
Dead Rising 2,PS3,Action,Capcom,Blue Castle Games,8.1,1.37,0.43,0.15,0.57,0.22,2010-09-28,
LEGO Harry Potter: Years 1-4,PS3,Adventure,Warner Bros. Interactive,Traveller's Tales,7.9,1.37,0.55,,0.61,0.21,2010-06-29,2018-12-01
Call of Duty: Black Ops,Wii,Shooter,Activision,Treyarch,7.5,1.37,0.8,,0.46,0.12,2010-11-09,
Crysis 2,X360,Shooter,Electronic Arts,Crytek,8.7,1.37,0.73,0.02,0.5,0.13,2011-03-22,
Need for Speed: The Run,X360,Racing,Electronic Arts,EA Black Box,5.5,1.37,0.63,0.0,0.57,0.16,2011-11-15,
A Collection of Activision Classic Games for the Atari 2600,PS,Misc,Activision,"Livesay Technologies, Inc.",3.8,1.37,0.76,,0.52,0.09,1998-09-23,
Metroid: Other M,Wii,Action,Nintendo,Nintendo SPD Production Group 1/Team Ninja,7.7,1.36,0.85,0.13,0.28,0.1,2010-08-31,
Crash Bandicoot 2: N-Tranced,GBA,Platform,Vivendi Games,Vicarious Visions,7.5,1.36,0.63,,0.66,0.07,2003-01-07,
GoldenEye 007,Wii,Shooter,Activision,Eurocom Entertainment Software,8.0,1.36,0.76,0.0,0.6,,2010-11-02,
Marvel vs. Capcom 3: Fate of Two Worlds,PS3,Fighting,Capcom,Capcom,8.2,1.36,0.81,0.11,0.28,0.15,2011-02-15,
Wolfenstein II: The New Colossus,PS4,Shooter,Bethesda Softworks,MachineGames,9.0,1.36,0.55,0.01,0.58,0.22,2017-10-27,2018-05-10
Hasbro Family Game Night 2,Wii,Misc,Electronic Arts,EA Bright Light,6.4,1.36,0.7,,0.52,0.13,2009-10-27,
Gardening Mama,DS,Puzzle,Majesco,Taito Corporation,6.6,1.36,0.79,0.01,0.42,0.13,2009-03-31,
FIFA Soccer 08,PSP,Sports,EA Sports,EA Canada,7.9,1.35,0.2,,0.76,0.39,2007-10-08,
FIFA Soccer 09,PSP,Sports,EA Sports,EA Canada,8.1,1.35,0.23,0.02,0.73,0.37,2008-10-14,
Burnout Paradise,X360,Racing,Electronic Arts,Criterion,8.9,1.35,0.63,0.01,0.57,0.14,2008-01-22,
Battlefield: Bad Company,PS3,Shooter,Electronic Arts,EA Digital Illusions CE,8.6,1.34,0.76,0.05,0.36,0.17,2008-06-23,
F1 2010,PS3,Racing,Codemasters,Codemasters Birmingham,8.4,1.34,0.25,0.08,0.75,0.26,2010-09-21,
Max Payne 2: The Fall of Max Payne,PS2,Shooter,Rockstar Games,Remedy Entertainment,6.8,1.34,0.65,,0.51,0.17,2003-12-02,
Donkey Kong Jungle Beat,GC,Platform,Nintendo,Nintendo EAD Tokyo,7.9,1.34,0.84,0.24,0.22,0.04,2005-03-14,
The ICO & Shadow of the Colossus Collection,PS3,Adventure,Sony Computer Entertainment,Bluepoint Games,9.0,1.34,0.67,0.13,0.36,0.18,2011-09-27,
Need for Speed Carbon,PS2,Racing,Electronic Arts,EA Black Box,7.7,1.34,1.22,0.05,0.05,0.01,2006-10-31,
Command & Conquer: Red Alert 2,PC,Strategy,Electronic Arts,Westwood Studios,8.9,1.34,1.32,,0.02,,2000-10-21,
Tom Clancy's Rainbow Six: Vegas 2,PS3,Shooter,Ubisoft,Ubisoft Montreal,8.2,1.34,0.66,0.04,0.45,0.2,2008-03-19,
Devil May Cry 4,X360,Action,Capcom,Capcom,8.5,1.34,0.79,0.08,0.34,0.13,2008-02-05,
WWE SmackDown vs Raw 2008,PS3,Fighting,THQ,Yuke's Media Creations,7.3,1.33,0.62,0.01,0.5,0.2,2007-11-13,
Alan Wake,X360,Action,Microsoft Game Studios,Remedy Entertainment,8.3,1.33,0.66,0.05,0.5,0.12,2010-05-18,
Crysis 2,PS3,Shooter,Electronic Arts,Crytek,8.8,1.33,0.48,0.06,0.57,0.22,2011-03-22,
Grand Theft Auto: Chinatown Wars,DS,Adventure,Rockstar Games,Rockstar Leeds/North,9.5,1.33,0.58,0.05,0.56,0.14,2009-03-17,
Spider-Man: The Movie,GBA,Platform,Activision,Digital Eclipse,7.9,1.33,0.92,0.01,0.35,0.05,2002-04-16,
Tony Hawk's Pro Skater,GB,Sports,Activision,Natsume,7.1,1.33,0.9,0.01,0.38,0.05,2000-02-29,
Fallout 76,PS4,Role-Playing,Bethesda Softworks,Bethesda Game Studios,5.1,1.32,0.52,0.1,0.49,0.2,2018-11-14,2018-12-02
Rage,PS3,Shooter,Bethesda Softworks,id Software,7.9,1.32,0.47,0.06,0.59,0.2,2011-10-04,
MAG: Massive Action Game,PS3,Shooter,Sony Computer Entertainment,Zipper Interactive,7.4,1.32,0.77,0.09,0.3,0.16,2010-01-26,
UFC Undisputed 2010,X360,Fighting,THQ,Yuke's Future Media Creators,8.6,1.32,0.9,0.0,0.31,0.11,2010-05-25,
Need for Speed Underground Rivals,PSP,Racing,Electronic Arts,Team Fusion,7.6,1.32,0.69,0.02,0.38,0.24,2005-03-14,
Madagascar,PS2,Platform,Activision,Toys for Bob,6.4,1.31,0.78,,0.45,0.07,2005-05-23,
The Beatles: Rock Band,X360,Misc,MTV Games,Harmonix Music Systems,8.9,1.31,0.97,,0.23,0.11,2009-09-09,
[Prototype],X360,Action,Activision,Radical Entertainment,7.9,1.31,0.84,,0.35,0.12,2009-06-09,
LEGO Batman: The Videogame,PS3,Adventure,Warner Bros. Interactive,Traveller's Tales,7.2,1.31,0.72,,0.39,0.19,2008-09-23,
Burnout 3: Takedown,XB,Racing,Electronic Arts,Criterion Games,9.3,1.31,0.84,,0.43,0.04,2004-09-07,
LEGO Batman: The Videogame,PSP,Adventure,Warner Bros. Interactive,Traveller's Tales,7.9,1.3,0.57,,0.46,0.27,2008-09-23,
NBA Live 07,PS2,Sports,EA Sports,EA Canada,6.3,1.3,1.07,0.02,0.04,0.17,2006-09-25,
Transformers,PS2,Shooter,Atari,Melbourne House,7.8,1.29,0.63,,0.49,0.16,2004-05-11,
The Last Guardian,PS4,Action-Adventure,Sony Interactive Entertainment,SIE Japan Studio,7.9,1.29,0.4,0.13,0.58,0.19,2016-12-06,2018-04-04
Champions of Norrath,PS2,Role-Playing,Sony Online Entertainment,Snowblind Studios,8.5,1.28,0.63,,0.49,0.16,2004-02-10,
Manhunt,PS2,Action,Rockstar Games,Rockstar North,8.0,1.28,0.63,,0.49,0.16,2003-11-18,
Twisted Metal 4,PS,Racing,989 Studios,989 Studios,6.7,1.28,1.07,,0.16,0.04,1999-10-31,
Need for Speed Carbon,Wii,Racing,Electronic Arts,EA Black Box,6.4,1.28,0.45,0.02,0.66,0.15,2006-11-19,
.hack//Infection Part 1,PS2,Role-Playing,Bandai,CyberConnect2,7.7,1.27,0.49,0.26,0.38,0.13,2003-02-11,
LEGO Batman: The Videogame,PS2,Adventure,Warner Bros. Interactive,Traveller's Tales,7.6,1.27,0.72,,0.03,0.52,2008-09-23,
NBA 2K9,X360,Sports,2K Sports,Visual Concepts,8.3,1.27,1.0,,0.16,0.11,2008-10-07,
EA Sports Active 2,Wii,Sports,Electronic Arts,EA Vancouver,8.0,1.27,0.76,,0.4,0.11,2010-11-16,
WWE '12,X360,Fighting,THQ,"Yuke's Co., Ltd.",7.5,1.27,0.74,0.0,0.4,0.12,2011-11-22,2019-01-29
Castlevania: Symphony of the Night,PS,Platform,Konami,Konami Computer Entertainment Tokyo,9.3,1.27,0.58,0.21,0.4,0.08,1997-10-02,
The Sims 2: Nightlife,PC,Simulation,Electronic Arts,Maxis,7.5,1.27,1.22,,0.05,,2005-09-13,
SOCOM: U.S. Navy SEALs Confrontation,PS3,Shooter,Sony Computer Entertainment,Slant Six Games,6.3,1.26,0.94,0.02,0.17,0.14,2008-10-14,
Rockstar Games presents Table Tennis,Wii,Sports,Rockstar Games,Rockstar San Diego,6.8,1.26,0.39,,0.73,0.15,2007-10-15,
Assassin's Creed: Bloodlines,PSP,Action,Ubisoft,Griptonite Studio,6.3,1.26,0.43,0.05,0.5,0.28,2009-11-17,
Football Manager 2011,PC,Sports,Sega,Sports Interactive,8.9,1.26,,,1.01,0.24,2010-11-09,
Tomb Raider: Underworld,PS3,Adventure,Eidos Interactive,Crystal Dynamics,7.8,1.26,0.45,0.05,0.55,0.21,2008-11-18,
RollerCoaster Tycoon 2,PC,Strategy,Atari,Chris Sawyer,7.3,1.25,1.19,,0.06,,2002-10-15,
Cars 2,DS,Racing,Disney Interactive Studios,Avalanche Software,6.5,1.25,0.68,0.04,0.41,0.12,2011-06-21,
Black,PS2,Shooter,Electronic Arts,Criterion Games,7.7,1.25,1.01,0.03,0.04,0.16,2006-02-28,
Need for Speed: Most Wanted,X360,Racing,Electronic Arts,Electronic Arts,8.4,1.25,1.0,0.02,0.13,0.1,2005-11-16,
Ratatouille,DS,Platform,THQ,Helixe,7.0,1.25,0.49,,0.62,0.14,2007-06-26,
Need for Speed Carbon,PS3,Racing,Electronic Arts,EA Black Box,7.8,1.24,0.49,0.03,0.51,0.2,2006-11-17,
Oddworld: Abe's Oddysee,PS,Platform,GT Interactive,Oddworld Inhabitants,8.3,1.24,0.75,,0.44,0.06,1997-08-31,
[Prototype],PS3,Action,Activision,Radical Entertainment,8.1,1.24,0.65,,0.41,0.18,2009-06-09,
2010 FIFA World Cup South Africa,PS3,Sports,EA Sports,EA Canada,8.2,1.23,0.3,0.07,0.64,0.22,2010-04-27,
Frogger: The Great Quest,PS2,Platform,Konami,Konami,3.0,1.23,0.6,,0.47,0.16,2001-11-18,
Donkey Kong Country 2,GBA,Platform,Nintendo,Rare Ltd.,7.6,1.23,0.79,0.12,0.27,0.04,2004-11-15,
Star Wars Battlefront II,PSP,Shooter,LucasArts,Savage Entertainment,6.9,1.22,1.05,0.01,0.06,0.1,2005-11-01,
NBA Live 99,PS,Sports,EA Sports,NuFX,8.3,1.22,1.13,,0.05,0.03,1998-10-31,
Intelligent Qube,PS,Puzzle,Sony Computer Entertainment,Sony Computer Entertainment,7.4,1.22,0.13,1.0,0.07,0.02,1997-09-30,
Max Payne,XB,Shooter,Rockstar Games,neo Software,8.6,1.22,0.98,,0.19,0.05,2001-12-12,
Cars,PSP,Racing,THQ,Locomotive Games,7.4,1.21,0.72,,0.28,0.2,2006-06-06,
FIFA 07 Soccer,PSP,Sports,EA Sports,EA Canada,8.0,1.21,0.25,,0.64,0.32,2006-10-17,
Bayonetta,PS3,Action,Sega,PlatinumGames,8.6,1.21,0.44,0.21,0.4,0.16,2010-01-05,
FIFA Soccer 11,PSP,Sports,EA Sports,HB Studios,7.0,1.21,0.13,0.01,0.7,0.36,2010-09-28,
NFL 2K,DC,Sports,Sega,Visual Concepts,9.7,1.2,1.12,,0.05,0.02,1999-09-09,
F1 2011,PS3,Racing,Codemasters,Codemasters Birmingham,8.4,1.2,0.12,0.11,0.75,0.23,2011-09-20,
ATV Offroad Fury 3,PS2,Racing,Sony Computer Entertainment,Climax Group,7.5,1.2,1.0,,0.04,0.16,2004-11-02,
Metal Gear Solid V: Ground Zeroes,PS4,Action-Adventure,Konami Digital Entertainment,Kojima Productions,7.6,1.2,0.36,0.17,0.5,0.17,2014-03-18,2018-03-22
WWE 2K14,PS3,Fighting,2K Sports,Yuke's,7.6,1.2,0.49,,0.51,0.2,2013-10-29,2018-10-08
Shadow of the Colossus,PS4,Action-Adventure,Sony Interactive Entertainment,Bluepoint Games,9.3,1.2,0.44,0.05,0.52,0.19,2018-02-06,2018-11-26
World Soccer Winning Eleven 9 (JP & Others sales),PSP,Sports,Konami,Konami Computer Entertainment Tokyo,8.0,1.2,0.01,0.31,0.88,,2006-02-07,
Mario & Sonic at the London 2012 Olympic Games,3DS,Sports,Sega,Sega,6.5,1.19,0.18,0.27,0.66,0.08,2012-02-14,
WWE SmackDown vs Raw 2008,PSP,Fighting,THQ,Yuke's Media Creations,7.3,1.19,0.45,,0.47,0.28,2007-11-13,
Spider-Man: The Movie,GC,Action,Activision,Treyarch,7.6,1.19,0.86,0.01,0.27,0.04,2002-04-15,
Metal Gear Solid: Portable Ops,PSP,Action,Konami,Kojima Productions,8.7,1.19,0.38,0.38,0.35,0.09,2006-12-05,
LEGO Star Wars III: The Clone Wars,PS3,Action,LucasArts,Traveller's Tales,8.0,1.18,0.52,,0.47,0.19,2011-03-22,
WWE '12,PS3,Fighting,THQ,"Yuke's Co., Ltd.",9.0,1.18,0.53,0.02,0.45,0.17,2011-11-22,2019-01-29
Metal Gear Solid VR Missions,PS,Adventure,Konami,Konami Computer Entertainment Japan,6.8,1.18,0.66,,0.45,0.08,1999-09-24,
Tony Hawk's Pro Skater 2,GBA,Sports,Activision,Vicarious Visions,8.9,1.18,0.85,,0.31,0.02,2001-05-30,
Red Dead Redemption: Undead Nightmare,PS3,Action,Rockstar Games,Rockstar San Diego,10.0,1.18,0.47,0.06,0.45,0.19,2010-11-23,
LEGO Indiana Jones: The Original Adventures,PSP,Adventure,LucasArts,Traveller's Tales,7.6,1.18,0.4,,0.49,0.3,2008-06-03,
WWE SmackDown vs. Raw 2010,PS3,Fighting,THQ,JAKKS Pacific,8.1,1.17,0.48,0.01,0.48,0.19,2009-10-20,
Ty the Tasmanian Tiger,PS2,Platform,Electronic Arts,Krome Studios,6.2,1.17,0.57,,0.45,0.15,2002-09-10,
Mission: Impossible,N64,Action,Ocean,Infogrames,6.6,1.17,0.74,0.02,0.38,0.03,1998-07-18,
Army of Two,PS3,Shooter,Electronic Arts,EA Montreal,7.4,1.17,0.74,0.02,0.26,0.15,2008-03-07,2018-02-03
Medal of Honor Heroes 2,PSP,Shooter,Electronic Arts,Team Fusion,6.6,1.16,0.5,0.02,0.39,0.25,2007-11-13,
Sniper: Ghost Warrior,X360,Shooter,City Interactive,City Interactive,4.3,1.16,0.54,,0.5,0.12,2010-06-29,
FIFA Soccer 10,PSP,Sports,EA Sports,EA Canada,7.9,1.16,0.16,0.01,0.68,0.31,2009-10-20,
Spore,PC,Strategy,Electronic Arts,Maxis,7.0,1.16,0.03,,1.06,0.07,2008-09-07,
Bushido Blade,PS,Fighting,Sony Computer Entertainment,Light Weight,8.2,1.16,0.39,0.43,0.27,0.08,1997-09-30,
EA Sports Active: More Workouts,Wii,Sports,EA Sports,EA Vancouver,7.9,1.16,0.78,,0.28,0.1,2009-11-17,
Mirror's Edge,X360,Platform,Electronic Arts,EA Digital Illusions CE,7.6,1.16,0.51,0.01,0.51,0.12,2008-11-11,2019-03-25
Sunset Overdrive,XOne,Action,Microsoft Studios,Insomniac Games,8.0,1.16,0.64,0.0,0.42,0.1,2014-10-28,2018-01-06
LEGO Star Wars: The Video Game,XB,Action,Eidos Interactive,Traveller's Tales,8.0,1.16,0.83,,0.28,0.05,2005-04-05,
The Elder Scrolls V: Skyrim,NS,Role-Playing,Bethesda Softworks,Bethesda Softworks,8.6,1.15,0.67,0.06,0.32,0.1,2017-11-17,2018-01-01
Dragon Quest VIII: Journey of the Cursed King,3DS,Role-Playing,Nintendo,Level 5 / Armor Project,8.8,1.15,0.14,0.88,0.11,0.02,2017-01-20,2018-01-07
Call of Duty 4: Modern Warfare,PC,Shooter,Activision,Infinity Ward,9.3,1.15,,,1.12,0.03,2007-11-05,
Hot Shots Golf: Out of Bounds,PS3,Sports,Sony Computer Entertainment,Clap Hanz,8.3,1.14,0.31,0.76,0.03,0.04,2008-03-18,
The Lord of the Rings: The Return of the King,XB,Action,Electronic Arts,"Hypnos Entertainment, Inc.",8.8,1.14,0.71,,0.38,0.05,2003-11-05,
South Park,N64,Shooter,Acclaim Entertainment,Iguana Entertainment,6.0,1.14,0.9,,0.23,0.02,1998-12-12,
Brave Fencer Musashi,PS,Role-Playing,Square,SquareSoft,8.4,1.14,0.25,0.65,0.17,0.07,1998-10-31,
Shadow of the Colossus,PS2,Adventure,Sony Computer Entertainment,Team ICO,9.1,1.14,0.78,0.2,0.03,0.13,2005-10-18,
Action Bass,PS,Action,Take-Two Interactive,Unknown,5.1,1.14,0.64,,0.43,0.07,2000-07-14,
LEGO Star Wars III: The Clone Wars,3DS,Action,LucasArts,Traveller's Tales,6.7,1.14,0.61,,0.44,0.09,2011-03-27,
Mortal Kombat,X360,Fighting,Warner Bros. Interactive,NetherRealm Studios,8.3,1.14,0.85,,0.19,0.1,2011-04-19,
LEGO Star Wars: The Video Game,GBA,Action,Eidos Interactive,Amaze Entertainment,7.4,1.14,0.82,,0.3,0.02,2005-03-29,
007: Quantum of Solace,PS3,Shooter,Activision,Treyarch,6.6,1.14,0.43,0.02,0.51,0.19,2008-11-04,
NCAA Football 14,X360,Sports,EA Sports,EA Tiburon,7.6,1.13,1.01,,,0.12,2013-07-09,2018-01-31
Rocksmith,PS3,Misc,Ubisoft,Ubisoft,8.0,1.13,0.53,0.09,0.38,0.13,2011-10-18,
Rabbids Go Home,Wii,Adventure,Ubisoft,Ubisoft Montpellier,8.0,1.13,0.25,,0.74,0.14,2009-11-03,
Fight Night Champion,PS3,Fighting,EA Sports,EA Canada,8.4,1.13,0.45,,0.5,0.18,2011-03-01,
Guitar Hero 5,X360,Misc,Activision,Neversoft Entertainment,9.0,1.13,0.65,,0.37,0.11,2009-09-01,
Rocksmith,X360,Misc,Ubisoft,Ubisoft,8.0,1.13,0.85,0.01,0.19,0.08,2011-10-18,
ModNation Racers,PS3,Racing,Sony Computer Entertainment,United Front Games,8.1,1.13,0.5,0.06,0.4,0.16,2010-05-25,
Plants vs Zombies: Garden Warfare,X360,Shooter,Electronic Arts,PopCap Games,8.0,1.13,0.54,0.0,0.5,0.09,2014-02-25,2018-02-05
Cars,GBA,Racing,THQ,Helixe,4.5,1.13,0.81,,0.3,0.02,2006-06-06,
Mirror's Edge,PS3,Platform,Electronic Arts,EA Digital Illusions CE,7.7,1.13,0.31,0.02,0.59,0.21,2008-11-11,2019-03-25
Spider-Man 2,XB,Action,Activision,Treyarch,7.7,1.12,0.82,,0.26,0.04,2004-06-28,
Crackdown 2,X360,Shooter,Microsoft Game Studios,Ruffian Games,7.5,1.12,0.63,0.02,0.36,0.1,2010-07-06,
WWE 2K14,X360,Fighting,2K Sports,Yuke's,7.6,1.12,0.64,,0.38,0.1,2013-10-29,2018-10-08
Need for Speed: Most Wanted (2012),PSV,Racing,Electronic Arts,Criterion Games,7.4,1.12,0.33,0.01,0.53,0.25,2012-10-30,2018-12-19
Dragon Age II,X360,Role-Playing,Electronic Arts,BioWare Corp.,8.0,1.12,0.72,0.01,0.29,0.09,2011-03-08,
The Beatles: Rock Band,PS3,Misc,MTV Games,Harmonix Music Systems,8.7,1.12,0.67,,0.29,0.15,2009-09-09,
SOCOM: U.S. Navy SEALs Fireteam Bravo,PSP,Shooter,Sony Computer Entertainment,Zipper Interactive,7.9,1.12,1.03,0.01,0.0,0.08,2005-11-08,
Mafia III,XOne,Action-Adventure,2K Games,Hangar 13,6.8,1.11,0.54,,0.48,0.09,2016-10-07,2018-04-02
NCAA Football 13,X360,Sports,EA Sports,EA Tiburon,7.5,1.11,1.02,,,0.09,2012-07-10,2018-02-06
Crash Bandicoot N. Sane Trilogy,NS,Platform,Activision,Toys for Bob,6.0,1.11,0.44,0.02,0.57,0.09,2018-06-29,2018-11-07
Castlevania: Lords of Shadow,PS3,Action,Konami,Mercury Steam,8.1,1.11,0.5,0.1,0.37,0.15,2010-10-05,
Tom Clancy's Splinter Cell: Chaos Theory,XB,Action,Ubisoft,Ubisoft Montreal,9.4,1.11,0.68,,0.38,0.05,2005-03-28,
Red Dead Redemption: Undead Nightmare,X360,Action,Rockstar Games,Rockstar San Diego,10.0,1.11,0.61,0.02,0.38,0.1,2010-11-23,
Plants vs. Zombies,DS,Strategy,PopCap Games,PopCap Games,8.1,1.11,0.9,,0.13,0.09,2011-01-18,
Rock Band,PS2,Misc,MTV Games,Harmonix Music Systems,8.1,1.11,0.71,,0.06,0.35,2007-12-18,
FIFA 18,NS,Sports,EA Sports,EA Vancouver,5.8,1.1,0.35,0.13,0.55,0.07,2017-09-29,2018-04-02
LEGO Star Wars III: The Clone Wars,DS,Action,LucasArts,Traveller's Tales,6.3,1.1,0.62,,0.38,0.1,2011-03-22,
Guitar Hero 5,PS3,Misc,Activision,Neversoft Entertainment,8.8,1.1,0.53,,0.39,0.17,2009-09-01,
GRID,PS3,Racing,Codemasters,Codemasters,8.6,1.1,0.31,0.03,0.57,0.19,2008-06-03,
Sonic Free Riders,X360,Racing,Sega,O-TWO inc.,4.9,1.1,0.75,,0.25,0.1,2010-11-04,
Bully: Scholarship Edition,X360,Action,Rockstar Games,Rockstar Vancouver/Mad Doc Software,8.1,1.09,0.53,0.03,0.42,0.11,2008-03-05,
DJ Hero,X360,Misc,Activision,FreeStyleGames,8.4,1.09,0.59,,0.39,0.11,2009-10-27,
Namco Museum Battle Collection,PSP,Misc,Namco,Namco Tales Studio,7.9,1.09,0.75,,0.18,0.16,2005-08-23,
Lightning Returns: Final Fantasy XIII,PS3,Misc,Square Enix,Unknown,7.1,1.09,0.31,0.45,0.22,0.11,2014-02-11,
Toy Story 3: The Video Game,PS3,Action,Disney Interactive Studios,Avalanche Software,7.5,1.09,0.51,,0.41,0.17,2010-06-15,
Skate 2,X360,Sports,Electronic Arts,EA Black Box,8.2,1.09,0.82,0.01,0.17,0.09,2009-01-21,
NFL 2K1,DC,Sports,Sega,Visual Concepts,9.6,1.09,1.02,,0.05,0.02,2000-09-07,
Dragon Ball Z: The Legacy of Goku II,GBA,Role-Playing,Atari,Webfoot Technologies,7.6,1.09,0.78,,0.29,0.02,2003-06-17,
Untold Legends: Brotherhood of the Blade,PSP,Role-Playing,Sony Online Entertainment,Sony Online Entertainment,6.5,1.09,0.54,0.01,0.33,0.22,2005-03-22,
Star Wars: The Force Unleashed,PSP,Action,LucasArts,Krome Studios,7.1,1.09,0.43,,0.41,0.24,2008-09-16,
The Simpsons Game,PSP,Platform,Electronic Arts,EA Redwood Shores,6.0,1.08,0.24,,0.54,0.3,2007-11-05,
Dante's Inferno,PS3,Action,Electronic Arts,Visceral Games,7.3,1.08,0.64,0.04,0.28,0.12,2010-02-09,
Disney's Lilo & Stitch,GBA,Action,Disney Interactive Studios,Digital Eclipse,8.0,1.08,0.77,,0.29,0.02,2002-06-07,
Ready 2 Rumble Boxing,PS,Sports,Midway Games,Point of View,7.6,1.08,0.6,,0.41,0.07,1999-10-31,
FIFA Soccer 11,Wii,Sports,EA Sports,EA Canada,7.0,1.08,0.26,,0.69,0.12,2010-09-28,
Star Fox: Assault,GC,Shooter,Nintendo,Namco,6.6,1.08,0.68,0.19,0.18,0.03,2005-02-14,
Virtua Fighter 5,PS3,Fighting,Sega,Sega-AM2,8.7,1.08,0.29,0.08,0.52,0.2,2007-02-20,
Pro Evolution Soccer 2014,PS3,Sports,Konami Digital Entertainment,Konami,8.3,1.08,0.03,0.51,0.46,0.08,2013-09-24,2018-03-01
Grand Theft Auto: Chinatown Wars,PSP,Adventure,Rockstar Games,Rockstar Leeds,9.2,1.08,0.28,0.03,0.5,0.27,2009-10-20,
Dragon Ball Z: Taiketsu,GBA,Fighting,Atari,Webfoot Technologies,3.8,1.08,0.77,,0.29,0.02,2003-11-24,
Spore Creatures,DS,Simulation,Electronic Arts,Foundation 9,7.2,1.07,0.66,0.0,0.3,0.1,2008-09-07,
Tomb Raider: Underworld,X360,Adventure,Eidos Interactive,Crystal Dynamics,7.5,1.07,0.53,0.01,0.42,0.11,2008-11-18,
Call of Duty 3,PS2,Shooter,Activision,Treyarch,8.2,1.07,0.89,,0.03,0.15,2006-11-07,
World Tour Soccer,PSP,Sports,Sony Computer Entertainment,SCEE London Studio,7.0,1.07,0.1,,0.63,0.34,2005-03-14,
Naruto: Ultimate Ninja Storm,PS3,Fighting,Namco Bandai,CyberConnect2,7.8,1.07,0.49,0.09,0.34,0.15,2008-11-04,
Virtua Fighter,SAT,Fighting,Sega,Sega-AM2,9.0,1.07,0.17,0.77,0.12,0.02,1995-05-11,
Marvel vs. Capcom 3: Fate of Two Worlds,X360,Fighting,Capcom,Capcom,8.4,1.07,0.79,0.03,0.18,0.08,2011-02-15,
The Biggest Loser,Wii,Sports,THQ,Blitz Games,7.7,1.07,0.86,,0.12,0.09,2009-10-06,
Tiger Woods PGA Tour 10,Wii,Sports,EA Sports,EA Tiburon,9.0,1.07,0.6,,0.37,0.1,2009-06-08,
The Orange Box,PS3,Shooter,Electronic Arts,EA UK,8.7,1.07,0.28,,0.58,0.21,2007-12-11,
LEGO Star Wars II: The Original Trilogy,DS,Action,LucasArts,Amaze Entertainment,4.9,1.07,0.96,,0.03,0.08,2006-09-12,
Prince of Persia,PS3,Adventure,Ubisoft,Ubisoft Montreal,8.3,1.07,0.47,0.03,0.41,0.17,2008-12-02,
Endless Ocean,Wii,Adventure,Nintendo,Arika,6.8,1.06,0.43,0.09,0.46,0.09,2008-01-21,
Mercenaries 2: World in Flames,X360,Shooter,Electronic Arts,Pandemic Studios,7.1,1.06,0.65,0.01,0.3,0.1,2008-08-31,
Warhawk,PS3,Shooter,Sony Computer Entertainment,Incognito Entertainment,8.4,1.06,0.49,,0.39,0.17,2007-08-28,
Sonic Generations,3DS,Platform,Sega,Sonic Team,6.3,1.06,0.44,0.01,0.52,0.08,2011-11-22,
Mortal Kombat: Armageddon,PS2,Fighting,Midway Games,Midway Games,7.4,1.06,0.88,,0.04,0.14,2006-10-09,
Aliens vs Predator,X360,Shooter,Sega,Rebellion Developments,6.0,1.06,0.55,,0.4,0.11,2010-02-16,
Spider-Man 2,GBA,Platform,Activision,Digital Eclipse,7.0,1.06,0.76,,0.28,0.02,2004-06-29,
Sega Superstars Tennis,Wii,Sports,Sega,Sumo Digital,7.0,1.06,0.28,,0.65,0.13,2008-03-18,
Seek and Destroy,PS2,Racing,Conspiracy Entertainment,Barnhouse Effect,5.6,1.06,0.52,,0.4,0.14,2002-12-11,
Darksiders,X360,Action,THQ,Vigil Games,7.8,1.06,0.67,0.01,0.28,0.1,2010-01-05,
DiRT 3,PS3,Racing,Codemasters,Codemasters,9.0,1.06,0.27,0.01,0.58,0.2,2011-05-24,
Forza Motorsport,XB,Racing,Microsoft Game Studios,Turn 10 Studios,9.2,1.05,0.52,,0.51,0.02,2005-05-03,
Rocksmith 2014,PS3,Music,Ubisoft,Ubisoft San Francisco,9.1,1.05,0.56,0.05,0.26,0.17,2013-10-22,2018-03-08
DiRT,PS3,Racing,Codemasters,Codemasters,8.3,1.05,0.16,,0.66,0.23,2007-09-11,
Dave Mirra Freestyle BMX,PS,Sports,Acclaim Entertainment,"Z-Axis, Ltd.",7.4,1.05,0.91,,0.11,0.03,2000-09-26,
Sonic & SEGA All-Stars Racing,DS,Racing,Sega,Sumo Digital,8.3,1.05,0.43,,0.51,0.11,2010-02-23,
MySims Agents,Wii,Adventure,Electronic Arts,EA Redwood Shores,7.5,1.05,0.63,0.0,0.32,0.1,2009-09-29,
Resident Evil: The Darkside Chronicles,Wii,Shooter,Capcom,"Cavia, inc.",7.2,1.05,0.46,0.2,0.31,0.09,2009-11-17,
SOCOM: U.S. Navy SEALs Fireteam Bravo 2,PSP,Shooter,Sony Computer Entertainment,Zipper Interactive,8.2,1.05,0.81,,0.11,0.13,2006-11-07,
Call of Duty 4: Modern Warfare,DS,Shooter,Activision,n-Space,7.3,1.05,0.95,0.01,0.02,0.08,2007-11-05,
Brink,X360,Shooter,Bethesda Softworks,Splash Damage,6.8,1.04,0.59,0.01,0.35,0.09,2011-05-10,
Aliens vs Predator,PS3,Shooter,Sega,Rebellion Developments,6.1,1.04,0.41,,0.46,0.18,2010-02-16,
Sleeping Dogs,PS3,Action-Adventure,Square Enix,United Front Games,8.1,1.04,0.31,0.05,0.5,0.17,2012-08-14,2018-03-07
Legacy of Kain: Soul Reaver,PS,Adventure,Eidos Interactive,Crystal Dynamics,8.9,1.04,0.58,,0.4,0.07,1999-08-16,
Need for Speed: Most Wanted,XB,Racing,Electronic Arts,EA Canada,8.5,1.04,0.53,,0.46,0.05,2005-11-15,
WipEout Pure,PSP,Racing,Sony Computer Entertainment,Studio Liverpool,9.1,1.04,0.47,,0.34,0.23,2005-03-16,2018-09-16
The Simpsons Game,X360,Platform,Electronic Arts,EA Redwood Shores,6.9,1.04,0.54,,0.39,0.11,2007-10-30,
Bomberman 64,N64,Puzzle,Hudson Soft,Hudson Soft,6.1,1.04,0.5,0.31,0.2,0.03,1997-12-02,
MotorStorm: Arctic Edge,PSP,Racing,Sony Computer Entertainment,Bigbig Studios,7.7,1.04,0.16,0.0,0.58,0.3,2009-09-29,
Naruto: Clash of Ninja 2,GC,Fighting,D3 Publisher,8ing/Raizing,7.4,1.04,0.44,0.45,0.12,0.03,2006-09-26,
LEGO Pirates of the Caribbean: The Video Game,X360,Action,Disney Interactive Studios,Traveller's Tales,7.2,1.04,0.54,,0.4,0.1,2011-05-10,
WWE SmackDown vs. Raw 2010,X360,Fighting,THQ,JAKKS Pacific,8.2,1.04,0.56,0.01,0.37,0.1,2009-10-20,
Just Dance 2014,X360,Music,Ubisoft,Ubisoft Paris,7.6,1.03,0.75,,0.18,0.1,2013-10-08,2018-03-08
Sonic Unleashed,PS3,Platform,Sega,Sonic Team,5.3,1.03,0.56,0.01,0.32,0.14,2008-12-09,
The Elder Scrolls III: Morrowind Game of the Year Edition,XB,Role-Playing,Bethesda Softworks,Bethesda Softworks,8.3,1.03,0.77,,0.22,0.04,2003-10-31,
Tomb Raider,PC,Action,Eidos Interactive,Core Design Ltd.,8.7,1.03,0.96,,0.07,,1996-11-14,
Dragon Ball Z: Budokai Tenkaichi 3,Wii,Fighting,Atari,Spike / Bandai Namco Games,7.5,1.03,0.32,0.26,0.36,0.08,2007-12-03,
LEGO Indiana Jones: The Original Adventures,PS3,Adventure,LucasArts,Traveller's Tales,7.7,1.03,0.44,,0.43,0.17,2008-06-03,
Shrek 2,GC,Platform,Activision,"Luxoflux, Inc.",6.9,1.02,0.73,0.01,0.26,0.03,2004-04-28,
Bulletstorm,X360,Shooter,Electronic Arts,People Can Fly,8.5,1.02,0.61,0.01,0.32,0.08,2011-02-22,
Tiger Woods PGA Tour 08,Wii,Sports,Electronic Arts,EA Salt Lake,7.4,1.02,0.93,,0.01,0.08,2007-08-28,
Madden NFL 07,XB,Sports,EA Sports,EA Tiburon,8.4,1.02,0.97,,0.03,0.03,2006-08-22,
Rock Band 2,Wii,Misc,MTV Games,Harmonix Music Systems,9.0,1.02,0.93,,0.01,0.08,2008-12-18,
Just Cause 3,XOne,Action-Adventure,Square Enix,Avalanche Studios,7.0,1.01,0.52,,0.41,0.09,2015-12-01,2018-04-04
Madden NFL 16,X360,Sports,EA Sports,EA Tiburon,8.0,1.01,0.88,,0.02,0.11,2015-08-25,2018-03-31
F1 2012,PS3,Racing,Codemasters,Codemasters Birmingham,7.9,1.01,0.12,0.05,0.65,0.18,2012-09-18,2018-03-08
Prince of Persia,X360,Adventure,Ubisoft,Ubisoft Montreal,8.2,1.01,0.54,0.02,0.34,0.1,2008-12-02,
NBA 2K10,X360,Sports,2K Sports,Visual Concepts,8.4,1.01,0.91,0.0,0.02,0.08,2009-10-06,
EyePet,PS3,Simulation,Sony Computer Entertainment,SCEE London Studio,6.9,1.01,0.37,0.04,0.52,0.09,2010-09-17,
Excitebike 64,N64,Racing,Nintendo,Left Field Productions,8.9,1.0,0.65,0.19,0.15,0.01,2000-04-30,
Far Cry: Primal,XOne,Action-Adventure,Ubisoft,Ubisoft Montreal,7.8,1.0,0.51,,0.41,0.09,2016-02-23,2018-04-03
Rayman Origins,PS3,Platform,Ubisoft,Ubisoft,8.5,1.0,0.33,0.01,0.5,0.16,2011-11-15,
Breath of Fire III,PS,Role-Playing,Capcom,Capcom,7.6,1.0,0.29,0.46,0.19,0.07,1998-04-30,
Tom Clancy's Splinter Cell: Blacklist,X360,Action-Adventure,Ubisoft,Ubisoft Toronto,8.4,1.0,0.57,0.01,0.33,0.09,2013-08-20,2018-03-08
NERF N-Strike Elite,Wii,Shooter,Electronic Arts,EA Salt Lake,7.5,1.0,0.93,,,0.07,2009-10-26,
NCAA Football 12,X360,Sports,EA Sports,EA Tiburon,7.8,1.0,0.94,,,0.06,2011-07-12,
Rocksmith 2014,X360,Music,Ubisoft,Ubisoft San Francisco,8.4,0.99,0.73,0.0,0.16,0.1,2013-10-22,2018-03-08
Army of Two: The 40th Day,X360,Shooter,Electronic Arts,EA Montreal,7.1,0.99,0.65,0.0,0.24,0.09,2010-01-12,
DiRT 2,PS3,Racing,Codemasters,Codemasters,8.8,0.99,0.27,0.0,0.53,0.19,2009-09-08,
Midnight Club: LA Remix,PSP,Racing,Rockstar Games,Rockstar London,7.7,0.99,0.52,,0.28,0.19,2008-10-20,
Apollo Justice: Ace Attorney,DS,Adventure,Capcom,Capcom,8.0,0.99,0.28,0.64,0.05,0.03,2008-02-19,
The Simpsons: Hit & Run,GC,Racing,VU Games,Radical Entertainment,8.2,0.99,0.77,,0.2,0.03,2003-09-16,
Haze,PS3,Shooter,Ubisoft,Free Radical Design,5.6,0.99,0.49,0.02,0.33,0.15,2008-05-20,
Oddworld: Abe's Exoddus,PS,Platform,GT Interactive,Oddworld Inhabitans,8.6,0.99,0.55,,0.38,0.06,1998-11-17,
Shadow The Hedgehog,GC,Platform,Sega,Sonic Team,4.9,0.99,0.76,,0.2,0.03,2005-11-15,
Tom Clancy's Splinter Cell: Blacklist,PS3,Action-Adventure,Ubisoft,Ubisoft Toronto,8.3,0.98,0.34,0.06,0.44,0.15,2013-08-20,2018-03-08
The Witcher 2: Assassins of Kings,PC,Role-Playing,Atari,CD Projekt Red Studio,8.8,0.98,0.27,,0.56,0.14,2011-05-17,
Zoo Tycoon DS,DS,Strategy,THQ,Blue Fang Games,4.6,0.98,0.86,0.01,0.03,0.07,2005-10-11,
Pro Evolution Soccer 2008,PSP,Sports,Konami,Konami,7.8,0.98,0.02,0.19,0.53,0.25,2008-03-12,
Fallout 3,PC,Role-Playing,Bethesda Softworks,Bethesda Game Studios,9.0,0.98,0.02,,0.88,0.07,2008-10-28,
Sniper Elite V2,PS3,Shooter,505 Games,Rebellion Developments,7.4,0.98,0.38,0.06,0.4,0.15,2012-05-02,2018-03-13
FIFA Soccer 10,Wii,Sports,EA Sports,EA Canada,8.3,0.98,0.23,,0.64,0.11,2009-10-20,
Suikoden III,PS2,Role-Playing,Konami,KCET,8.6,0.98,0.29,0.38,0.23,0.08,2002-10-24,
Grand Theft Auto: San Andreas,PC,Action,Rockstar Games,Rockstar North,9.4,0.97,0.0,,0.93,0.04,2005-06-07,
Dirge of Cerberus: Final Fantasy VII,PS2,Shooter,Square Enix,Square Enix,5.8,0.97,0.46,0.51,,,2006-08-15,
Brutal Legend,X360,Action,Electronic Arts,Double Fine Productions,8.5,0.97,0.62,,0.26,0.09,2009-10-13,
Band Hero,Wii,Misc,Activision,Vicarious Visions,7.4,0.97,0.59,,0.29,0.09,2009-11-03,
LEGO Star Wars II: The Original Trilogy,GC,Action,LucasArts,Traveller's Tales,8.4,0.97,0.75,,0.19,0.03,2006-09-12,
Fire Emblem: The Blazing Blade,GBA,Strategy,Nintendo,Intelligent Systems,8.8,0.97,0.49,0.29,0.18,0.01,2003-11-03,2021-07-23
Sea of Thieves,XOne,Action-Adventure,Microsoft Studios,Rare Ltd.,6.9,0.96,0.6,,0.27,0.09,2018-03-20,2018-09-25
LEGO Pirates of the Caribbean: The Video Game,PS3,Action,Disney Interactive Studios,Traveller's Tales,7.4,0.96,0.36,,0.44,0.16,2011-05-10,
Madden NFL 25,PS4,Sports,EA Sports,EA Tiburon,7.4,0.96,0.64,,0.15,0.17,2013-11-15,2018-01-06
Sonic & SEGA All-Stars Racing,PS3,Racing,Sega,Sumo Digital,8.0,0.96,0.36,,0.44,0.16,2010-02-23,
Dark Cloud 2,PS2,Role-Playing,Sony Computer Entertainment,Level 5,8.6,0.96,0.38,0.26,0.25,0.07,2003-02-17,
Guitar Hero: Warriors of Rock,Wii,Misc,Activision,Vicarious Visions,7.3,0.96,0.47,,0.41,0.09,2010-09-28,
PilotWings Resort,3DS,Simulation,Nintendo,Monster Games,6.9,0.96,0.4,0.13,0.36,0.07,2011-03-27,
Gangs of London,PSP,Adventure,Sony Computer Entertainment,SCEE London Studio,5.0,0.96,0.3,,0.43,0.22,2006-10-03,
Driver: San Francisco,PS3,Racing,Ubisoft,Ubisoft Reflections,8.2,0.95,0.24,0.01,0.53,0.17,2011-09-06,
Lost Planet 2,PS3,Shooter,Capcom,Capcom,6.6,0.95,0.29,0.2,0.34,0.12,2010-05-11,
LEGO Harry Potter: Years 5-7,PS3,Action,Warner Bros. Interactive,Traveller's Tales,9.0,0.95,0.36,,0.45,0.15,2011-11-11,
White Knight Chronicles: International Edition,PS3,Role-Playing,Sony Computer Entertainment,Level 5,6.3,0.95,0.34,0.36,0.16,0.09,2010-02-02,
Wild ARMs,PS,Role-Playing,Sony Computer Entertainment,Media.Vision,8.9,0.95,0.26,0.46,0.17,0.06,1997-04-30,
Sonic Unleashed,X360,Platform,Sega,Sonic Team,5.6,0.95,0.54,0.0,0.32,0.09,2008-11-20,
SpongeBob SquarePants: Battle for Bikini Bottom,GC,Platform,THQ,Heavy Iron Studios,7.3,0.95,0.74,,0.19,0.03,2003-10-31,
Harvest Moon 3D: A New Beginning,3DS,Simulation,Natsume,Marvelous,8.2,0.95,0.41,0.31,0.18,0.06,2012-11-06,2018-01-07
Brothers In Arms: Hell's Highway,PS3,Shooter,Ubisoft,Gearbox Software,6.0,0.94,0.45,,0.34,0.15,2008-09-23,
Tony Hawk: RIDE,Wii,Sports,Activision,Buzz Monkey Software,4.3,0.94,0.69,,0.17,0.08,2009-11-17,
NCAA Football 10,X360,Sports,EA Sports,EA Tiburon,8.1,0.94,0.87,,,0.07,2009-07-14,
EA Sports Active 2,PS3,Sports,Electronic Arts,EA Vancouver,8.0,0.94,0.54,,0.27,0.12,2010-11-16,
SaGa Frontier 2,PS,Role-Playing,Square EA,SquareSoft,7.4,0.94,0.1,0.71,0.07,0.06,2000-01-31,
The SpongeBob SquarePants Movie,GC,Platform,THQ,Heavy Iron Studios,6.6,0.94,0.73,,0.19,0.03,2004-10-27,
Prince of Persia: The Sands of Time,XB,Adventure,Ubisoft,Ubisoft Montreal,9.0,0.94,0.57,,0.33,0.04,2003-11-12,
Castlevania: Lament of Innocence,PS2,Action,Konami,Konami Computer Entertainment Tokyo,8.1,0.94,0.46,,0.36,0.12,2003-10-21,
Brutal Legend,PS3,Action,Electronic Arts,Double Fine Productions,7.9,0.94,0.54,,0.27,0.13,2009-10-13,
Skylanders: Spyro's Adventure,PS3,Action,Activision,Toys for Bob,8.0,0.94,0.39,,0.4,0.15,2011-10-16,
NCAA Football 11,X360,Sports,EA Sports,EA Tiburon,8.5,0.93,0.86,,,0.06,2010-07-13,
NCAA Football 13,PS3,Sports,EA Sports,EA Tiburon,7.1,0.93,0.82,,,0.11,2012-07-10,2018-02-06
Fallout 76,XOne,Role-Playing,Bethesda Softworks,Bethesda Game Studios,5.1,0.93,0.59,,0.26,0.09,2018-11-14,2018-11-02
Cars,GC,Racing,THQ,Rainbow Studios,7.6,0.93,0.72,,0.19,0.03,2006-06-06,
Monster Hunter: World,XOne,Action,Capcom,Capcom,9.4,0.93,0.67,,0.17,0.09,2018-01-26,2018-01-30
Operation Flashpoint: Dragon Rising,X360,Shooter,Codemasters,Codemasters,7.4,0.93,0.36,0.02,0.45,0.1,2009-10-06,
Phoenix Wright: Ace Attorney,DS,Adventure,Capcom,Capcom,8.1,0.93,0.44,0.39,0.05,0.05,2005-10-12,
Kingdom Hearts Re:coded,DS,Role-Playing,Square Enix,High Horse Entertainment,6.8,0.93,0.53,0.27,0.09,0.05,2011-01-11,
Bayonetta,X360,Action,Sega,PlatinumGames,8.9,0.93,0.51,0.09,0.25,0.08,2010-01-05,
Guitar Hero: Metallica,Wii,Misc,Activision,BudCat Creations,8.9,0.93,0.4,,0.43,0.1,2009-03-29,
Xenoblade Chronicles,Wii,Role-Playing,Nintendo,Monolith Soft,9.3,0.92,0.43,0.16,0.25,0.07,2012-04-06,
BUZZ! Quiz World,PS3,Misc,Sony Computer Entertainment,Magenta Software,7.8,0.92,0.16,,0.58,0.18,2009-11-10,
Blue Dragon,X360,Role-Playing,Microsoft Game Studios,Mistwalker Corporation / Artoon,7.7,0.92,0.3,0.21,0.33,0.08,2007-08-28,
Killzone: Mercenary,PSV,Misc,Sony Computer Entertainment America,Guerrilla Games,7.4,0.92,0.2,0.04,0.47,0.2,2013-09-10,2018-01-03
Starsky & Hutch,PS2,Racing,Gotham Games,Minds-Eye Productions,6.0,0.92,0.45,,0.35,0.12,2003-09-09,
Dante's Inferno,X360,Action,Electronic Arts,Visceral Games,7.0,0.92,0.63,0.02,0.2,0.08,2010-02-09,
Tobal No.1,PS,Fighting,Sony Computer Entertainment,DreamFactory,7.7,0.92,0.12,0.66,0.08,0.06,1996-09-30,
WWE SmackDown vs. Raw 2009,X360,Fighting,THQ,Yuke's Media Creations,7.8,0.92,0.58,,0.26,0.08,2008-11-09,
NCAA Football 14,PS3,Sports,EA Sports,EA Tiburon,7.7,0.92,0.75,,,0.17,2013-07-09,2018-01-31
Crysis 3,X360,Shooter,Electronic Arts,Crytek,7.6,0.92,0.51,0.01,0.32,0.08,2013-02-19,2018-02-07
SpongeBob SquarePants: The Yellow Avenger,PSP,Action,THQ,Tantalus Interactive,5.7,0.92,0.55,,0.21,0.16,2006-03-06,
EA Sports Grand Slam Tennis,Wii,Sports,EA Sports,EA Vancouver,7.9,0.92,0.28,0.02,0.51,0.11,2009-06-08,
007: The World is not Enough,PS,Shooter,Electronic Arts,Black Ops Entertainment,6.4,0.92,0.51,,0.35,0.06,2000-11-06,
Overwatch,PC,Shooter,Blizzard Entertainment,Blizzard Entertainment,9.5,0.92,0.37,,0.48,0.07,2016-05-24,2018-03-24
Operation Flashpoint: Dragon Rising,PS3,Shooter,Codemasters,Codemasters,7.3,0.91,0.23,0.05,0.46,0.17,2009-10-06,
LEGO Pirates of the Caribbean: The Video Game,DS,Action,Disney Interactive Studios,Traveller's Tales,6.8,0.91,0.34,,0.47,0.1,2011-05-10,
Dynasty Warriors 7,PS3,Action,Tecmo Koei,Omega Force,5.8,0.91,0.25,0.46,0.14,0.06,2011-03-29,
Sonic Riders: Zero Gravity,Wii,Racing,Sega,Sonic Team,5.8,0.91,0.48,0.02,0.32,0.09,2008-01-08,
Colin McRae Rally 2.0,PS,Racing,Codemasters,Codemasters,8.3,0.91,0.02,0.02,0.8,0.07,2000-12-05,
Tom Clancy's EndWar,X360,Strategy,Ubisoft,Ubisoft Shanghai,8.0,0.91,0.58,0.01,0.24,0.09,2008-11-04,
Assassin's Creed,PC,Adventure,Ubisoft,Ubisoft Montreal,7.6,0.91,0.01,,0.84,0.06,2008-04-08,2018-11-23
Crysis 3,PS3,Shooter,Electronic Arts,Crytek,8.2,0.91,0.26,0.03,0.48,0.14,2013-02-19,2018-03-13
SOCOM 4: U.S. Navy SEALs,PS3,Shooter,Sony Computer Entertainment,Zipper Interactive,7.0,0.9,0.66,0.04,0.12,0.09,2011-04-19,
Marvel: Ultimate Alliance 2,X360,Role-Playing,Activision,Vicarious Visions,7.4,0.9,0.68,,0.15,0.08,2009-09-15,
Final Fantasy X / X-2 HD Remaster,PS4,Role-Playing,Square Enix,Square Enix,9.3,0.9,0.34,0.07,0.36,0.14,2015-05-12,2019-03-22
Lost Odyssey,X360,Role-Playing,Microsoft Game Studios,Mistwalker Corporation / Feelplus Inc.,7.5,0.9,0.45,0.11,0.26,0.08,2008-02-12,
X-Men Legends,XB,Role-Playing,Activision,Raven Software,8.2,0.9,0.62,,0.24,0.04,2004-09-21,
Homefront,PS3,Shooter,THQ,Kaos Studios,6.6,0.9,0.32,0.04,0.4,0.15,2011-03-15,
The Biggest Loser: Ultimate Workout,X360,Sports,THQ,Blitz Games,8.0,0.9,0.73,,0.1,0.07,2010-11-02,
James Cameron's Avatar: The Game,PS3,Action,Ubisoft,Ubisoft Montreal,5.8,0.9,0.32,,0.43,0.15,2009-12-01,
Resistance: Retribution,PSP,Shooter,Sony Computer Entertainment,SCEA Bend Studio,8.0,0.9,0.27,0.05,0.36,0.22,2009-03-17,
Burnout Revenge,PS2,Racing,Electronic Arts,Criterion Games,9.0,0.9,0.75,,0.03,0.12,2005-09-13,
3Xtreme,PS,Action,989 Studios,Unknown,2.9,0.9,0.5,,0.34,0.06,1999-03-31,
Spider-Man 3,PS2,Platform,Activision,Vicarious Visions,4.4,0.9,0.74,0.01,0.03,0.12,2007-05-04,
Cars 2,Wii,Racing,Disney Interactive Studios,Avalanche Software,8.0,0.9,0.43,,0.38,0.1,2011-06-21,
Buzz! Master Quiz,PSP,Misc,Sony Computer Entertainment,Relentless Software,7.0,0.9,0.22,,0.44,0.24,2008-09-23,
DJ Hero,PS3,Misc,Activision,FreeStyleGames,8.5,0.9,0.42,,0.34,0.15,2009-10-27,
Killzone: Liberation,PSP,Shooter,Sony Computer Entertainment,Guerrilla Games,7.8,0.9,0.44,,0.28,0.19,2006-10-31,
Resident Evil: Revelations,3DS,Action,Capcom,Capcom,7.8,0.89,0.3,0.3,0.23,0.05,2012-02-07,
The Tomb Raider Trilogy,PS3,Action,Square Enix,Crystal Dynamics,8.5,0.89,0.27,,0.48,0.14,2011-03-22,
Blitz: The League,PS2,Sports,Midway Games,Midway Games,7.8,0.89,0.74,,0.03,0.12,2005-10-17,
Pure,PS3,Racing,Disney Interactive Studios,Black Rock Studio,7.0,0.89,0.42,0.0,0.33,0.14,2008-09-16,
Samba De Amigo,Wii,Misc,Sega,Gearbox Software,6.7,0.89,0.41,0.01,0.37,0.09,2008-09-23,
Call of Duty: World at War,DS,Shooter,Activision,n-Space,7.4,0.89,0.56,,0.25,0.08,2008-11-10,
Fire Emblem: The Sacred Stones,GBA,Strategy,Nintendo,Intelligent Systems,8.4,0.89,0.42,0.3,0.16,0.02,2005-05-23,
Dissidia 012: Duodecim Final Fantasy,PSP,Fighting,Square Enix,Square Enix,8.3,0.89,0.21,0.46,0.13,0.09,2011-03-22,
Madagascar,GBA,Platform,Activision,Vicarious Visions,5.5,0.89,0.62,,0.24,0.03,2005-05-23,
The Simpsons Game,PS3,Platform,Electronic Arts,EA Redwood Shores,7.5,0.89,0.38,,0.36,0.14,2007-10-30,
Ni no Kuni II: Revenant Kingdom,PS4,Role-Playing,Namco Bandai Games,Level 5,8.7,0.89,0.33,0.12,0.31,0.13,2018-03-23,2018-02-28
Fossil Fighters,DS,Role-Playing,Nintendo,RED Entertainment,6.9,0.89,0.83,,,0.06,2009-08-10,
Assassin's Creed III,PC,Action-Adventure,Ubisoft,Ubisoft Montreal,8.6,0.89,0.28,,0.54,0.07,2012-11-20,2018-04-12
Buzz! Quiz TV,PS3,Misc,Sony Computer Entertainment,Relentless Software,7.9,0.88,0.28,,0.47,0.13,2008-09-23,
WWE SmackDown vs. Raw 2011,X360,Fighting,THQ,JAKKS Pacific,7.1,0.88,0.44,0.0,0.35,0.08,2010-10-26,
The Lord of the Rings: War in the North,X360,Role-Playing,Warner Bros. Interactive,Snowblind Studios,6.6,0.88,0.55,0.0,0.24,0.08,2011-11-01,
Rock Band 3,X360,Misc,MTV Games,Harmonix Music Systems,9.4,0.88,0.73,,0.09,0.06,2010-10-26,
F1 2009,Wii,Racing,Codemasters,Sumo Digital,6.8,0.88,0.15,,0.62,0.11,2009-11-17,
Call of Juarez: Bound in Blood,PS3,Shooter,Ubisoft,Techland,7.7,0.88,0.35,0.01,0.38,0.15,2009-06-30,
F1 2010,X360,Racing,Codemasters,Codemasters Birmingham,8.4,0.88,0.18,0.01,0.59,0.1,2010-09-21,
Call of Duty: Modern Warfare 2,PC,Shooter,Activision,Infinity Ward,9.0,0.88,0.01,,0.79,0.08,2009-11-10,
Sonic Chronicles: The Dark Brotherhood,DS,Role-Playing,Sega,BioWare Corp.,7.3,0.88,0.5,0.01,0.29,0.08,2008-09-30,
Vagrant Story,PS,Role-Playing,Square EA,SquareSoft,9.3,0.87,0.3,0.3,0.2,0.06,2000-05-15,
Kingdom Hearts Re: Chain of Memories,PS2,Role-Playing,Square Enix,Jupiter Corporation,7.2,0.87,0.73,,0.03,0.12,2008-12-02,
Ghostbusters: The Video Game,Wii,Action,Atari,Red Fly Studio,7.6,0.87,0.59,,0.21,0.07,2009-06-16,
Mario Party: Star Rush,3DS,Party,Nintendo,"Nd Cube Co., Ltd.",6.2,0.87,0.25,0.2,0.37,0.05,2016-11-04,2018-11-19
Grand Theft Auto IV,PC,Action,Rockstar Games,Rockstar Toronto,9.2,0.87,0.01,,0.8,0.06,2008-12-02,
Mercenaries 2: World in Flames,PS3,Shooter,Electronic Arts,Pandemic Studios,6.0,0.87,0.29,0.02,0.4,0.16,2008-08-31,
Red Faction: Guerrilla,X360,Shooter,THQ,Volition Inc.,8.4,0.87,0.48,0.01,0.29,0.09,2009-06-02,
DiRT,X360,Racing,Codemasters,Codemasters,8.4,0.87,0.38,,0.4,0.09,2007-06-19,
Endless Ocean: Blue World,Wii,Simulation,Nintendo,Arika,7.6,0.87,0.46,0.12,0.22,0.06,2010-02-22,
Michael Jackson: The Experience,X360,Misc,Ubisoft,Ubisoft Montreal,5.6,0.87,0.62,0.0,0.18,0.07,2011-04-12,
Brothers In Arms: Hell's Highway,X360,Shooter,Ubisoft,Gearbox Software,7.6,0.87,0.47,0.0,0.3,0.09,2008-09-23,
GRID,X360,Racing,Codemasters,Codemasters,8.7,0.87,0.33,0.01,0.44,0.09,2008-06-03,
Metal Gear Ac!d,PSP,Strategy,Konami,Konami,7.4,0.87,0.32,0.12,0.26,0.17,2005-03-22,
Tony Hawk's Project 8,PS2,Sports,Activision,Shaba Games,6.6,0.87,0.72,,0.03,0.12,2006-11-07,
Sleeping Dogs,X360,Action-Adventure,Square Enix,United Front Games,7.9,0.87,0.38,0.01,0.4,0.08,2012-08-14,2018-03-07
Paper Mario: Color Splash,WiiU,Action-Adventure,Nintendo,Intelligent Systems,7.4,0.87,0.35,0.08,0.37,0.06,2016-10-07,2018-03-31
Super Bomberman R,NS,Puzzle,Konami Digital Entertainment,HexaDrive,6.3,0.87,0.31,0.19,0.32,0.06,2017-03-03,2018-03-24
Wii Fit U,WiiU,Misc,Nintendo,Nintendo,7.2,0.86,0.35,0.21,0.24,0.06,2014-01-10,2018-01-27
Guitar Hero: Warriors of Rock,X360,Misc,Activision,Neversoft Entertainment,7.1,0.86,0.47,,0.31,0.07,2010-09-28,
Lemmings,PSP,Puzzle,Sony Computer Entertainment,Team17 Software,7.3,0.86,0.12,,0.52,0.23,2006-05-23,
Winning Eleven: Pro Evolution Soccer 2007,PSP,Sports,Konami,Konami Computer Entertainment Tokyo,8.2,0.86,0.01,0.12,0.72,0.01,2007-02-06,
Darksiders II,PS3,Action-Adventure,THQ,Vigil Games,8.3,0.85,0.35,0.01,0.37,0.13,2012-08-14,2018-03-14
Ratatouille,PS2,Platform,THQ,Asobo Studio,6.0,0.85,0.31,,0.0,0.53,2007-06-26,
Dragon Ball Z: Burst Limit,PS3,Fighting,Atari,Dimps Corporation,7.3,0.85,0.22,0.18,0.34,0.12,2008-06-10,
NCAA Football 11,PS3,Sports,EA Sports,EA Tiburon,8.5,0.85,0.79,,,0.06,2010-07-13,
Street Fighter Alpha 2,PS,Fighting,Capcom,Capcom,8.2,0.85,0.14,0.57,0.09,0.06,1996-09-30,
Burnout Legends,PSP,Racing,Electronic Arts,Criterion Games,8.4,0.85,0.7,,0.06,0.09,2005-09-13,
Tomb Raider: Anniversary,Wii,Action,Eidos Interactive,Crystal Dynamics,6.8,0.85,0.12,,0.63,0.11,2007-11-13,
2010 FIFA World Cup South Africa,X360,Sports,EA Sports,EA Canada,8.4,0.85,0.32,0.02,0.42,0.09,2010-04-27,
Ninja Gaiden Sigma 2,PS3,Action,Tecmo Koei,Team Ninja,8.5,0.85,0.52,0.08,0.16,0.1,2009-09-29,
The Legendary Starfy,DS,Platform,Nintendo,TOSE Software,7.1,0.85,0.6,0.2,,0.05,2009-06-08,
The House of the Dead: Overkill,Wii,Shooter,Sega,Headstrong Games,7.9,0.85,0.44,0.02,0.3,0.09,2009-02-10,
Army of Two: The 40th Day,PS3,Shooter,Electronic Arts,EA Montreal,7.1,0.85,0.44,0.01,0.27,0.13,2010-01-12,
Metroid: Zero Mission,GBA,Adventure,Nintendo,Nintendo R&D1,8.9,0.84,0.6,,0.22,0.01,2004-02-09,
Ghostbusters: The Video Game,PS3,Action,Atari,Terminal Reality,7.8,0.84,0.34,,0.36,0.14,2009-06-16,
Blazing Angels: Squadrons of WWII,Wii,Simulation,Ubisoft,Ubisoft Romania,4.7,0.84,0.74,,0.04,0.06,2007-03-20,
NBA 2K10,PS3,Sports,2K Sports,Visual Concepts,8.2,0.84,0.75,0.01,0.01,0.07,2009-10-06,
ZombiU,WiiU,Action,Ubisoft,Ubisoft Montpellier,6.9,0.84,0.35,0.05,0.37,0.07,2012-11-18,2020-08-02
Xenoblade Chronicles X,WiiU,Role-Playing,Nintendo,Monolith Soft,8.1,0.84,0.34,0.15,0.29,0.06,2015-12-04,2018-01-06
Rogue Galaxy,PS2,Role-Playing,Sony Computer Entertainment,Level 5,8.3,0.84,0.24,0.39,0.16,0.05,2007-01-30,
Skate 2,PS3,Sports,Electronic Arts,EA Black Box,8.2,0.84,0.46,0.01,0.25,0.12,2009-01-21,
Spider-Man 2,GC,Action,Activision,Treyarch,7.7,0.84,0.65,,0.17,0.02,2004-06-28,
The Incredibles,GC,Action,THQ,Heavy Iron Studios,6.2,0.84,0.65,,0.17,0.02,2004-10-31,
MLB 13: The Show,PS3,Sports,Sony Computer Entertainment America,SCE San Diego Studio,8.5,0.84,0.68,,,0.16,2013-03-05,2018-03-14
Sniper Elite V2,X360,Shooter,505 Games,Rebellion Developments,7.0,0.84,0.46,0.02,0.28,0.08,2012-05-01,2018-03-13
Madden NFL 25,XOne,Sports,EA Sports,EA Tiburon,7.1,0.83,0.69,,0.06,0.09,2013-11-22,2018-01-06
Need for Speed: Nitro,Wii,Racing,Electronic Arts,EA Montreal,7.0,0.83,0.45,,0.3,0.08,2009-11-02,
Call of Duty: Modern Warfare 3,Wii,Shooter,Activision,Infinity Ward,4.5,0.83,0.55,,0.2,0.08,2011-11-08,
Sid Meier's Civilization Revolution,X360,Strategy,2K Games,Firaxis Games,8.4,0.83,0.58,0.0,0.17,0.07,2008-07-08,
Dragon Age II,PS3,Role-Playing,Electronic Arts,BioWare Corp.,7.7,0.83,0.4,0.05,0.26,0.12,2011-03-08,
Casper,PS,Adventure,Interplay,Funcom,4.9,0.83,0.46,,0.31,0.05,1996-09-17,
Madden NFL 07,PSP,Sports,EA Sports,EA Tiburon,8.3,0.83,0.77,,0.03,0.04,2006-08-22,
Twisted Metal (2012),PS3,Action,Sony Computer Entertainment,Eat Sleep Play,7.9,0.83,0.67,,0.07,0.09,2012-02-14,2018-03-14
Tiger Woods PGA Tour 11,PS3,Sports,EA Sports,EA Tiburon,7.9,0.83,0.37,,0.34,0.13,2010-06-08,
Dragon Ball: Raging Blast 2,PS3,Fighting,Namco Bandai,Spike,6.0,0.83,0.43,0.11,0.19,0.1,2010-11-02,
NCAA Football 12,PS3,Sports,EA Sports,EA Tiburon,7.7,0.83,0.78,,,0.06,2011-07-12,
Duke Nukem Forever,X360,Shooter,2K Games,Gearbox Software,4.3,0.83,0.52,,0.25,0.07,2011-06-14,
Sniper: Ghost Warrior,PS3,Shooter,City Interactive,City Interactive,4.5,0.83,0.3,0.04,0.35,0.14,2011-06-28,
Time Crisis 4,PS3,Shooter,Namco Bandai,Bandai Namco Games,6.1,0.83,0.32,0.05,0.32,0.14,2007-11-20,
WWE SmackDown vs. Raw 2009,Wii,Fighting,THQ,Yuke's Media Creations,8.2,0.83,0.44,,0.31,0.08,2008-11-09,
Yu-Gi-Oh! Dark Duel Stories,GB,Misc,Konami,KCEJ,6.2,0.83,,0.83,,,2002-03-18,
DJ Hero 2,X360,Misc,Activision,FreeStyle Games,8.5,0.83,0.65,,0.12,0.06,2010-10-19,
Stranglehold,X360,Shooter,Midway Games,Midway Games,8.0,0.83,0.41,0.01,0.33,0.09,2007-09-05,
Tony Hawk's Underground 2 Remix,PSP,Sports,Activision,Shaba Games,8.5,0.82,0.46,,0.21,0.15,2005-03-15,
Tony Hawk's Pro Skater 3,GC,Sports,Activision,Neversoft Entertainment,9.1,0.82,0.64,,0.17,0.02,2001-11-13,
Need for Speed: Hot Pursuit 2,XB,Racing,Electronic Arts,EA Black Box,8.2,0.82,0.68,,0.11,0.03,2002-10-01,
MediEvil: Resurrection,PSP,Adventure,Sony Computer Entertainment,SCEE,6.5,0.82,0.19,,0.42,0.22,2005-09-13,
The Crew 2,PS4,Racing,Ubisoft,Ivory Tower,6.5,0.82,0.22,0.05,0.42,0.12,2018-06-29,2018-07-19
The Lord of the Rings: War in the North,PS3,Role-Playing,Warner Bros. Interactive,Snowblind Studios,6.5,0.82,0.25,0.01,0.43,0.12,2011-11-01,
Marvel: Ultimate Alliance,PS2,Role-Playing,Activision,Raven Software,8.1,0.82,0.69,,0.03,0.11,2006-10-24,
Patapon,PSP,Platform,Sony Computer Entertainment,Pyramid/JAPAN Studio,8.7,0.82,0.33,0.07,0.25,0.17,2008-02-26,
The Walking Dead: A Telltale Games Series,PS3,Adventure,Telltale Games,Telltale Games,9.7,0.82,0.4,0.03,0.25,0.14,2012-11-20,2018-05-10
Professor Layton vs Ace Attorney,3DS,Adventure,Nintendo,Level 5,8.1,0.82,0.2,0.3,0.27,0.04,2014-08-29,2018-01-07
Tales of Destiny II,PS,Role-Playing,Namco,Telenet Japan / Wolfteam,7.5,0.81,0.06,0.66,0.04,0.05,2001-09-10,
Pro Evolution Soccer 2010,X360,Sports,Konami,Konami,7.0,0.81,0.12,0.03,0.58,0.08,2009-11-03,
NCAA Football 10,PS3,Sports,EA Sports,EA Tiburon,8.1,0.81,0.75,,,0.06,2009-07-14,
Ready 2 Rumble Boxing: Round 2,PS2,Fighting,Midway Games,Midway Games,7.9,0.81,0.4,,0.31,0.1,2000-10-23,
The Legend of Zelda: Four Swords Adventures,GC,Adventure,Nintendo,Nintendo EAD,8.4,0.81,0.63,,0.16,0.02,2004-06-07,
Army Men: Sarge's Heroes,N64,Shooter,3DO,3DO,4.2,0.81,0.68,,0.12,0.01,1999-09-30,
Madden NFL 16,PS3,Sports,EA Sports,EA Tiburon,8.0,0.81,0.6,,0.07,0.15,2015-08-25,2018-03-31
Golden Sun: Dark Dawn,DS,Role-Playing,Nintendo,Camelot Software Planning,8.0,0.81,0.53,0.13,0.1,0.05,2010-11-29,
Professor Layton and the Azran Legacy,3DS,Puzzle,Nintendo,Level 5,8.0,0.81,,0.25,0.53,0.03,2014-02-28,2018-01-07
Shaun White Snowboarding,X360,Sports,Ubisoft,Ubisoft Montreal,6.2,0.81,0.48,0.0,0.25,0.08,2008-11-16,
The Amazing Spider-Man (2012),PS3,Action-Adventure,Activision,Beenox,7.3,0.8,0.31,,0.36,0.12,2012-06-26,2018-03-15
Guitar Hero: Metallica,X360,Misc,Activision,Neversoft Entertainment,8.5,0.8,0.52,,0.2,0.07,2009-03-29,
Star Wars The Clone Wars: Republic Heroes,Wii,Action,LucasArts,Krome Studios,4.8,0.8,0.43,,0.3,0.07,2009-10-06,
Final Fantasy Anthology,PS,Role-Playing,Square EA,SquareSoft,8.6,0.8,0.45,,0.3,0.05,1999-09-30,
Mario & Sonic at the Sochi 2014 Olympic Winter Games,WiiU,Sports,Nintendo,Sega Sports R&D,5.9,0.8,0.37,0.14,0.23,0.06,2013-11-15,2018-01-31
Need for Speed: Hot Pursuit 2,GC,Racing,Electronic Arts,EA Seattle,7.5,0.8,0.68,,0.09,0.02,2002-10-01,
DiRT 2,X360,Racing,Codemasters,Codemasters,8.8,0.8,0.32,0.0,0.39,0.09,2009-09-08,
Star Wars Rogue Squadron III: Rebel Strike,GC,Simulation,LucasArts,Factor 5,8.3,0.8,0.62,,0.16,0.02,2003-10-15,
The Sims 2: Pets,PSP,Simulation,Electronic Arts,Maxis,5.8,0.8,0.19,,0.39,0.22,2006-12-14,
PES 2009: Pro Evolution Soccer,PSP,Sports,Konami,Konami,7.3,0.8,0.04,0.26,0.33,0.17,2008-11-11,
Darksiders II,X360,Action-Adventure,THQ,Vigil Games,8.6,0.79,0.45,0.0,0.27,0.07,2012-08-14,2018-02-07
Ridge Racer,PS,Racing,Namco,Namco,9.0,0.79,,0.74,,0.05,1995-09-09,
Invizimals,PSP,Strategy,Sony Computer Entertainment,Novarama,6.6,0.79,0.17,,0.51,0.11,2010-10-12,
Harvest Moon: A Wonderful Life,GC,Role-Playing,Natsume,Marvelous Interactive,8.2,0.79,0.61,,0.16,0.02,2004-03-16,
Dead Island: Riptide,X360,Misc,Deep Silver,Techland,5.6,0.79,0.44,0.01,0.27,0.07,2013-04-23,2018-03-15
The Godfather II,X360,Adventure,Electronic Arts,EA Redwood Shores,6.2,0.79,0.47,0.01,0.23,0.08,2009-04-07,
Band Hero,X360,Misc,Activision,Neversoft Entertainment,7.6,0.79,0.51,,0.21,0.07,2009-11-03,
James Bond 007: Nightfire,GC,Shooter,Electronic Arts,Eurocom Entertainment Software,8.1,0.78,0.6,,0.16,0.02,2002-11-18,
Goldeneye 007: Reloaded,PS3,Shooter,Activision,Eurocom,7.4,0.78,0.33,,0.33,0.12,2011-11-01,
MadWorld,Wii,Action,Sega,PlatinumGames,8.1,0.78,0.45,0.02,0.24,0.07,2009-03-10,
F1 2016,PS4,Racing,Codemasters,Codemasters,8.0,0.78,0.07,0.03,0.56,0.11,2017-01-01,2018-05-14
Need for Speed: ProStreet,PSP,Racing,Electronic Arts,EA Black Box,5.6,0.78,0.24,0.01,0.33,0.19,2008-02-18,
Fight Night Champion,X360,Fighting,EA Sports,EA Canada,8.4,0.78,0.4,,0.31,0.07,2011-03-01,
Naruto Shippuden: Ultimate Ninja Storm 2,X360,Fighting,Namco Bandai,CyberConnect2,7.6,0.78,0.43,0.01,0.27,0.07,2010-10-19,
Tiger Woods PGA Tour 10,PS3,Sports,EA Sports,EA Tiburon,8.4,0.78,0.42,,0.25,0.11,2009-06-08,
NBA 2K7,PS2,Sports,2K Sports,Visual Concepts,8.2,0.78,0.65,,0.02,0.11,2006-09-25,
DJ Hero 2,PS3,Misc,Activision,FreeStyle Games,8.4,0.78,0.49,,0.19,0.1,2010-10-19,
DJ Hero,Wii,Misc,Activision,FreeStyleGames,8.6,0.78,0.47,,0.23,0.08,2009-10-27,
Too Human,X360,Role-Playing,Microsoft Game Studios,Silicon Knights,6.5,0.78,0.38,0.03,0.3,0.08,2008-08-19,
Rayman Origins,X360,Platform,Ubisoft,Ubisoft,9.0,0.78,0.38,,0.32,0.08,2011-11-15,
Sid Meier's Civilization Revolution,PS3,Strategy,2K Games,Firaxis Games,8.4,0.78,0.49,0.01,0.19,0.09,2008-07-08,
Star Wars: The Force Unleashed II,Wii,Action,LucasArts,LucasArts,7.5,0.78,0.53,,0.19,0.06,2010-10-26,
Tom Clancy's Splinter Cell: Double Agent,X360,Action,Ubisoft,Ubisoft Shanghai,8.5,0.78,0.67,0.01,0.04,0.06,2006-10-17,
Battlefield 1,PC,Shooter,Electronic Arts,EA DICE,9.1,0.77,0.3,,0.41,0.06,2016-10-21,
Ghost Squad,Wii,Shooter,Sega,Polygon Magic,7.0,0.77,0.42,0.08,0.21,0.07,2007-11-20,
Star Wars Battlefront: Elite Squadron,PSP,Shooter,LucasArts,Savage Entertainment,6.0,0.77,0.38,,0.24,0.16,2009-11-03,
Sonic & SEGA All-Stars Racing with Banjo-Kazooie,X360,Racing,Sega,Sumo Digital,7.7,0.77,0.37,,0.32,0.07,2010-02-23,
UFC Personal Trainer: The Ultimate Fitness System,X360,Sports,THQ,THQ,6.0,0.77,0.53,,0.18,0.06,2011-06-28,
Dragon Ball: Raging Blast,PS3,Fighting,Namco Bandai,Spike,5.6,0.77,0.37,0.11,0.19,0.1,2009-11-10,
Pokémon Dash,DS,Racing,Nintendo,Ambrella,5.3,0.77,0.21,0.38,0.14,0.04,2005-03-14,
Conker's Bad Fur Day,N64,Platform,Rare,Rare Ltd.,9.2,0.77,0.53,,0.22,0.02,2001-03-04,
Maximo: Ghosts to Glory,PS2,Platform,Capcom,Capcom,8.7,0.77,0.38,,0.29,0.1,2002-02-11,
Donkey Kong Country 3,GBA,Platform,Nintendo,Rare Ltd.,7.5,0.77,0.45,0.14,0.17,0.01,2005-11-07,
James Cameron's Avatar: The Game,X360,Action,Ubisoft,Ubisoft Montreal,6.0,0.77,0.34,,0.35,0.08,2009-12-01,
Lips,X360,Misc,Microsoft Game Studios,iNiS,7.1,0.77,0.12,,0.56,0.1,2008-11-18,
Twisted Metal: Head On,PSP,Action,Sony Computer Entertainment,Incognito Inc.,7.5,0.77,0.71,,0.0,0.06,2005-03-24,
Andretti Racing,PS,Racing,EA Sports,Stormfront Studios,7.3,0.77,0.43,,0.29,0.05,1996-11-30,
Need for Speed: Undercover,PSP,Racing,Electronic Arts,Piranha Games,5.4,0.77,0.23,0.03,0.32,0.19,2008-11-17,
The Sims 3,3DS,Simulation,Electronic Arts,The Sims Studio,5.6,0.77,0.3,0.03,0.38,0.07,2011-03-27,
Lost Planet 2,X360,Shooter,Capcom,Capcom,6.5,0.76,0.38,0.08,0.24,0.06,2010-05-11,
Just Dance 2018,NS,Music,Ubisoft,Ubisoft Paris,8.0,0.76,0.3,,0.4,0.06,2017-10-24,2018-04-06
Kane & Lynch: Dead Men,X360,Shooter,Eidos Interactive,IO Interactive,6.8,0.76,0.36,0.01,0.31,0.08,2007-11-13,
Mortal Kombat: Deception,XB,Fighting,Midway Games,Midway Games,7.4,0.76,0.61,,0.12,0.03,2004-10-04,
Marvel vs. Capcom 2,PS2,Fighting,Capcom,Capcom,8.2,0.76,0.31,0.13,0.24,0.08,2002-11-19,
Sonic Unleashed,PS2,Platform,Sega,Sonic Team/Dimps Corporation,7.0,0.76,0.37,,0.04,0.36,2008-11-18,
Banjo-Kazooie: Nuts & Bolts,X360,Platform,Microsoft Game Studios,Rare Ltd.,8.0,0.76,0.32,0.0,0.35,0.08,2008-11-12,
Tony Hawk's Pro Skater 2,N64,Sports,Activision,Edge of Reality,8.5,0.76,0.59,,0.16,0.01,2001-08-21,
Band Hero,PS3,Misc,Activision,Neversoft Entertainment,7.6,0.76,0.41,,0.23,0.12,2009-11-03,
Resident Evil: Revelations,PS3,Action,Capcom,Capcom,7.6,0.76,0.14,0.22,0.32,0.09,2013-05-21,2018-03-16
Final Fantasy Legend III,GB,Role-Playing,Square,SquareSoft,7.0,0.76,,0.76,,,1993-09-29,
Harry Potter and the Half-Blood Prince,Wii,Action,Electronic Arts,Bright Light Productions,6.0,0.76,0.28,,0.4,0.08,2009-06-30,
Toy Story 3: The Video Game,X360,Action,Disney Interactive Studios,Avalanche Software,7.5,0.76,0.41,,0.27,0.07,2010-06-15,
Duke Nukem Forever,PS3,Shooter,2K Games,Gearbox Software,4.4,0.76,0.33,,0.31,0.11,2011-06-14,
PokéPark 2: Wonders Beyond,Wii,Action-Adventure,Nintendo,Creatures Inc.,6.5,0.76,0.26,0.27,0.19,0.04,2012-02-27,2018-03-16
Rockstar Games presents Table Tennis,X360,Sports,Rockstar Games,Rockstar San Diego,8.1,0.75,0.28,,0.38,0.08,2006-05-22,
LEGO City Undercover,PS4,Platform,Warner Bros. Interactive Entertainment,TT Fusion,8.0,0.75,0.17,0.01,0.46,0.12,2017-04-04,2018-05-24
Wall-E,PS2,Platform,THQ,Asobo Studio,7.5,0.75,0.21,,0.0,0.54,2008-06-24,
Spectrobes,DS,Role-Playing,Disney Interactive Studios,Jupiter Corporation,6.2,0.75,0.66,,0.03,0.06,2007-03-06,
Zone of the Enders,PS2,Simulation,Konami,Konami Computer Entertainment Japan,7.5,0.75,0.3,0.13,0.24,0.08,2001-03-26,
FIFA 19,NS,Sports,Electronic Arts,EA Sports,5.9,0.75,0.18,0.06,0.47,0.05,2018-09-28,2018-09-12
Madden NFL 06,PSP,Sports,EA Sports,EA Tiburon,7.9,0.75,0.69,,0.0,0.06,2005-09-20,
Tom Clancy's Rainbow Six: Vegas,PSP,Shooter,Ubisoft,Ubisoft Montreal,5.8,0.75,0.42,,0.2,0.13,2007-06-12,
Capcom vs. SNK 2: Mark of the Millennium 2001,PS2,Fighting,Capcom,Capcom,7.9,0.75,0.22,0.3,0.17,0.06,2001-11-06,
Turok,X360,Shooter,Touchstone,Propaganda Games,6.6,0.75,0.46,0.01,0.2,0.07,2008-02-05,
Disney Infinity 2.0: Marvel Super Heroes,PS4,Action-Adventure,Disney Interactive Studios,Avalanche Software,8.0,0.75,0.37,,0.25,0.13,2014-09-23,2018-02-06
Kane & Lynch: Dead Men,PS3,Shooter,Eidos Interactive,IO Interactive,6.8,0.75,0.29,0.01,0.32,0.13,2007-11-13,
Coded Arms,PSP,Shooter,Konami,Konami,6.1,0.75,0.28,,0.29,0.17,2005-07-06,
Drawn to Life: The Next Chapter,Wii,Puzzle,THQ,Planet Moon Studios,5.8,0.75,0.28,,0.39,0.08,2009-10-27,
WWE SmackDown vs. Raw 2009,PSP,Fighting,THQ,Yuke's Media Creations,7.9,0.75,0.41,,0.2,0.14,2008-11-09,
The Lord of the Rings: Conquest,PS3,Action,Electronic Arts,Pandemic Studios,5.8,0.75,0.38,,0.26,0.11,2009-01-13,
Genji: Days of the Blade,PS3,Action,Sony Computer Entertainment,Game Republic,5.0,0.75,0.18,0.06,0.38,0.14,2006-11-14,
The Amazing Spider-Man (2012),X360,Action-Adventure,Activision,Beenox,6.8,0.74,0.43,,0.24,0.07,2012-06-26,2018-03-15
Ace Combat: Assault Horizon,PS3,Action,Namco Bandai,Project ACES,7.5,0.74,0.3,0.22,0.16,0.07,2011-10-11,
X-Men Origins: Wolverine - Uncaged Edition,PS3,Action,Activision,Raven Software,7.0,0.74,0.31,,0.31,0.12,2009-05-01,
Sega Superstars Tennis,DS,Sports,Sega,Sumo Digital,6.2,0.74,0.29,,0.37,0.08,2008-03-18,
Red Faction: Guerrilla,PS3,Shooter,THQ,Volition Inc.,8.6,0.74,0.33,0.02,0.27,0.12,2009-06-02,
Marvel: Ultimate Alliance 2,PS3,Role-Playing,Activision,Vicarious Visions,7.8,0.74,0.49,,0.16,0.09,2009-09-15,
Resonance of Fate,PS3,Role-Playing,Sega,tri-Ace,7.5,0.74,0.2,0.24,0.22,0.08,2010-03-16,
Tales of Vesperia,X360,Role-Playing,Namco Bandai,Namco Tales Studio,8.1,0.74,0.32,0.19,0.18,0.05,2008-08-26,
Need for Speed (2015),XOne,Racing,Electronic Arts,Ghost Games,6.7,0.74,0.35,,0.33,0.06,2015-11-03,2018-04-03
Mortal Kombat: Unchained,PSP,Fighting,Midway Games,JGI Entertainment,7.0,0.74,0.67,,0.01,0.06,2006-11-15,
The Godfather II,PS3,Adventure,Electronic Arts,EA Redwood Shores,6.4,0.74,0.41,0.01,0.21,0.1,2009-04-07,
Sonic Forces,NS,Platform,Sega,Sonic Team,5.4,0.74,0.39,0.01,0.27,0.06,2017-11-07,2018-02-11
Need for Speed: Payback,XOne,Racing,Electronic Arts,Ghost Games,5.9,0.73,0.42,,0.24,0.07,2017-11-10,2018-04-04
WWE SmackDown vs. Raw 2010,Wii,Fighting,THQ,JAKKS Pacific,7.8,0.73,0.49,,0.17,0.06,2009-10-20,
Katamari Damacy,PS2,Puzzle,Namco,Namco,8.5,0.73,0.47,0.17,0.02,0.08,2004-09-21,
Brink,PS3,Shooter,Bethesda Softworks,Splash Damage,7.1,0.73,0.29,0.01,0.32,0.12,2011-05-10,
Final Fantasy XIII-2,X360,Role-Playing,Square Enix,Square Enix,7.9,0.73,0.36,0.02,0.29,0.06,2012-01-31,
Star Ocean: The Last Hope International,PS3,Role-Playing,Square Enix,tri-Ace,8.1,0.73,0.28,0.22,0.15,0.07,2010-02-09,
NCAA Football 07,X360,Sports,Electronic Arts,Electronic Arts,8.0,0.73,0.67,,,0.06,2006-07-18,
MLB 10: The Show,PS3,Sports,Sony Computer Entertainment,SCEA San Diego Studios,8.6,0.73,0.67,,,0.06,2010-03-02,
NHL 11,X360,Sports,EA Sports,EA Canada,8.8,0.73,0.61,,0.07,0.05,2010-09-07,
Madden NFL 11,Wii,Sports,EA Sports,EA Tiburon,6.8,0.73,0.68,,,0.05,2010-08-10,
MLB 14 The Show,PS4,Sports,Sony Computer Entertainment,SCE San Diego Studio,8.3,0.73,0.59,,,0.14,2014-05-06,2018-03-16
Crysis 2,PC,Shooter,Electronic Arts,Crytek,8.7,0.73,0.16,,0.45,0.12,2011-03-22,
MLB 09: The Show,PS3,Sports,Sony Computer Entertainment,SCE San Diego Studio,8.9,0.72,0.66,,,0.06,2009-03-03,2018-12-04
Indiana Jones and the Staff of Kings,Wii,Action,LucasArts,Artificial Mind and Movement,5.1,0.72,0.36,,0.29,0.07,2009-06-09,
Monster Hunter Generations Ultimate,NS,Action,Capcom,Capcom,7.7,0.72,0.27,0.27,0.14,0.04,2018-08-28,2018-08-30
XCOM: Enemy Unknown,PC,Strategy,2K Games,Firaxis Games,9.0,0.72,0.28,,0.37,0.07,2012-10-09,2018-03-22
Blur,PS3,Racing,Activision,Bizarre Creations,8.3,0.72,0.22,0.02,0.37,0.12,2010-05-25,
F1 2011,X360,Racing,Codemasters,Codemasters Birmingham,8.5,0.72,0.11,0.01,0.5,0.09,2011-09-20,
Mx vs. ATV Reflex,X360,Racing,THQ,Rainbow Studios,7.4,0.72,0.52,,0.14,0.06,2009-12-01,
James Bond 007: Agent Under Fire,GC,Shooter,Electronic Arts,EA Redwood Shores,7.5,0.72,0.56,,0.15,0.02,2002-03-13,
Rabbids Go Home,DS,Platform,Ubisoft,Ubisoft Montpellier,8.8,0.72,0.35,,0.3,0.07,2009-11-03,
Kirby: Canvas Curse,DS,Platform,Nintendo,HAL Laboratory,8.9,0.72,0.36,0.32,0.0,0.03,2005-06-13,
Battlefield: Bad Company 2,PC,Shooter,Electronic Arts,EA Digital Illusions CE,8.8,0.72,0.19,,0.53,,2010-03-02,
James Cameron's Avatar: The Game,Wii,Action,Ubisoft,Ubisoft Montreal,5.9,0.72,0.32,,0.32,0.07,2009-12-01,
Tiger Woods PGA Tour 07,PS2,Sports,EA Sports,EA Redwood Shores,7.8,0.72,0.6,,0.02,0.1,2006-10-10,
Madden NFL 10,Wii,Sports,EA Sports,EA Tiburon,7.5,0.72,0.62,,0.04,0.06,2009-08-14,
Madden NFL 08,PSP,Sports,EA Sports,EA Tiburon,7.3,0.71,0.6,,0.04,0.07,2007-08-14,
Madden NFL 09,PSP,Sports,EA Sports,EA Tiburon,6.9,0.71,0.65,,0.0,0.06,2008-08-12,
Blast Corps,N64,Action,Nintendo,Rare Ltd.,9.1,0.71,0.39,0.17,0.09,0.06,1997-02-28,
Virtua Fighter 4: Evolution,PS2,Fighting,Sega,Sega-AM2,8.9,0.71,0.35,,0.27,0.09,2003-08-13,
Mortal Kombat (2011),PSV,Fighting,Warner Bros. Interactive Entertainment,NetherRealm Studios,8.8,0.71,0.42,,0.15,0.15,2012-05-02,2018-01-06
Godzilla: Destroy All Monsters Melee,GC,Fighting,Atari,"Pipeworks Software, Inc.",7.5,0.71,0.55,,0.14,0.02,2002-10-08,
Yu-Gi-Oh! The Falsebound Kingdom,GC,Strategy,Konami,Konami,4.4,0.71,0.49,0.07,0.13,0.02,2003-11-04,
The LEGO Movie Videogame,PS4,Action-Adventure,Warner Bros. Interactive Entertainment,TT Fusion,6.0,0.71,0.26,0.01,0.32,0.11,2014-02-07,2018-03-20
Astro Bot Rescue Mission,PS4,Platform,Sony Interactive Entertainment,SIE Japan Studio,8.5,0.71,0.22,0.02,0.36,0.11,2018-10-02,2018-09-17
Spyro: Enter the Dragonfly,GC,Platform,VU Games,Equinoxe,5.0,0.71,0.55,,0.14,0.02,2002-11-08,
Catherine,PS3,Puzzle,Atlus,Atlus,7.9,0.71,0.3,0.2,0.15,0.06,2011-07-26,2018-09-12
Conker: Live And Reloaded,XB,Action-Adventure,Microsoft Game Studios,Rare Ltd.,8.1,0.71,0.49,,0.2,0.02,2005-06-21,2018-09-25
DiRT 3,X360,Racing,Codemasters,Codemasters,9.1,0.71,0.23,0.01,0.4,0.07,2011-05-24,
South Park,PS,Shooter,Acclaim Entertainment,Appaloosa Interactive,1.7,0.71,0.39,,0.27,0.05,1999-09-30,
Doom 3: Resurrection of Evil,XB,Shooter,Activision,Nerve Software,8.2,0.71,0.53,,0.15,0.03,2005-10-05,
Plants vs Zombies: Garden Warfare,XOne,Shooter,Electronic Arts,PopCap Games,7.6,0.71,0.39,0.0,0.25,0.06,2014-02-25,2018-02-05
LEGO Harry Potter: Years 1-4,PSP,Adventure,Warner Bros. Interactive,Traveller's Tales,7.5,0.71,0.14,,0.38,0.19,2010-06-29,2018-12-01
Monster Hunter 3 Ultimate,WiiU,Role-Playing,Capcom,Capcom,8.7,0.71,0.24,0.22,0.2,0.04,2013-03-19,2018-01-29
F-14 Tomcat,GBA,Action,Majesco,Virtucraft,6.9,0.7,0.5,,0.19,0.01,2001-09-02,
Mafia,PS2,Action,Gathering of Developers,Illusion Softworks,6.5,0.7,0.34,,0.27,0.09,2004-01-28,
Spider-Man 2,PSP,Action,Activision,Vicarious Visions,6.4,0.7,0.35,,0.21,0.14,2005-03-15,
TimeSplitters 2,PS2,Shooter,Eidos Interactive,Free Radical Design,9.1,0.7,0.34,,0.27,0.09,2002-10-09,
Driver: San Francisco,X360,Racing,Ubisoft,Ubisoft Reflections,8.1,0.7,0.25,0.0,0.37,0.07,2011-09-06,
The Sims: Medieval,PC,Simulation,Electronic Arts,The Sims Studio,7.2,0.7,0.29,,0.32,0.09,2011-03-22,
LEGO Rock Band,Wii,Misc,Warner Bros. Interactive,TT Games / Harmonix Music Systems,6.8,0.7,0.41,,0.22,0.06,2009-11-03,
Rocksmith 2014,PC,Music,Ubisoft,Ubisoft San Francisco,9.0,0.7,0.39,,0.24,0.06,2016-10-04,2018-03-08
Monster Hunter Stories,3DS,Role-Playing,Capcom,Marvelous,8.1,0.7,0.14,0.39,0.15,0.03,2017-09-08,2018-05-23
RIFT,PC,Role-Playing,Unknown,Trion Worlds,8.3,0.7,0.47,,0.16,0.08,2011-03-01,
Jade Empire,XB,Role-Playing,Microsoft Game Studios,BioWare Corp.,9.0,0.7,0.48,,0.19,0.03,2005-04-12,2018-09-25
Chocobo's Dungeon 2,PS,Role-Playing,Square EA,SquareSoft,6.2,0.7,0.04,0.58,0.03,0.05,1999-11-30,
Advance Wars,GBA,Strategy,Nintendo,Intelligent Systems,9.4,0.7,0.5,,0.19,0.01,2001-09-09,
Tony Hawk's Underground,GC,Sports,Activision,Neversoft Entertainment,9.0,0.7,0.54,,0.14,0.02,2003-10-27,
FIFA Soccer 11,DS,Sports,EA Sports,Exient Entertainment,7.0,0.7,0.13,,0.49,0.08,2010-09-28,
Ape Escape: On the Loose,PSP,Platform,Sony Computer Entertainment,SIMS,6.6,0.7,0.52,0.12,0.01,0.05,2005-03-22,
Disney's Chicken Little,GBA,Platform,Buena Vista,A2M,7.9,0.7,0.5,,0.18,0.01,2005-10-20,
Ace Attorney Investigations: Miles Edgeworth,DS,Adventure,Capcom,Capcom,7.7,0.7,0.23,0.3,0.14,0.04,2010-02-16,
NHL 12,X360,Sports,EA Sports,EA Canada,8.8,0.7,0.55,,0.1,0.05,2011-09-13,
Classic NES Series: Zelda II: The Adventure of Link,GBA,Adventure,Nintendo,Nintendo EAD,6.6,0.7,0.37,0.17,0.14,0.01,2004-10-25,
Madden NFL 2005,GC,Sports,EA Sports,EA Tiburon,9.2,0.7,0.54,,0.14,0.02,2004-08-09,
James Bond 007: Blood Stone,PS3,Action,Activision,Bizarre Creations,6.2,0.7,0.18,0.02,0.37,0.12,2010-11-02,
Transformers: Revenge of the Fallen,PS3,Action,Activision,Luxoflux Corp.,6.5,0.7,0.28,,0.3,0.12,2009-06-23,
Mortal Kombat: Shaolin Monks,PS2,Action,Midway Games,Midway Studios Los Angeles,8.0,0.69,0.58,,0.02,0.09,2005-09-16,
MotionSports,X360,Sports,Ubisoft,Ubisoft Milan,4.1,0.69,0.38,,0.25,0.07,2010-11-04,
Rayman Legends,NS,Platform,Ubisoft,Ubisoft Montpellier,4.5,0.69,0.23,,0.4,0.05,2017-09-12,2019-01-02
Kirby's Dream Collection: Special Edition,Wii,Platform,Nintendo,HAL Laboratory,8.0,0.69,0.33,0.33,,0.03,2012-09-16,2018-03-20
The Sly Collection,PS3,Platform,Sony Computer Entertainment,Sanzaru Games,8.7,0.69,0.52,0.01,0.08,0.08,2010-11-09,2018-04-12
Mario Party: The Top 100,3DS,Party,Nintendo,"Nd Cube Co., Ltd.",5.0,0.69,0.23,0.24,0.17,0.04,2017-11-10,2020-08-04
Dragon Ball Z: Budokai,GC,Fighting,Atari,Pyramid,6.8,0.69,0.53,,0.14,0.02,2003-10-28,
Fortnite,NS,Shooter,Warner Bros. Interactive Entertainment,Epic Games,8.5,0.69,0.38,0.01,0.24,0.06,2018-11-16,2018-06-18
Halo 2 Multiplayer Map Pack,XB,Shooter,Microsoft Game Studios,Bungie Studios,8.6,0.69,0.54,,0.13,0.02,2005-07-05,2018-10-11
Metal Gear Solid: Portable Ops Plus,PSP,Action,Konami,Kojima Productions,6.9,0.69,0.26,0.26,0.01,0.17,2007-11-13,
The Lord of the Rings: The Return of the King,GC,Action,Electronic Arts,"Hypnos Entertainment, Inc.",8.7,0.69,0.53,,0.14,0.02,2003-11-05,
Top Spin 4,PS3,Sports,2K Sports,2K Czech,8.2,0.69,0.17,,0.4,0.12,2011-03-15,
X-Men Origins: Wolverine - Uncaged Edition,X360,Action,Activision,Raven Software,7.1,0.69,0.42,,0.21,0.06,2009-05-01,
MX vs. ATV Unleashed: On the Edge,PSP,Racing,THQ,Rainbow Studios,7.3,0.69,0.64,,0.0,0.05,2006-02-27,
IL-2 Sturmovik: Birds of Prey,PS3,Simulation,505 Games,Gaijin Entertainment,8.0,0.69,0.34,,0.25,0.1,2009-09-08,
The Evil Within,XOne,Misc,Bethesda Softworks,Tango Gameworks,7.9,0.69,0.36,0.0,0.27,0.06,2014-10-14,2018-03-13
Bushido Blade 2,PS,Fighting,Square EA,Light Weight,7.5,0.68,0.25,0.22,0.17,0.04,1998-02-28,
NHL 13,X360,Sports,Electronic Arts,EA Canada,8.2,0.68,0.51,,0.11,0.06,2012-09-11,2018-03-21
Baldur's Gate: Dark Alliance II,PS2,Role-Playing,Interplay,Black Isle Studios,7.8,0.68,0.34,,0.26,0.09,2004-01-20,
F1 2015,PS4,Racing,Codemasters,Codemasters Birmingham,5.9,0.68,0.1,0.04,0.45,0.1,2015-07-21,2018-05-23
.hack//Mutation Part 2,PS2,Role-Playing,Bandai,CyberConnect2,7.5,0.68,0.23,0.2,0.18,0.06,2003-05-07,
Iron Man,PS3,Action,Sega,Secret Level,5.1,0.68,0.32,,0.25,0.11,2008-05-02,
Star Wars: Masters of Teras Kasi,PS,Action,LucasArts,LucasArts,6.8,0.68,0.38,,0.26,0.04,1997-10-31,
Rayman Legends,WiiU,Platform,Ubisoft,Ubisoft Montpellier,9.5,0.68,0.25,0.03,0.35,0.05,2013-09-03,2019-01-02
Suikoden II,PS,Role-Playing,Konami,Konami,8.5,0.68,0.15,0.38,0.1,0.04,1999-09-29,
Test Drive Unlimited 2,X360,Racing,Atari,Eden Studios,6.8,0.68,0.3,0.0,0.32,0.06,2011-02-08,
Hot Shots Golf: Open Tee 2,PSP,Sports,Sony Computer Entertainment,Clap Hanz,8.0,0.68,0.21,0.28,0.11,0.08,2008-06-03,
Madden NFL 10,PSP,Sports,EA Sports,EA Tiburon,8.0,0.67,0.5,,0.08,0.09,2009-08-14,
Mass Effect,PC,Role-Playing,Electronic Arts,BioWare / Demiurge Studios,9.1,0.67,,,0.59,0.07,2008-05-28,
Diablo III: Eternal Collection,NS,Action,Blizzard Entertainment,Blizzard Entertainment,9.0,0.67,0.38,0.01,0.22,0.06,2018-11-02,2018-09-13
Contra: Legacy of War,PS,Shooter,Konami,Appaloosa Interactive,6.5,0.67,0.37,,0.25,0.04,1996-11-30,
100 Classic Books,DS,Misc,Nintendo,Genius Sonority Inc.,4.0,0.67,0.12,,0.52,0.02,2010-06-14,
Unreal Tournament III,PS3,Shooter,Midway Games,Epic Games,8.6,0.67,0.33,,0.24,0.1,2007-12-11,
Wild ARMs 2,PS,Role-Playing,Sony Computer Entertainment,Media.Vision,6.5,0.67,0.19,0.31,0.13,0.04,2000-04-30,
Need for Speed: Shift 2 Unleashed,PS3,Racing,Electronic Arts,Slightly Mad Studios,8.4,0.67,0.2,,0.36,0.12,2011-03-29,
The Sims 3,DS,Simulation,Electronic Arts,The Sims Studio,7.5,0.67,0.38,,0.23,0.06,2010-10-26,
Blazing Angels: Squadrons of WWII,PS3,Simulation,Ubisoft,Ubisoft Romania,6.8,0.67,0.35,,0.22,0.1,2006-12-12,
Call of Duty: Ghosts,PC,Shooter,Activision,Infinity Ward,8.8,0.67,0.26,,0.36,0.05,2013-11-05,2018-03-21
Disney Infinity,WiiU,Action-Adventure,Disney Interactive Studios,Avalanche Software,7.6,0.67,0.37,,0.24,0.06,2013-08-18,2018-01-30
"The Chronicles of Narnia: The Lion, The Witch and The Wardrobe",GBA,Adventure,Buena Vista,Amaze Entertainment,6.8,0.67,0.48,,0.18,0.01,2005-11-14,
Napoleon: Total War,PC,Strategy,Sega,The Creative Assembly,8.5,0.67,0.02,,0.54,0.11,2010-02-23,
Spider-Man 3,PS3,Platform,Activision,Treyarch,6.6,0.67,0.26,0.02,0.29,0.11,2007-05-04,
Book of Spells,PS3,Misc,Sony Computer Entertainment,SCEE London Studio,6.5,0.66,0.16,,0.4,0.11,2012-11-13,2018-12-03
The Sims: Bustin' Out,GC,Simulation,Electronic Arts,Maxis,7.9,0.66,0.43,,0.2,0.03,2003-12-15,
Final Fantasy Crystal Chronicles: Ring of Fates,DS,Role-Playing,Square Enix,Square Enix,7.7,0.66,0.22,0.42,0.01,0.02,2008-03-11,
Suikoden IV,PS2,Role-Playing,Konami,Konami Computer Entertainment Tokyo,6.3,0.66,0.17,0.3,0.13,0.05,2005-01-11,
Darkstone,PS,Role-Playing,Take-Two Interactive,Delphine Software International,6.7,0.66,0.37,,0.25,0.04,2001-01-28,
Legend of Legaia,PS,Role-Playing,Sony Computer Entertainment,Contrail,8.1,0.66,0.37,,0.25,0.04,1999-03-17,
Command & Conquer: Red Alert 3,PC,Strategy,Electronic Arts,EA Los Angeles,8.2,0.66,0.01,,0.64,0.02,2008-10-28,
WWE SmackDown vs. RAW 2007,PSP,Fighting,THQ,Yuke's,7.8,0.66,0.33,,0.2,0.14,2006-12-06,
London 2012: The Official Video Game of the Olympic Games,PS3,Sports,Sega,Sega Studios Australia,6.2,0.66,0.06,,0.49,0.12,2012-06-26,
Shaun White Snowboarding,PS3,Sports,Ubisoft,Ubisoft Montreal,6.0,0.66,0.31,0.01,0.24,0.1,2008-11-16,
Fist of the North Star: Ken's Rage,PS3,Action,Tecmo Koei,Tecmo Koei Games,4.8,0.66,0.06,0.55,0.03,0.01,2010-11-02,2018-07-30
Castlevania: Lords of Shadow,X360,Action,Konami,Mercury Steam,7.9,0.66,0.42,0.01,0.17,0.05,2010-10-05,
Ratatouille,PSP,Platform,THQ,Locomotive Games,6.6,0.66,0.22,,0.28,0.16,2007-06-26,
Disney's Kim Possible 2: Drakken's Demise,GBA,Platform,Disney Interactive Studios,Artificial Mind and Movement,8.3,0.66,0.47,,0.17,0.01,2004-09-15,
Madagascar,GC,Platform,Activision,Toys for Bob,6.8,0.66,0.52,,0.13,0.02,2005-05-24,
2014 FIFA World Cup Brazil,PS3,Sports,EA Sports,EA Canada,7.9,0.66,0.15,0.01,0.4,0.1,2014-04-15,2018-03-22
NHL 13,PS3,Sports,Electronic Arts,EA Canada,8.3,0.66,0.33,,0.23,0.1,2012-09-11,2018-03-21
NHL 10,X360,Sports,EA Sports,EA Canada,9.1,0.66,0.51,,0.1,0.06,2009-09-15,
MX vs. ATV Untamed,PSP,Racing,THQ,Rainbow Studios,5.6,0.65,0.35,,0.18,0.13,2007-12-17,
F-Zero GX,GC,Racing,Nintendo,Amusement Vision,8.4,0.65,0.41,0.12,0.11,0.02,2003-08-26,
Wall-E,PSP,Platform,THQ,Heavy Iron Studios,7.7,0.65,0.29,,0.22,0.14,2008-06-24,
LEGO City Undercover,NS,Platform,Warner Bros. Interactive Entertainment,TT Fusion,8.0,0.65,0.23,0.03,0.33,0.05,2017-04-04,2018-02-24
Transformers: The Game,PSP,Action,Activision,Savage Entertainment,4.3,0.65,0.23,,0.27,0.16,2007-06-19,
Centipede,PS,Shooter,Hasbro Interactive,Leaping Lizard Software Inc.,5.9,0.65,0.36,,0.25,0.04,1999-04-30,
Scene It? Box Office Smash,X360,Misc,Microsoft Game Studios,Krome Studios / Screenlife Games,7.6,0.65,0.33,,0.25,0.07,2008-10-28,
Advance Wars 2: Black Hole Rising,GBA,Strategy,Nintendo,Intelligent Systems,8.8,0.65,0.47,,0.17,0.01,2003-06-24,
007: Quantum of Solace,Wii,Shooter,Activision,Beenox,5.6,0.65,0.29,0.01,0.28,0.07,2008-11-04,
Far Cry 4,PC,Shooter,Ubisoft,Ubisoft Montreal,8.5,0.65,0.19,,0.41,0.05,2014-11-18,2018-01-23
Tiger Woods PGA Tour 09,PS3,Sports,EA Sports,EA Tiburon,8.5,0.65,0.34,,0.22,0.1,2008-08-26,
Disney's Chicken Little,PS2,Platform,Buena Vista,Avalanche Software,6.3,0.65,0.32,,0.25,0.08,2005-10-20,
Harry Potter and the Goblet of Fire,PS2,Adventure,Electronic Arts,Electronic Arts,6.7,0.65,0.54,,0.02,0.09,2005-11-08,
Drawn to Life: The Next Chapter,DS,Adventure,THQ,5TH Cell,7.4,0.65,0.44,,0.14,0.06,2009-10-27,
Dead or Alive 5,PS3,Fighting,Tecmo Koei,Team Ninja,7.6,0.65,0.23,0.21,0.15,0.07,2015-02-17,2018-01-23
Champions: Return to Arms,PS2,Role-Playing,Sony Online Entertainment,Snowblind Studios,7.7,0.65,0.32,,0.25,0.08,2005-02-07,
Star Ocean: First Departure,PSP,Role-Playing,Square Enix,TOSE Software,7.5,0.65,0.2,0.22,0.14,0.09,2008-10-21,
Tiger Woods PGA Tour 10,X360,Sports,EA Sports,EA Tiburon,8.3,0.65,0.39,,0.2,0.06,2009-06-08,
Sengoku Basara: Samurai Heroes,PS3,Action,Capcom,Capcom,6.1,0.64,0.17,0.4,0.04,0.02,2010-10-12,
Real Heroes: Firefighter,Wii,Action,Conspiracy Entertainment,Epicenter Studios,7.4,0.64,0.56,,0.04,0.05,2009-08-04,
Dragon Ball: Raging Blast 2,X360,Fighting,Namco Bandai,Spike,6.0,0.64,0.49,0.01,0.09,0.05,2010-11-02,
X2: Wolverine's Revenge,PS2,Action,Activision,GenePool,5.8,0.64,0.31,,0.24,0.08,2003-04-14,
New Play Control! Pikmin,Wii,Strategy,Nintendo,Nintendo EAD,7.7,0.64,0.28,0.19,0.13,0.04,2009-03-09,
Just Dance 2014,WiiU,Music,Ubisoft,Ubisoft Paris,7.5,0.64,0.34,,0.25,0.06,2013-10-08,2018-03-08
Max Payne 2: The Fall of Max Payne,XB,Shooter,Rockstar Games,Remedy Entertainment,8.6,0.64,0.47,,0.15,0.02,2003-11-25,
Lost Planet: Extreme Condition,PS3,Shooter,Capcom,Capcom,6.3,0.64,0.31,0.07,0.17,0.08,2008-02-26,
Rayman 3D,3DS,Platform,Ubisoft,Ubisoft,6.3,0.64,0.23,,0.36,0.06,2011-03-22,
Konami Collector's Series: Arcade Advanced,GBA,Misc,Konami,KCEA,8.0,0.64,0.46,,0.17,0.01,2002-03-21,
Castlevania,N64,Platform,Konami,KCEK,7.6,0.64,0.44,0.04,0.1,0.05,1999-01-26,
Crash Bandicoot Purple: Ripto's Rampage,GBA,Platform,Vivendi Games,Vicarious Visions,6.7,0.64,0.46,,0.17,0.01,2004-06-03,
Rayman 2: The Great Escape,N64,Platform,Ubisoft,Ubisoft,9.0,0.64,0.4,,0.22,0.02,1999-10-31,
Crash of the Titans,PSP,Action,Sierra Entertainment,SuperVillain Studios,6.3,0.64,0.25,,0.25,0.15,2007-10-16,
Rock Band 3,Wii,Misc,MTV Games,Harmonix Music Systems,9.2,0.64,0.53,,0.06,0.05,2010-10-26,
Dead Island: Riptide,PS3,Action,Deep Silver,Techland,6.6,0.64,0.26,0.07,0.21,0.1,2013-04-23,2018-03-15
The Lord of the Rings: Conquest,X360,Action,Electronic Arts,Pandemic Studios,5.9,0.63,0.37,,0.2,0.06,2009-01-13,
LEGO The Incredibles,NS,Action,Warner Bros. Interactive Entertainment,Traveller's Tales,6.5,0.63,0.35,0.01,0.21,0.06,2018-06-15,2018-11-06
Iron Man,PSP,Action,Sega,Artificial Mind and Movement,5.0,0.63,0.46,,0.09,0.09,2008-05-02,
Sim Theme Park,PS,Strategy,Electronic Arts,Climax Group,8.5,0.63,0.35,,0.24,0.04,1999-10-24,
Wolfenstein,PS3,Shooter,Activision,Raven Software,7.2,0.63,0.25,,0.27,0.11,2009-08-18,
NieR,PS3,Role-Playing,Square Enix,Cavia Inc.,6.6,0.63,0.17,0.2,0.19,0.07,2010-04-27,
Namco Museum,GC,Misc,Namco,Mass Media,5.3,0.63,0.48,,0.13,0.02,2002-10-09,
Transformers: Revenge of the Fallen,X360,Action,Activision,Luxoflux Corp.,6.1,0.63,0.34,,0.23,0.06,2009-06-23,
Shin Megami Tensei: Persona 3 FES,PS2,Role-Playing,Atlus,Atlus,8.7,0.63,0.22,0.16,0.2,0.05,2008-04-22,2018-01-11
XCOM: Enemy Unknown,X360,Sports,2K Games,Firaxis Games,8.8,0.63,0.36,,0.22,0.06,2012-10-09,2018-03-22
Assassin's Creed IV: Black Flag,PC,Action-Adventure,Ubisoft,Ubisoft Montreal,8.5,0.63,0.24,,0.34,0.05,2013-11-19,2018-03-14
A Bug's Life,N64,Platform,Activision,Traveller's Tales,6.1,0.63,0.49,,0.13,0.01,1999-04-30,
Ape Escape 2,PS2,Platform,Ubisoft,SCE Japan Studio,8.0,0.63,0.12,0.38,0.09,0.03,2003-06-30,2018-09-16
The Sims 3: Generations,PC,Simulation,Electronic Arts,The Sims Studio,6.5,0.63,0.4,,0.23,,2011-05-31,
Dogz,GBA,Simulation,Ubisoft,MTO,4.1,0.63,0.45,,0.17,0.01,2005-11-17,
Test Drive Unlimited 2,PS3,Racing,Atari,Eden Studios,6.9,0.63,0.16,0.01,0.35,0.11,2011-02-08,
LEGO Pirates of the Caribbean: The Video Game,3DS,Action,Disney Interactive Studios,TT Fusion,7.0,0.63,0.29,,0.28,0.06,2011-05-10,2018-01-08
LEGO Star Wars II: The Original Trilogy,X360,Action,LucasArts,Traveller's Tales,8.2,0.63,0.55,,0.03,0.05,2006-09-12,
Condemned 2: Bloodshot,X360,Adventure,Sega,Monolith Productions,8.2,0.63,0.38,,0.19,0.06,2008-03-11,
Tony Hawk's Project 8,PS3,Sports,Activision,Neversoft Entertainment,7.9,0.63,0.3,0.01,0.23,0.1,2006-11-17,
X-Men Legends II: Rise of Apocalypse,PS2,Role-Playing,Activision,Raven Software,8.5,0.63,0.53,,0.02,0.09,2005-09-20,
White Knight Chronicles II,PS3,Role-Playing,D3 Publisher,Level 5,5.4,0.63,0.23,0.27,0.09,0.04,2011-09-13,
Dragon Age II,PC,Role-Playing,Electronic Arts,BioWare Corp.,7.9,0.63,0.23,,0.33,0.08,2011-03-08,
Disney Universe,PS3,Action,Disney Interactive Studios,Disney Interactive Studios,7.4,0.62,0.3,,0.23,0.09,2011-10-25,
Madden NFL 07,GC,Sports,EA Sports,EA Tiburon,8.5,0.62,0.48,,0.13,0.02,2006-08-22,
Viewtiful Joe,GC,Action,Capcom,Clover Studio,9.4,0.62,0.38,0.12,0.1,0.02,2003-10-07,
Wall-E,X360,Platform,THQ,Heavy Iron Studios,5.3,0.62,0.29,,0.26,0.07,2008-06-24,
Tomb Raider III: Adventures of Lara Croft,PC,Adventure,Eidos Interactive,Core Design Ltd.,7.3,0.62,0.59,,0.03,,1998-11-30,
Phoenix Wright: Ace Attorney - Trials and Tribulations,DS,Adventure,Capcom,Capcom,7.9,0.62,0.3,0.25,0.03,0.03,2007-10-23,
Donkey Kong Barrel Blast,Wii,Racing,Nintendo,Paon Corporation,4.8,0.62,0.19,0.11,0.26,0.06,2007-10-08,
Beetle Adventure Racing!,N64,Racing,Electronic Arts,"Paradigm Entertainment, Electronic Arts",9.2,0.62,0.4,,0.2,0.02,1999-03-24,
F1 2017,PS4,Racing,Deep Silver,Codemasters,8.0,0.62,0.04,0.02,0.47,0.09,2017-08-25,2018-05-23
Start the Party!,PS3,Misc,Sony Computer Entertainment,Supermassive Games Ltd.,6.1,0.62,0.07,,0.41,0.13,2010-09-07,
NBA 2K9,PS3,Sports,2K Sports,Visual Concepts,8.3,0.62,0.56,0.0,0.0,0.05,2008-10-07,
Jak and Daxter: The Lost Frontier,PSP,Platform,Sony Computer Entertainment,High Impact Games,7.5,0.62,0.18,0.0,0.28,0.16,2009-11-03,
Ghostbusters: The Video Game,X360,Action,Atari,Terminal Reality,7.7,0.62,0.43,,0.14,0.06,2009-06-16,
Wet,PS3,Shooter,Bethesda Softworks,Artificial Mind and Movement,6.9,0.62,0.22,0.01,0.27,0.11,2009-09-15,
DJ Hero 2,Wii,Misc,Activision,FreeStyle Games,8.7,0.62,0.48,,0.09,0.04,2010-10-19,
Dragon Ball Z: Ultimate Tenkaichi,PS3,Fighting,Namco Bandai,Spike,5.0,0.62,0.27,0.09,0.18,0.07,2011-10-25,
Wild ARMs 3,PS2,Role-Playing,Sony Computer Entertainment,Media.Vision,7.6,0.62,0.16,0.29,0.13,0.04,2002-10-15,
World of Final Fantasy,PS4,Role-Playing,Square Enix,Square Enix,6.7,0.62,0.24,0.09,0.21,0.09,2016-10-25,2018-05-23
Prince of Persia: The Forgotten Sands,X360,Action,Ubisoft,Ubisoft Montreal,7.5,0.62,0.3,0.0,0.26,0.06,2010-05-18,
Metal Gear Solid 2: Substance,XB,Action,Konami,Konami Computer Entertainment Japan,8.7,0.62,0.38,,0.22,0.03,2002-11-04,
Samurai Warriors 2,PS2,Action,KOEI,Omega Force,5.6,0.61,0.02,0.57,0.02,0.01,2006-09-19,
Tony Hawk: RIDE,PS3,Sports,Activision,Robomodo / Buzz Monkey Software,4.5,0.61,0.38,,0.15,0.08,2009-11-17,
Advance Wars: Days of Ruin,DS,Strategy,Nintendo,Intelligent Systems,8.4,0.61,0.43,,0.13,0.05,2008-01-21,
New Play Control! Pikmin 2,Wii,Strategy,Nintendo,Nintendo EAD,8.7,0.61,0.11,0.34,0.13,0.02,2012-06-10,
Half-Life 2,XB,Shooter,Electronic Arts,Valve Software,8.9,0.61,0.37,,0.21,0.03,2005-11-15,
Metroid Prime: Trilogy,Wii,Shooter,Nintendo,Retro Studios,9.0,0.61,0.42,,0.05,0.14,2009-08-24,
Vanquish,PS3,Shooter,Sega,PlatinumGames,8.5,0.61,0.21,0.11,0.22,0.08,2010-10-19,
Game & Watch Gallery 4,GBA,Misc,Nintendo,Nintendo,6.4,0.61,0.43,,0.16,0.01,2002-10-28,
Madden NFL 2002,GC,Sports,EA Sports,EA Sports,8.6,0.61,0.47,,0.12,0.02,2001-11-17,
Sacred 2: Fallen Angel,PS3,Role-Playing,CDV Software Entertainment,Ascaron Entertainment,7.1,0.61,0.22,0.08,0.23,0.09,2009-05-11,
Final Fantasy IV Advance,GBA,Role-Playing,Square Enix,Square Enix,8.6,0.61,0.27,0.22,0.1,0.01,2005-12-12,
Harry Potter and the Goblet of Fire,GBA,Adventure,Electronic Arts,Magic Pockets,6.0,0.61,0.44,,0.16,0.01,2005-11-08,
Pro Evolution Soccer 2011,X360,Sports,Konami,Konami,6.0,0.61,0.09,,0.44,0.07,2010-10-05,
Tony Hawk: RIDE,X360,Sports,Activision,Robomodo / Buzz Monkey Software,4.4,0.61,0.46,,0.1,0.05,2009-11-17,
James Cameron's Avatar: The Game,PSP,Action,Ubisoft,Ubisoft Montreal,3.9,0.61,0.22,,0.25,0.14,2009-12-01,
Dragon Ball Z: Buu's Fury,GBA,Action,Atari,Webfoot Technologies,5.9,0.61,0.44,,0.16,0.01,2004-09-14,
Backyard Wrestling: Don't Try This at Home,PS2,Fighting,Eidos Interactive,Paradox Development,6.0,0.6,0.3,,0.23,0.08,2003-10-07,
Fighters Uncaged,X360,Fighting,Ubisoft,AMA Studios,3.2,0.6,0.31,,0.23,0.06,2010-11-04,
Rayman Arena,PS2,Racing,Ubisoft,Ubisoft,6.7,0.6,0.29,,0.23,0.08,2002-09-24,
Secret Agent Clank,PS2,Platform,Sony Computer Entertainment,Sanzaru Games,7.0,0.6,0.13,,0.18,0.29,2009-05-26,
Split/Second,X360,Racing,Disney Interactive Studios,Black Rock Studio,8.4,0.6,0.32,,0.23,0.06,2010-05-18,
PGR3 - Project Gotham Racing 3,X360,Racing,Microsoft Game Studios,Bizarre Creations,8.8,0.6,0.49,0.03,0.03,0.05,2005-11-16,
Suikoden,PS,Role-Playing,Konami,Konami,8.2,0.6,0.21,0.21,0.14,0.04,1996-12-01,
Transformers: The Game,X360,Action,Activision,Traveller's Tales,5.2,0.6,0.51,,0.04,0.05,2007-06-26,
Wave Race: Blue Storm,GC,Racing,Nintendo,Nintendo Software Technology Corporation,8.4,0.6,0.4,0.09,0.1,0.02,2001-11-17,
NBA 2K7,X360,Sports,2K Sports,Visual Concepts,8.4,0.6,0.55,,0.0,0.05,2006-09-25,
Ben 10: Alien Force,PSP,Action,D3 Publisher,Monkey Bar Games,5.2,0.6,0.36,,0.14,0.11,2008-10-28,
Call of Juarez: Bound in Blood,X360,Shooter,Ubisoft,Techland,7.6,0.6,0.3,0.0,0.24,0.06,2009-06-30,
Half-Life,PS2,Shooter,Sierra Entertainment,Gearbox Software,8.4,0.6,0.29,,0.23,0.08,2001-11-11,
Medal of Honor: Frontline,GC,Shooter,Electronic Arts,EA Los Angeles,8.0,0.59,0.46,,0.12,0.02,2002-11-10,
Dead Space,PC,Shooter,Electronic Arts,EA Redwood Shores,8.8,0.59,,,0.54,0.06,2008-10-20,
Ready 2 Rumble Boxing,N64,Sports,Midway Games,Point of View,7.8,0.59,0.47,,0.11,0.01,1999-10-31,
NHL 11,PS3,Sports,EA Sports,EA Canada,8.8,0.59,0.4,,0.13,0.07,2010-09-07,
Final Fantasy Explorers,3DS,Role-Playing,Square Enix,Square Enix,7.3,0.59,0.17,0.29,0.1,0.03,2016-01-26,2018-01-08
XCOM: Enemy Unknown,PS3,Strategy,2K Games,Firaxis Games,9.1,0.59,0.25,,0.24,0.1,2012-10-09,2018-03-22
Assassin's Creed: Brotherhood,PC,Action,Ubisoft,Ubisoft Montreal,8.7,0.59,0.16,,0.34,0.09,2011-03-22,
Naruto: The Broken Bond,X360,Action,Ubisoft,Ubisoft Montreal,7.6,0.59,0.24,,0.28,0.06,2008-11-18,
Asphalt: Urban GT,DS,Racing,Ubisoft,Gameloft,5.0,0.59,0.31,,0.22,0.06,2004-11-17,
Blur,X360,Racing,Activision,Bizarre Creations,8.3,0.59,0.25,0.0,0.27,0.06,2010-05-25,
Transformers: War for Cybertron,X360,Action,Activision,High Moon Studios,7.3,0.59,0.39,,0.15,0.05,2010-06-22,
Rock Band 2,PS2,Misc,MTV Games,Harmonix Music Systems,7.9,0.59,0.29,,0.23,0.08,2008-11-18,
Crash Bandicoot: The Wrath of Cortex,GC,Platform,Universal Interactive,Traveller's Tales,6.0,0.59,0.46,,0.12,0.02,2002-09-17,
Call of Duty: Black Ops,DS,Shooter,Activision,n-Space,7.0,0.59,0.5,,0.04,0.04,2010-11-09,
The Fight: Lights Out,PS3,Fighting,Sony Computer Entertainment,ColdWood Interactive,4.7,0.59,0.29,,0.21,0.09,2010-11-09,
WarioWare D.I.Y.,DS,Misc,Nintendo,Intelligent Systems,8.3,0.59,0.17,0.2,0.18,0.04,2010-03-28,
Harvest Moon: Friends of Mineral Town,GBA,Simulation,Natsume,TOSE Software,7.6,0.59,0.34,0.11,0.13,0.01,2003-11-17,
Alice: Madness Returns,PS3,Adventure,Electronic Arts,Spicy Horse,6.7,0.59,0.22,0.04,0.24,0.08,2011-06-14,
Silent Hill: Shattered Memories,PS2,Adventure,Konami,Climax Group,8.0,0.59,0.13,0.01,0.22,0.23,2010-01-19,
Metal Gear Solid V: Ground Zeroes,PS3,Action-Adventure,Konami Digital Entertainment,Kojima Productions,8.5,0.59,0.13,0.28,0.13,0.05,2014-03-18,2018-03-22
Skylanders: SuperChargers,WiiU,Action-Adventure,Activision,Vicarious Visions,8.0,0.59,0.32,,0.22,0.05,2015-09-20,2018-04-06
Kane & Lynch 2: Dog Days,PS3,Shooter,Square Enix,IO Interactive,6.3,0.59,0.17,0.05,0.28,0.1,2010-08-17,
MLB 11: The Show,PS3,Sports,Sony Computer Entertainment,SCEA San Diego Studios,8.9,0.59,0.55,,,0.05,2011-03-08,
LEGO Indiana Jones 2: The Adventure Continues,PSP,Adventure,LucasArts,Traveller's Tales,5.2,0.59,0.21,,0.24,0.14,2009-11-17,
Dead or Alive Xtreme Beach Volleyball,XB,Sports,Tecmo,Team Ninja,6.6,0.59,0.36,0.14,0.08,0.02,2003-01-22,
Madden NFL 06,X360,Sports,EA Sports,EA Tiburon,7.7,0.59,0.54,0.01,0.0,0.03,2005-11-16,
2002 FIFA World Cup,PS2,Sports,EA Sports,EA Canada,7.9,0.59,0.21,0.16,0.17,0.06,2002-04-22,
NHL 12,PS3,Sports,EA Sports,EA Canada,8.6,0.58,0.36,,0.16,0.07,2011-09-13,
Tony Hawk's Pro Skater 4,GC,Sports,Activision,Neversoft Entertainment,9.2,0.58,0.45,,0.12,0.02,2002-10-23,
Disney Magic World 2,3DS,Simulation,Nintendo,High Horse Entertainment,7.5,0.58,0.07,0.23,0.25,0.02,2016-10-14,2018-01-08
Skate it,Wii,Sports,Electronic Arts,EA Montreal,6.6,0.58,0.5,,0.03,0.04,2008-11-19,
Call of Duty: Modern Warfare Remastered,PS4,Shooter,Activision,Infinity Ward,7.9,0.58,0.17,0.03,0.3,0.09,2017-06-27,2018-01-14
Doom 3 BFG Edition,PS3,Misc,Bethesda Softworks,Unknown,6.8,0.58,0.26,,0.22,0.1,2012-10-16,
F1 2013,PS3,Racing,Codemasters,Codemasters Birmingham,7.7,0.58,0.01,0.03,0.47,0.08,2013-10-08,2018-05-24
Championship Motocross featuring Ricky Carmichael,PS,Racing,THQ,Funcom,7.5,0.58,0.32,,0.22,0.04,1999-09-15,
NCAA Football 10,PS2,Sports,EA Sports,EA Tiburon,8.0,0.58,0.28,,0.22,0.07,2009-07-14,
Guitar Hero: Smash Hits,Wii,Misc,Activision,Neversoft Entertainment,7.5,0.58,0.31,,0.21,0.06,2009-06-16,
Deus Ex: Human Revolution,PC,Shooter,Square Enix,Eidos Montreal,8.7,0.58,0.25,,0.26,0.08,2011-08-23,
Contra: Shattered Soldier,PS2,Shooter,Konami,Konami Computer Entertainment Tokyo,7.3,0.58,0.28,,0.22,0.07,2002-10-22,
LEGO Worlds,NS,Misc,Warner Bros. Interactive Entertainment,Traveller's Tales,5.0,0.58,0.21,0.0,0.33,0.04,2017-09-05,2018-02-25
Disgaea 4: A Promise Unforgotten,PS3,Role-Playing,NIS America,Nippon Ichi Software,7.9,0.58,0.27,0.14,0.11,0.06,2011-09-06,
Diablo,PS,Role-Playing,Electronic Arts,Climax Group,8.3,0.58,0.29,0.07,0.19,0.04,1998-01-01,
Final Fantasy: The 4 Heroes of Light,DS,Role-Playing,Square Enix,Matrix Software,7.2,0.58,0.22,0.23,0.1,0.03,2010-10-05,
Kirby and the Rainbow Curse,WiiU,Platform,Nintendo,HAL Laboratory,8.2,0.58,0.26,0.13,0.14,0.04,2015-02-20,2018-03-20
Tenchu 2: Birth of the Stealth Assassins,PS,Action,Activision,Acquire,8.5,0.58,0.32,,0.22,0.04,2000-08-07,
Tom Clancy's HAWX,X360,Action,Ubisoft,Ubisoft Romania,6.9,0.58,0.31,0.02,0.19,0.06,2009-03-03,
International Superstar Soccer '98,N64,Sports,Konami,Konami Computer Entertainment Osaka,9.1,0.58,0.06,0.19,0.3,0.03,1998-09-15,
Blacksite: Area 51,X360,Shooter,Midway Games,Midway Studios Austin,6.3,0.57,0.29,,0.23,0.06,2007-11-12,
Tomb Raider: Anniversary,PSP,Action,Eidos Interactive,Crystal Dynamics,7.7,0.57,0.21,,0.23,0.13,2007-08-09,
StarCraft II: Legacy of the Void,PC,Strategy,Blizzard Entertainment,Blizzard Entertainment,8.8,0.57,0.23,,0.3,0.05,2015-11-10,2018-06-25
Disney Universe,X360,Action,Disney Interactive Studios,Disney Interactive Studios,6.7,0.57,0.37,,0.14,0.05,2011-10-25,
SpongeBob SquarePants: Battle for Bikini Bottom,XB,Platform,THQ,Heavy Iron Studios,6.7,0.57,0.45,,0.1,0.02,2003-10-31,
Spider-Man 3,X360,Platform,Activision,Treyarch,6.0,0.57,0.49,,0.04,0.04,2007-05-04,
Beyond The Beyond,PS,Role-Playing,Sony Computer Entertainment,Camelot Software Planning,4.8,0.57,0.11,0.35,0.08,0.04,1996-08-31,
Rock Band 3,PS3,Misc,MTV Games,Harmonix Music Systems,9.2,0.57,0.43,,0.09,0.06,2010-10-26,
Trivial Pursuit,Wii,Misc,Electronic Arts,Adrenalin Interactive,7.3,0.57,0.2,,0.3,0.06,2009-03-10,
Madden NFL 06,GC,Sports,EA Sports,EA Tiburon,8.7,0.57,0.44,,0.11,0.02,2005-08-08,
London 2012: The Official Video Game of the Olympic Games,X360,Sports,Sega,Sega Studios Australia,5.5,0.57,0.07,,0.44,0.06,2012-06-26,
NHL 10,PS3,Sports,EA Sports,EA Canada,9.1,0.57,0.38,,0.12,0.07,2009-09-15,
ATV Offroad Fury: Blazin' Trails,PSP,Racing,Sony Computer Entertainment,Climax Group,5.9,0.57,0.53,,0.0,0.04,2005-04-19,
Resident Evil Outbreak File #2,PS2,Action,Capcom,Capcom Production Studio 1,5.8,0.57,0.19,0.17,0.15,0.05,2005-04-26,
Starlink: Battle for Atlas,NS,Action-Adventure,Ubisoft,Ubisoft Toronto,7.5,0.57,0.35,,0.17,0.05,2018-10-16,2019-03-22
BlazBlue: Calamity Trigger,PS3,Fighting,Aksys Games,Arc System Works,8.5,0.57,0.36,0.06,0.1,0.06,2009-06-30,
Ultra Street Fighter II: The Final Challengers,NS,Fighting,Capcom,Capcom,7.0,0.57,0.22,0.09,0.22,0.04,2017-05-26,2018-01-04
Top Spin 3,PS3,Sports,2K Sports,Pam Development,7.8,0.57,0.08,0.0,0.37,0.12,2008-06-23,
Harvest Moon: The Tale of Two Towns,DS,Simulation,Natsume,Marvelous Interactive,6.3,0.57,0.27,0.22,0.06,0.03,2011-09-20,
Harvest Moon: Sunshine Islands,DS,Simulation,Natsume,Marvelous Interactive,9.0,0.57,0.35,0.17,0.03,0.03,2009-11-10,
The Sims 3: World Adventures,PC,Simulation,Electronic Arts,EA Redwood Shores,8.2,0.57,0.02,,0.18,0.37,2009-11-16,
FIFA World Cup Germany 2006,PS2,Sports,EA Sports,EA Canada,7.9,0.57,0.47,,0.02,0.08,2006-04-24,
"Warhammer 40,000: Space Marine",X360,Shooter,THQ,Relic Entertainment,7.3,0.56,0.25,,0.26,0.06,2011-09-06,
Battlefield 2: Modern Combat,XB,Shooter,Electronic Arts,Digtal Illusions,7.5,0.56,0.39,,0.15,0.02,2005-10-24,
The Lord of the Rings: The Return of the King,GBA,Role-Playing,Electronic Arts,Griptonite Games,7.4,0.56,0.4,,0.15,0.01,2003-11-05,
Xenoblade Chronicles,3DS,Role-Playing,Nintendo,Monolith Soft,8.6,0.56,0.24,0.13,0.15,0.04,2015-04-10,2018-01-15
LEGO Rock Band,X360,Misc,Warner Bros. Interactive,TT Games / Harmonix Music Systems,7.3,0.56,0.4,,0.11,0.05,2009-11-03,
NCAA Football 07,XB,Sports,EA Sports,EA Sports,8.8,0.56,0.42,,0.12,0.01,2006-07-18,
Final Fantasy IV: The Complete Collection,PSP,Role-Playing,Square Enix,Matrix Software,8.0,0.56,0.13,0.27,0.09,0.06,2011-04-19,
Top Spin 3,X360,Sports,2K Sports,Pam Development,8.1,0.56,0.09,,0.4,0.07,2008-06-23,
Everybody's Golf,PS4,Sports,Sony Interactive Entertainment,Clap Hanz,8.1,0.56,0.12,0.17,0.22,0.06,2017-08-29,2018-09-23
Tetris Party Deluxe,Wii,Puzzle,Majesco,"Tetris Online, Inc",7.3,0.56,0.33,0.02,0.16,0.05,2010-06-01,
Wolfenstein,X360,Shooter,Activision,Raven Software,7.3,0.56,0.28,,0.22,0.06,2009-08-18,
Blinx: The Time Sweeper,XB,Platform,Microsoft Game Studios,Artoon,6.8,0.56,0.39,,0.15,0.02,2002-10-07,
True Crime: Streets of LA,GC,Action,Activision,EXAKT Entertainment,8.1,0.56,0.44,,0.11,0.02,2003-11-03,
Tom Clancy's HAWX,PS3,Action,Ubisoft,Ubisoft Romania,7.5,0.56,0.21,0.05,0.22,0.09,2009-03-03,
Enslaved: Odyssey to the West,PS3,Action,Namco Bandai,Ninja Theory,7.9,0.56,0.24,0.01,0.23,0.08,2010-10-05,
No More Heroes,Wii,Action,Ubisoft,Grasshopper Manufacture,8.2,0.56,0.29,0.04,0.17,0.05,2008-01-22,
Tony Hawk's Proving Ground,X360,Sports,Activision,Neversoft Entertainment,7.2,0.56,0.49,,0.02,0.04,2007-10-15,
The Incredible Hulk,GBA,Platform,Universal Interactive,Pocket Studios,6.0,0.56,0.4,,0.15,0.01,2003-05-27,
Resident Evil 2,N64,Action,Capcom,Angel Studios,9.0,0.56,0.39,0.07,0.09,0.01,1999-10-31,
Need for Speed: Most Wanted,GC,Racing,Electronic Arts,EA Canada,8.4,0.56,0.43,,0.11,0.02,2005-11-15,
MX 2002 Featuring Ricky Carmichael,PS2,Racing,THQ,Pacific Coast Power & Light,8.0,0.56,0.27,,0.21,0.07,2001-07-03,
Archer Maclean's Mercury,PSP,Puzzle,Ignition Entertainment,Awesome Studios,7.7,0.56,0.17,,0.24,0.15,2005-04-06,
Barbie Groovy Games,GBA,Misc,Universal Interactive,Digital Illusions (DICE),3.0,0.56,0.4,,0.15,0.01,2002-09-04,
Metroid: Samus Returns,3DS,Action-Adventure,Nintendo,Mercury Steam,9.1,0.56,0.3,0.07,0.15,0.05,2017-09-15,2018-09-21
Breath of Fire IV,PS,Role-Playing,Capcom,Capcom,8.4,0.56,0.11,0.34,0.08,0.04,2000-11-28,
Odin Sphere,PS2,Role-Playing,Atlus,Vanillaware,8.0,0.56,0.23,0.09,0.18,0.06,2007-05-22,2019-01-10
Tony Hawk's Project 8,PSP,Sports,Activision,Page 44 Studios,6.3,0.56,0.41,,0.08,0.07,2006-11-21,
Viva Pinata: Pocket Paradise,DS,Simulation,THQ,Rare Ltd.,8.1,0.55,0.26,,0.23,0.06,2008-09-08,
WWF Raw (2002),XB,Fighting,THQ,Anchor,6.5,0.55,0.4,,0.13,0.02,2002-02-11,2018-01-06
MX vs. ATV: Alive,X360,Racing,THQ,Rainbow Studios,6.9,0.55,0.37,,0.13,0.05,2011-05-10,
Petz Catz Clan,DS,Simulation,Ubisoft,Ubisoft,5.0,0.55,0.47,,0.03,0.04,2008-11-18,
Metal Gear Solid 3: Subsistence,PS2,Action,Konami,Kojima Productions,9.4,0.55,0.34,0.15,0.01,0.06,2006-03-14,
Ratchet & Clank: Quest for Booty,PS3,Platform,Sony Computer Entertainment,Insomniac Games,7.6,0.55,0.0,,0.52,0.03,2008-09-12,
Poochy & Yoshi's Woolly World,3DS,Platform,Nintendo,Good-Feel,7.5,0.55,0.2,0.17,0.16,0.03,2017-02-03,2018-01-07
Secret Agent Clank(US sales),PSP,Platform,Sony Computer Entertainment,High Impact Games,7.2,0.55,0.33,,0.22,,2008-06-17,
Shrek 2,XB,Platform,Activision,"Luxoflux, Inc.",6.7,0.55,0.4,,0.13,0.02,2004-04-28,
Donkey Kong Jungle Climber,DS,Platform,Nintendo,Paon Corporation,7.8,0.55,0.25,0.24,0.03,0.03,2007-09-10,
Project CARS 2,PS4,Racing,Namco Bandai Games,Slightly Mad Studios,8.5,0.55,0.1,0.02,0.35,0.08,2017-09-22,
Batman: Vengeance,PS2,Adventure,Ubisoft,Ubisoft Montreal,7.1,0.55,0.27,,0.21,0.07,2001-10-15,
Lunar: Silver Star Story Complete,PS,Role-Playing,Working Designs,Game Arts,7.6,0.55,0.27,0.06,0.18,0.04,1999-05-28,
Disgaea 3: Absence of Justice,PS3,Role-Playing,NIS America,Nippon Ichi Software,7.8,0.55,0.36,0.11,0.03,0.05,2008-08-26,
Tatsunoko vs. Capcom: Ultimate All-Stars,Wii,Fighting,Capcom,Eighting,8.3,0.54,0.3,0.03,0.16,0.05,2010-01-26,
Dragon Ball Z: Ultimate Tenkaichi,X360,Fighting,Namco Bandai,Spike,6.0,0.54,0.39,0.01,0.1,0.05,2011-10-25,
Tactics Ogre: Let Us Cling Together,PSP,Role-Playing,Square Enix,Square Enix,9.0,0.54,0.15,0.27,0.07,0.05,2011-02-15,
METRO 2033,X360,Shooter,THQ,4a-games,7.4,0.54,0.22,0.03,0.23,0.05,2010-03-16,
Time Crisis: Razing Storm,PS3,Shooter,Namco Bandai,Nex Entertainment,5.8,0.54,0.18,0.07,0.21,0.08,2010-10-19,
Just Dance 2015,XOne,Music,Ubisoft,Ubisoft Paris,8.1,0.54,0.36,,0.13,0.05,2014-10-21,2018-04-03
Sacred 2: Fallen Angel,X360,Role-Playing,CDV Software Entertainment,Ascaron Entertainment,7.0,0.54,0.29,0.04,0.16,0.05,2009-05-11,
Dragon Ball: Fusions,3DS,Role-Playing,Namco Bandai Games,Ganbarion,6.3,0.54,0.17,0.24,0.09,0.03,2016-11-22,2018-01-14
Mario Tennis Ultra Smash,WiiU,Sports,Nintendo,Camelot Software Planning,6.1,0.54,0.16,0.15,0.2,0.03,2015-11-20,2018-03-21
Tiger Woods PGA Tour 11,Wii,Sports,EA Sports,EA Tiburon,8.3,0.54,0.23,,0.26,0.05,2010-06-08,
NBA Live 10,PS3,Sports,EA Sports,EA Canada,7.9,0.54,0.46,0.01,0.03,0.05,2009-10-06,
Gauntlet Legends,N64,Action,Midway Games,Atari Games,6.0,0.54,0.43,,0.1,0.01,1999-08-31,
Assassin's Creed II,PC,Action,Ubisoft,Ubisoft Montreal,8.5,0.54,0.01,,0.45,0.07,2010-03-09,
Hotel Dusk: Room 215,DS,Adventure,Nintendo,Cing,8.0,0.54,0.26,0.22,0.04,0.03,2007-01-22,
Bulletstorm,PS3,Shooter,Electronic Arts,People Can Fly,8.4,0.54,0.24,0.01,0.2,0.09,2011-02-22,
Manhunt 2,Wii,Action,Rockstar Games,Rockstar Toronto,5.8,0.54,0.25,,0.23,0.06,2007-10-29,
Dynasty Warriors: Gundam 3,PS3,Action,Tecmo Koei,Omega Force,6.5,0.54,0.11,0.36,0.05,0.02,2011-06-28,
Enslaved: Odyssey to the West,X360,Action,Namco Bandai,Ninja Theory,8.0,0.54,0.3,0.0,0.19,0.05,2010-10-05,
ModNation Racers,PSP,Racing,Sony Computer Entertainment,SCE San Diego Studio,7.7,0.54,0.11,0.02,0.27,0.14,2010-05-25,2018-02-03
NBA Street Vol. 2,GC,Sports,EA Sports BIG,EA Canada,8.8,0.54,0.41,,0.11,0.01,2003-04-28,
SSX Tricky,GC,Sports,EA Sports BIG,EA Canada,8.4,0.54,0.42,,0.11,0.01,2001-12-02,
FIFA 07 Soccer,XB,Sports,EA Sports,EA Canada,8.1,0.54,0.16,,0.35,0.04,2006-10-03,
Over the Hedge,PS2,Platform,Activision,Edge of Reality,6.5,0.54,0.45,,0.02,0.07,2006-05-09,
The SpongeBob SquarePants Movie,XB,Platform,THQ,Heavy Iron Studios,6.8,0.54,0.4,,0.12,0.02,2004-10-27,
Bust A Groove,PS,Misc,989 Studios,Metro,7.7,0.54,0.09,0.35,0.06,0.04,1998-10-31,
The Sims 3: Pets,PC,Simulation,Electronic Arts,The Sims Studio,7.5,0.54,0.54,,0.0,,2011-10-18,
Valkyria Chronicles II,PSP,Role-Playing,Sega,Sega WOW Overworks,8.1,0.54,0.12,0.18,0.16,0.09,2010-08-31,
Two Worlds II,X360,Role-Playing,SouthPeak Interactive,Reality Pump,6.5,0.54,0.4,0.03,0.07,0.04,2011-01-25,
Fire Emblem: Path of Radiance,GC,Role-Playing,Nintendo,Intelligent Systems,8.6,0.54,0.29,0.16,0.08,0.01,2005-10-17,
X-Men Legends,GC,Role-Playing,Activision,Raven Software,8.6,0.53,0.41,,0.11,0.01,2004-09-21,
Terminator Salvation,PS3,Shooter,Warner Bros. Interactive,GRIN,5.0,0.53,0.13,0.01,0.29,0.1,2009-05-19,
Star Fox Command,DS,Shooter,Nintendo,Nintendo EAD / Q-Games,7.2,0.53,0.38,0.1,0.01,0.04,2006-08-28,
Excite Truck,Wii,Racing,Nintendo,Monster Games Inc.,7.0,0.53,0.39,0.08,0.03,0.04,2006-11-19,
Ty the Tasmanian Tiger 2: Bush Rescue,PS2,Platform,Electronic Arts,Krome Studios,7.3,0.53,0.26,,0.2,0.07,2004-10-12,
Sonic & Sega All-Stars Racing Transformed,WiiU,Racing,Sega,Sumo Digital,6.9,0.53,0.19,0.02,0.28,0.04,2012-11-18,2020-09-14
F1 2018,PS4,Racing,Codemasters,Codemasters Birmingham,8.9,0.53,0.05,0.01,0.39,0.08,2018-08-24,2018-09-26
F1 2009,PSP,Racing,Codemasters,Sumo Digital,7.4,0.53,0.08,,0.29,0.16,2009-11-17,
007 Racing,PS,Racing,Electronic Arts,Eutechnyx,6.1,0.53,0.3,,0.2,0.03,2000-11-20,
LEGO The Incredibles,PS4,Action,Warner Bros. Interactive Entertainment,Traveller's Tales,6.5,0.53,0.18,,0.27,0.09,2018-06-15,2018-11-06
Clock Tower,PS,Adventure,ASCII Entertainment,Human Entertainment,6.1,0.53,0.07,0.38,0.05,0.03,1997-09-30,
Phoenix Wright: Ace Attorney - Justice for All,DS,Adventure,Capcom,Capcom,7.6,0.53,0.21,0.26,0.04,0.03,2007-01-16,
G-Force,DS,Action,Disney Interactive Studios,Keen Games,7.0,0.53,0.26,,0.22,0.05,2009-07-21,
Madden NFL 07,PS3,Sports,EA Sports,EA Tiburon,8.0,0.53,0.48,0.01,,0.04,2006-11-14,
Wayne Gretzky's 3D Hockey,N64,Sports,Midway Games,William's Entertainment,8.1,0.53,0.49,,0.03,0.0,1996-11-11,
Rune Factory: A Fantasy Harvest Moon,DS,Role-Playing,Natsume,Neverland Company,8.1,0.53,0.35,0.14,0.01,0.03,2007-08-14,
Blitz: The League,XB,Sports,Midway Games,Midway Games,7.9,0.53,0.4,,0.11,0.02,2005-10-17,
Tom Clancy's Ghost Recon Advanced Warfighter 2,PSP,Shooter,Ubisoft,High Voltage Software / Ubisoft Paris,6.5,0.53,0.35,,0.1,0.08,2007-08-23,
Inazuma Eleven,DS,Role-Playing,Nintendo,Level 5,6.8,0.53,,0.38,0.13,0.02,2011-08-26,
F.E.A.R. 2: Project Origin,X360,Shooter,Warner Bros. Interactive,Monolith Productions,7.9,0.52,0.32,0.0,0.15,0.05,2009-02-10,
Harry Potter and the Prisoner of Azkaban,GBA,Adventure,Electronic Arts,Griptonite Games,7.0,0.52,0.37,,0.14,0.01,2004-05-25,
Final Fantasy Chronicles,PS,Role-Playing,Square,TOSE,9.2,0.52,0.29,,0.2,0.03,2001-06-29,
The 3rd Birthday,PSP,Role-Playing,Square Enix,HexaDrive,7.0,0.52,0.13,0.27,0.07,0.05,2011-03-29,
Metal Gear Solid 2: Substance,PS2,Action,Konami,Konami Computer Entertainment Japan,8.5,0.52,0.18,0.16,0.14,0.05,2003-03-03,
Fight Night Round 3,PSP,Fighting,EA Sports,EA Chicago,7.2,0.52,0.46,,0.02,0.04,2006-02-20,
Ready 2 Rumble Boxing: Round 2,PS,Fighting,Midway Games,Midway Games,6.5,0.52,0.29,,0.2,0.03,2000-11-09,
Metal Gear Solid HD Collection,PS3,Action,Konami,Bluepoint Games,9.1,0.52,0.32,,0.13,0.07,2011-11-08,
Sesame Street: Once Upon A Monster,X360,Education,Warner Bros. Interactive,Double Fine Productions,8.0,0.52,0.39,,0.09,0.04,2011-10-11,2022-07-10
Seaman,DC,Simulation,Sega,VIVARIUM Inc.,8.1,0.52,,0.52,,,2000-08-09,
Tiger Woods PGA Tour 11,X360,Sports,EA Sports,EA Tiburon,8.1,0.52,0.28,,0.19,0.05,2010-06-08,
We Love Katamari,PS2,Puzzle,Namco,Namco,8.2,0.52,0.26,,0.2,0.07,2005-09-20,
Silent Hill: Origins,PSP,Action,Konami,Climax Group,7.8,0.52,0.22,0.04,0.16,0.1,2007-11-06,
GT Pro Series,Wii,Racing,Ubisoft,MTO,3.7,0.52,0.46,0.02,0.01,0.04,2006-11-14,
Cars 2,PS3,Racing,Disney Interactive Studios,Avalanche Software,7.5,0.52,0.22,,0.22,0.09,2011-06-21,
Way of the Samurai 3,PS3,Action,Agetec,Acquire,6.5,0.52,0.18,0.22,0.08,0.04,2009-10-13,
Mystery Dungeon: Shiren the Wanderer,DS,Role-Playing,Sega,ChunSoft,7.1,0.52,0.17,0.33,0.0,0.02,2008-03-04,
Rune Factory 2: A Fantasy Harvest Moon,DS,Role-Playing,Natsume,Neverland Company,7.9,0.52,0.32,0.15,0.03,0.03,2008-11-18,
Spectrobes: Beyond the Portals,DS,Role-Playing,Disney Interactive Studios,Jupiter Multimedia,7.3,0.52,0.36,,0.11,0.05,2008-10-07,
Alice in Wonderland,Wii,Adventure,Disney Interactive Studios,Etranges Libellules,6.3,0.51,0.25,,0.21,0.05,2010-03-02,
DiRT Rally,PS4,Racing,Codemasters,Codemasters,8.3,0.51,0.13,,0.3,0.08,2016-04-05,2018-01-17
Lair,PS3,Action,Sony Computer Entertainment,Factor 5,5.5,0.51,0.36,0.08,0.04,0.04,2007-08-30,
Dynasty Warriors,PSP,Action,Tecmo Koei,Omega Force,6.6,0.51,0.18,0.3,0.0,0.02,2005-03-17,
Disney's Kim Possible: Revenge of Monkey Fist,GBA,Platform,Disney Interactive Studios,Digital Eclipse,5.0,0.51,0.37,,0.14,0.01,2002-11-13,
Test Drive Unlimited,PSP,Racing,Atari,Melbourne House,7.7,0.51,0.08,,0.28,0.15,2007-03-21,
Prince of Persia Trilogy,PS3,Action,Ubisoft,Ubisoft,8.3,0.51,0.17,,0.24,0.09,2011-04-19,
Ratatouille,PS3,Platform,THQ,Heavy Iron Studios,5.2,0.51,0.09,,0.32,0.1,2007-10-23,
Major League Baseball 2K10,X360,Sports,2K Sports,Visual Concepts,7.4,0.51,0.47,,,0.04,2010-03-02,
Pro Evolution Soccer 2010,Wii,Sports,Konami,Konami,8.1,0.51,0.12,0.06,0.27,0.05,2009-11-10,
The Saboteur,X360,Action,Electronic Arts,Pandemic Studios,7.2,0.51,0.26,,0.2,0.05,2009-12-08,
Fire Emblem Warriors,NS,Action,Nintendo,Omega Force,7.3,0.51,0.22,0.1,0.14,0.04,2017-10-20,2020-08-03
NBA Live 07,PSP,Sports,EA Sports,EA Canada,7.0,0.51,0.47,,0.0,0.04,2006-09-25,
Madden NFL 2004,GC,Sports,EA Sports,EA Tiburon,9.2,0.51,0.4,,0.1,0.01,2003-08-12,
Dragon Ball: Raging Blast,X360,Fighting,Namco Bandai,Spike,5.8,0.51,0.36,0.02,0.08,0.04,2009-11-10,
Dragon Ball Z: Supersonic Warriors,GBA,Fighting,Atari,Banpresto,7.1,0.51,0.36,,0.13,0.01,2004-06-22,
SoulCalibur: Broken Destiny,PSP,Fighting,Namco Bandai,Project Soul,8.0,0.51,0.12,0.07,0.2,0.12,2009-09-01,
Bleach: Soul Resurreccion,PS3,Fighting,NIS America,Eighting,6.7,0.51,0.27,0.07,0.11,0.06,2011-08-03,
Halo Wars 2,XOne,Strategy,Microsoft Studios,Creative Assembly,7.0,0.51,0.31,,0.15,0.05,2017-02-21,2018-02-24
DC Universe Online,PS3,MMO,Sony Online Entertainment,WBIE,6.5,0.51,0.35,,0.11,0.06,2011-01-11,2018-09-15
NHL 07,PS2,Sports,EA Sports,EA Montreal,7.2,0.51,0.42,,0.02,0.07,2006-09-12,
Goldeneye 007: Reloaded,X360,Shooter,Activision,Eurocom,7.4,0.5,0.25,,0.2,0.05,2011-11-01,
Wet,X360,Shooter,Bethesda Softworks,Artificial Mind and Movement,6.9,0.5,0.23,0.01,0.21,0.05,2009-09-15,
Steel Diver,3DS,Action,Nintendo,Nintendo EAD,5.6,0.5,0.31,0.05,0.1,0.04,2011-03-27,
Rock Band Unplugged,PSP,Misc,MTV Games,Backbone Entertainment / Harmonix Music Systems,8.0,0.5,0.25,,0.15,0.11,2009-06-09,
Madden NFL 07,Wii,Sports,EA Sports,HB Studios,8.2,0.5,0.46,,0.0,0.04,2006-11-14,
NHL 09,X360,Sports,Electronic Arts,EA Canada,9.0,0.5,0.45,,0.01,0.04,2008-09-09,
Pokémon Art Academy,3DS,Misc,Nintendo,Headstrong Games,7.8,0.5,0.18,0.17,0.12,0.03,2014-10-24,2018-08-03
Tactics Ogre: The Knight of Lodis,GBA,Role-Playing,Atlus,Quest Corporation,8.5,0.5,0.13,0.31,0.05,0.01,2002-05-11,
Tiger Woods PGA Tour 07,PS3,Sports,EA Sports,EA Redwood Shores,8.1,0.5,0.31,,0.12,0.07,2006-11-14,
Dragon Age: Origins,PC,Role-Playing,Electronic Arts,BioWare Corp.,9.1,0.5,,,0.46,0.04,2009-11-03,
Burnout Revenge,X360,Racing,Electronic Arts,Criterion,8.8,0.5,0.42,,0.04,0.04,2006-03-07,
Picross DS,DS,Puzzle,Nintendo,Jupiter Multimedia,8.4,0.5,0.17,0.3,0.02,0.02,2007-07-30,
Picross 3D,DS,Puzzle,Nintendo,HAL Laboratory,8.7,0.5,0.28,0.16,0.03,0.03,2010-05-03,
Bully: Scholarship Edition,Wii,Action,Rockstar Games,Rockstar Toronto,8.4,0.5,0.17,,0.28,0.06,2008-03-04,
Tony Hawk's Underground 2,GC,Sports,Activision,Neversoft Entertainment,8.6,0.5,0.38,,0.1,0.01,2004-10-04,
Avatar: The Last Airbender,GC,Adventure,THQ,AWE Games,5.5,0.5,0.39,,0.1,0.01,2006-10-10,
Alice: Madness Returns,X360,Adventure,Electronic Arts,Spicy Horse,6.9,0.5,0.27,0.04,0.15,0.04,2011-06-14,
Ratatouille,Wii,Platform,THQ,Asobo Studio,6.5,0.5,0.43,,0.03,0.04,2007-06-26,
Epic Mickey: Power of Illusion,3DS,Platform,Disney Interactive Studios,DreamRift,6.6,0.5,0.36,0.04,0.05,0.04,2012-11-18,2018-01-09
Pro Evolution Soccer 2012,X360,Sports,Konami,Konami,7.7,0.5,0.1,,0.34,0.06,2011-09-27,
Hometown Story,3DS,Simulation,Natsume,Toy Box,5.5,0.5,0.29,0.04,0.13,0.04,2013-10-22,2018-01-14
Dead or Alive Ultimate,XB,Fighting,Tecmo,Team Ninja,8.1,0.5,0.3,0.08,0.1,0.02,2004-10-26,
Transformers: War for Cybertron,PS3,Action,Activision,High Moon Studios,7.8,0.5,0.24,,0.18,0.07,2010-06-22,
Hitman: Blood Money,PS2,Action,Eidos Interactive,IO Interactive,8.2,0.5,0.25,,0.19,0.06,2006-05-30,
WWE SmackDown vs. RAW 2007,X360,Fighting,THQ,Yuke's,8.0,0.5,0.44,,0.03,0.04,2006-11-14,
R.U.S.E.,PS3,Strategy,Ubisoft,Eugen Systems,8.0,0.5,0.18,0.02,0.22,0.08,2010-09-07,
Super Monkey Ball 3D,3DS,Action,Sega,Sega,5.7,0.5,0.26,0.05,0.15,0.04,2011-03-27,
Spider-Man 2,DS,Action,Activision,Vicarious Visions,6.1,0.5,0.41,0.03,0.02,0.04,2004-11-16,
Fire Emblem: Radiant Dawn,Wii,Strategy,Nintendo,Intelligent Systems,7.7,0.49,0.27,0.17,0.03,0.03,2007-11-05,
Kane & Lynch 2: Dog Days,X360,Shooter,Square Enix,IO Interactive,6.4,0.49,0.2,0.01,0.23,0.05,2010-08-17,
Ace Combat: Assault Horizon,X360,Action,Namco Bandai,Project ACES,7.0,0.49,0.3,0.03,0.12,0.04,2011-10-11,
The Matrix: Path of Neo,PS2,Action,Atari,Shiny Entertainment,6.8,0.49,0.41,,0.01,0.07,2005-11-07,
Dynasty Warriors: Gundam 2,PS3,Action,Namco Bandai,Omega Force,5.9,0.49,0.09,0.32,0.07,0.03,2009-04-21,
Dragon Ball Z: Burst Limit,X360,Fighting,Atari,Dimps Corporation,7.3,0.49,0.24,0.03,0.18,0.05,2008-06-10,
Animal Crossing: Amiibo Festival,WiiU,Party,Nintendo,"Nd Cube Co., Ltd.",4.8,0.49,0.23,0.1,0.12,0.04,2015-11-13,2018-02-08
MotorStorm: Apocalypse,PS3,Racing,Sony Computer Entertainment,Evolution Studios,7.6,0.49,0.21,,0.2,0.08,2011-05-03,
Asphalt 3D,3DS,Racing,Ubisoft,Konami,4.0,0.49,0.27,0.02,0.16,0.04,2011-03-22,
F1 2012,X360,Racing,Codemasters,Codemasters Birmingham,8.5,0.49,0.1,,0.34,0.05,2012-09-18,2018-03-11
Crazy Taxi,GC,Racing,Acclaim Entertainment,Hitmaker,7.2,0.49,0.36,0.02,0.09,0.01,2001-11-17,
DiRT 4,PS4,Racing,Deep Silver,Codemasters,8.6,0.49,0.1,0.02,0.3,0.07,2017-06-06,2018-11-23
Babysitting Mama,Wii,Simulation,Majesco,Cooking Mama Limited,3.8,0.49,0.33,,0.12,0.04,2010-11-16,
Alone in the Dark,X360,Adventure,Atari,Eden Studios,6.3,0.49,0.14,0.0,0.3,0.05,2008-06-23,
Story of Seasons: Trio of Towns,3DS,Simulation,Marvelous Interactive,Marvelous Entertainment,7.9,0.49,0.19,0.22,0.06,0.03,2017-02-28,2018-05-29
FIFA 13,WiiU,Sports,EA Sports,EA Canada,7.0,0.49,0.18,,0.28,0.04,2012-11-18,2018-04-06
Mario Golf: World Tour,3DS,Sports,Nintendo,Camelot Software Planning,8.1,0.49,0.14,0.18,0.15,0.03,2014-05-02,2018-01-09
Tony Hawk's Project 8,X360,Sports,Activision,Neversoft Entertainment,8.4,0.49,0.44,0.0,0.02,0.04,2006-11-07,
Star Wars Battlefront (2015),PC,Shooter,Electronic Arts,EA DICE,7.5,0.49,0.13,,0.33,0.04,2015-11-17,2018-03-24
Resident Evil: The Mercenaries 3D,3DS,Shooter,Capcom,Capcom,6.3,0.49,0.16,0.13,0.17,0.03,2011-06-28,
Star Wars Battlefront: Elite Squadron,DS,Shooter,LucasArts,n-Space,5.9,0.49,0.42,,0.04,0.04,2009-11-03,
Dark Sector,X360,Shooter,D3 Publisher,Digital Extremes,7.1,0.48,0.22,0.01,0.2,0.05,2008-03-25,
Far Cry 2,PC,Shooter,Ubisoft,Ubisoft Montreal,8.4,0.48,0.01,,0.45,0.02,2008-10-21,
Cars 2,X360,Racing,Disney Interactive Studios,Avalanche Software,7.5,0.48,0.28,,0.15,0.05,2011-06-21,
Children of Mana,DS,Role-Playing,Nintendo,Next Entertainment,7.0,0.48,0.16,0.29,0.01,0.01,2006-11-01,
Harvest Moon 64,N64,Simulation,Natsume,Toy Box Studios,7.8,0.48,0.25,0.11,0.06,0.06,1999-11-30,
The Saboteur,PS3,Action,Electronic Arts,Pandemic Studios,7.1,0.48,0.2,,0.21,0.07,2009-12-08,
Sonic Lost World,3DS,Platform,Sega,Dimps Corporation,5.2,0.48,0.22,0.07,0.15,0.04,2013-10-29,2018-04-07
You're in the Movies,X360,Misc,Microsoft,Zoe Mode,5.1,0.48,0.27,,0.17,0.05,2008-11-17,
Crazy Taxi: Fare Wars,PSP,Racing,Sega,Sniper Studios,6.3,0.48,0.1,0.02,0.23,0.13,2007-08-07,
Tiger Woods PGA Tour 07,X360,Sports,EA Sports,EA Redwood Shores,8.2,0.48,0.44,,0.0,0.04,2006-10-17,
Atelier Rorona: Alchemist of Arland,PS3,Role-Playing,NIS America,Gust,6.4,0.48,0.22,0.11,0.1,0.05,2014-06-24,
Yu-Gi-Oh! Forbidden Memories (JP sales),PS,Role-Playing,Konami,KCEJ,6.3,0.48,,0.45,,0.03,2002-03-20,
Theme Park Roller Coaster,PS2,Strategy,Electronic Arts,Bullfrog Productions,7.9,0.48,0.23,,0.18,0.06,2000-12-04,
Alice in Wonderland,DS,Adventure,Disney Interactive Studios,Etranges Libellules,7.0,0.48,0.25,,0.18,0.05,2010-03-02,
FIFA World Cup Germany 2006,X360,Sports,EA Sports,EA Canada,7.8,0.48,0.19,0.01,0.27,,2006-04-24,
A Way Out,PS4,Action,Electronic Arts,Hazelight,7.5,0.48,0.23,,0.16,0.08,2018-03-23,2018-03-24
Unreal Tournament III,X360,Shooter,Midway Games,Epic Games,7.8,0.47,0.25,0.01,0.17,0.05,2008-07-07,
Silent Hill: Shattered Memories,Wii,Adventure,Konami,Climax Group,7.3,0.47,0.22,0.01,0.19,0.05,2009-12-08,
Shadowrun (2007),X360,Shooter,Microsoft Game Studios,FASA Studio,6.3,0.47,0.41,,0.02,0.04,2007-05-29,2018-11-02
Dark Sector,PS3,Shooter,D3 Publisher,Digital Extremes,7.2,0.47,0.23,0.01,0.16,0.07,2008-03-25,
F.E.A.R. 2: Project Origin,PS3,Shooter,Warner Bros. Interactive,Monolith Productions,8.2,0.47,0.19,0.01,0.2,0.08,2009-02-10,
Petz Sports,Wii,Simulation,Ubisoft,Ubisoft Montreal,5.0,0.47,0.42,,0.01,0.04,2008-11-04,
Dance Dance Revolution: Mario Mix,GC,Simulation,Nintendo,Konami,7.0,0.47,0.36,,0.09,0.01,2005-10-24,
Dead Space Extraction,Wii,Shooter,Electronic Arts,Visceral Games,8.2,0.47,0.32,0.01,0.1,0.04,2009-09-28,
Doom 64,N64,Shooter,Midway Games,Midway Studios San Diego,7.4,0.47,0.38,,0.08,0.01,1997-03-31,
Dragon Age Origins: Awakening,X360,Role-Playing,Electronic Arts,BioWare Corp.,8.3,0.47,0.33,,0.1,0.04,2010-03-16,
Quest 64,N64,Role-Playing,THQ,Imagineer,5.4,0.47,0.38,,0.08,0.01,1998-06-11,
Final Fantasy Crystal Chronicles: Echoes of Time,DS,Role-Playing,Square Enix,Square Enix,7.7,0.47,0.12,0.27,0.06,0.02,2009-03-24,
Sonic Mania,NS,Platform,Sega,PagodaWest Games,8.8,0.47,0.23,0.01,0.18,0.04,2017-08-15,2017-12-23
Spider-Man 3,DS,Platform,Activision,Vicarious Visions,8.0,0.47,0.41,,0.02,0.04,2007-05-04,
Spider-Man 3,Wii,Platform,Activision,Vicarious Visions,4.8,0.47,0.42,,0.02,0.04,2007-05-04,
Two Worlds II,PS3,Role-Playing,SouthPeak Interactive,Reality Pump,6.5,0.47,0.26,0.06,0.1,0.04,2011-01-25,
Dynasty Warriors Gundam,PS3,Action,Namco Bandai,Omega Force,6.4,0.47,0.14,0.31,0.01,0.02,2007-08-28,
Tiger Woods PGA Tour 07,Wii,Sports,EA Sports,EA Redwood Shores,7.1,0.47,0.43,,0.0,0.04,2007-03-13,
Need for Speed Carbon,XB,Racing,Electronic Arts,EA Black Box,7.9,0.47,0.35,,0.1,0.02,2006-10-31,
Knack 2,PS4,Platform,Sony Interactive Entertainment,SIE Japan Studio,6.7,0.47,0.14,0.01,0.25,0.07,2017-09-05,2018-09-23
James Bond 007: Blood Stone,X360,Action,Activision,Bizarre Creations,6.2,0.47,0.2,0.0,0.23,0.05,2010-11-02,
NBA Live 07,X360,Sports,EA Sports,EA Canada,6.0,0.47,0.43,,0.0,0.04,2006-09-25,
2010 FIFA World Cup South Africa,PSP,Sports,EA Sports,EA Canada,6.8,0.47,0.09,0.03,0.23,0.12,2010-04-27,
Viva Pinata: Trouble in Paradise,X360,Simulation,Microsoft Game Studios,Rare Ltd.,8.5,0.47,0.16,0.01,0.25,0.05,2008-09-02,
FlingSmash,Wii,Action,Nintendo,Artoon,3.8,0.47,0.37,0.07,0.01,0.02,2010-11-07,
Spider-Man: Friend or Foe,DS,Action,Activision,Artificial Mind and Movement,5.3,0.47,0.43,,0.0,0.04,2007-10-02,
Detective Pikachu,3DS,Adventure,Nintendo,Creatures Inc.,7.1,0.47,0.15,0.12,0.17,0.03,2018-03-23,2018-01-12
"Warhammer 40,000: Dawn of War II",PC,Strategy,THQ,Relic,8.7,0.47,,,0.45,0.01,2009-02-19,
Alien Trilogy,PS,Shooter,Acclaim Entertainment,Probe Entertainment Limited,8.0,0.47,0.24,0.04,0.16,0.03,1997-09-01,
Luigi's Mansion,3DS,Adventure,Nintendo,GREZZO,7.3,0.47,0.19,0.09,0.16,0.03,2018-10-12,2020-08-03
Just Dance 2014,PS4,Music,Ubisoft,Ubisoft Paris,7.5,0.47,0.21,,0.18,0.08,2013-11-15,2018-03-08
ICO,PS2,Adventure,Sony Computer Entertainment,Team ICO,8.8,0.47,0.23,,0.18,0.06,2001-09-24,
Fantavision,PS2,Puzzle,Sony Computer Entertainment,SCEI,8.0,0.47,0.14,0.19,0.11,0.04,2000-10-25,
Mario Sports Superstars,3DS,Sports,Nintendo,Namco Bandai Games,6.0,0.46,0.18,0.13,0.12,0.03,2017-03-24,2018-01-20
Mega Man Star Force 3: Black Ace / Red Joker,DS,Role-Playing,Capcom,Capcom,5.7,0.46,0.22,0.22,,0.02,2009-06-30,
ATV Offroad Fury Pro,PSP,Racing,Sony Computer Entertainment,Climax Group,7.6,0.46,0.37,,0.04,0.04,2006-10-26,
Metal Gear Solid: The Essential Collection,PS2,Adventure,Konami,Konami Computer Entertainment Japan,9.0,0.46,0.23,,0.18,0.06,2008-03-18,
FIFA Soccer 12,PC,Sports,EA Sports,EA Canada,9.1,0.46,0.04,,0.33,0.09,2011-09-27,
The Golden Compass,X360,Adventure,Sega,Shiny Entertainment,4.4,0.46,0.3,,0.12,0.04,2007-12-04,
Dragon Ball Z: Collectible Card Game,GBA,Misc,Infogrames,Magellan Interactive,6.0,0.46,0.33,,0.12,0.01,2002-05-29,
MX vs. ATV: Alive,PS3,Racing,THQ,Rainbow Studios,6.9,0.46,0.24,,0.15,0.07,2011-05-10,
Need for Speed: Hot Pursuit,Wii,Racing,Electronic Arts,Exient Entertainment,5.0,0.46,0.17,0.0,0.24,0.05,2010-11-16,
Crash Nitro Kart,GBA,Racing,Vivendi Games,Vicarious Visions,7.7,0.46,0.33,,0.12,0.01,2003-11-11,
State of Decay 2,XOne,Action-Adventure,Microsoft Studios,Undead Labs,7.0,0.46,0.27,,0.14,0.04,2018-05-22,2018-09-25
Bloody Roar II,PS,Fighting,Sony Computer Entertainment,Eighting / Raizing,8.2,0.46,0.25,,0.17,0.03,1999-04-30,
Mat Hoffman's Pro BMX 2,PS2,Sports,Activision,Rainbow Studios,8.1,0.46,0.23,,0.18,0.06,2002-08-12,
Tales of Vesperia,PS3,Role-Playing,Namco Bandai,Namco Tales Studio,8.0,0.46,,0.46,,,2009-09-17,
Classic NES Series: Pac-Man,GBA,Puzzle,Nintendo,Nintendo,5.7,0.46,0.25,0.12,0.09,0.01,2004-06-02,
Jak and Daxter: The Lost Frontier,PS2,Platform,Sony Computer Entertainment,High Impact Games,7.5,0.46,0.22,,0.17,0.06,2009-11-03,
Disney's Kim Possible 3: Team Possible,GBA,Platform,Disney Interactive Studios,Artificial Mind and Movement,9.0,0.46,0.33,,0.12,0.01,2005-08-21,
Tomb Raider: Legend,PSP,Action,Eidos Interactive,Buzz Monkey,7.2,0.46,0.09,,0.25,0.12,2006-06-21,
Boom Blox Bash Party,Wii,Puzzle,Electronic Arts,EA Los Angeles,8.8,0.46,0.33,,0.09,0.04,2009-05-19,
Brothers In Arms: D-Day,PSP,Shooter,Ubisoft,Gearbox Software,6.8,0.46,0.23,,0.14,0.09,2006-12-05,
Red Faction: Armageddon,PS3,Shooter,THQ,Volition Inc.,7.0,0.46,0.2,0.03,0.15,0.07,2011-06-07,
Syphon Filter: Logan's Shadow,PSP,Shooter,Sony Computer Entertainment,SCEA Bend Studio,8.4,0.46,0.25,,0.12,0.09,2007-10-02,
Hyrule Warriors: Definitive Edition,NS,Action,Nintendo,Omega Force,8.0,0.46,0.21,0.07,0.15,0.03,2018-05-18,2019-12-30
.hack//Outbreak Part 3,PS2,Role-Playing,Bandai,CyberConnect2,7.1,0.46,0.14,0.17,0.11,0.04,2003-09-09,
Iridion 3D,GBA,Shooter,Majesco,Shin'en GmbH,5.6,0.46,0.33,,0.12,0.01,2001-05-29,
Area 51,PS2,Shooter,Midway Games,Midway Studios Austin,7.7,0.45,0.22,,0.17,0.06,2005-04-25,
Enemy Territory: Quake Wars,X360,Shooter,Activision,Nerve Software,6.7,0.45,0.3,,0.11,0.04,2008-05-27,
Vandal Hearts,PS,Role-Playing,Konami,Konami Computer Entertainment Tokyo,7.7,0.45,0.14,0.19,0.09,0.03,1997-03-27,
"Warhammer 40,000: Space Marine",PS3,Shooter,THQ,Relic Entertainment,7.3,0.45,0.13,,0.24,0.08,2011-09-06,
PES 2009: Pro Evolution Soccer,Wii,Sports,Konami,Konami,8.4,0.45,0.09,0.05,0.26,0.05,2009-03-17,
F.E.A.R. 3,PS3,Shooter,Warner Bros. Interactive,Day 1 Studios,7.8,0.45,0.21,0.01,0.16,0.07,2011-06-21,
Phantasy Star Online Episode I & II,GC,Role-Playing,Sega,Sonic Team,8.2,0.45,0.23,0.16,0.06,0.01,2002-10-29,
Enter the Matrix,GC,Action,Atari,Shiny Entertainment,6.5,0.45,0.34,0.02,0.09,0.01,2003-05-14,
Bleach: The Blade of Fate,DS,Fighting,Sega,"Treasure Co., Ltd.",8.2,0.45,0.29,0.12,0.01,0.03,2007-10-09,
Apocalypse,PS,Action,Activision,Neversoft Entertainment,6.7,0.45,0.25,,0.17,0.03,1998-10-31,
Band Hero,DS,Misc,Activision,Vicarious Visions,6.3,0.45,0.22,,0.19,0.05,2009-11-03,
The Powerpuff Girls: Relish Rampage,PS2,Action,BAM! Entertainment,VIS Entertainment,3.8,0.45,0.22,,0.17,0.06,2002-11-24,
L.A. Noire,NS,Adventure,Rockstar Games,Team Bondi,7.9,0.45,0.21,,0.21,0.04,2017-11-14,2018-06-19
Worms: Open Warfare 2,PSP,Strategy,THQ,Team17 Software / Two Tribes,8.1,0.45,0.04,,0.27,0.14,2007-09-04,
Sid Meier's Civilization Revolution,DS,Strategy,2K Games,Firaxis,8.2,0.45,0.37,0.02,0.03,0.03,2008-07-08,
Dynasty Warriors: Strikeforce,PSP,Action,Tecmo Koei,Omega Force,6.4,0.45,0.03,0.38,0.02,0.02,2009-04-28,
Lego Batman 3: Beyond Gotham,WiiU,Action,Warner Bros. Interactive Entertainment,Traveller's Tales,7.4,0.45,0.21,,0.21,0.04,2014-11-11,2018-12-01
Command & Conquer: Red Alert 3,X360,Strategy,Bethesda Softworks,EA Los Angeles,7.4,0.45,0.18,,0.23,0.05,2008-11-11,
Tomb Raider: Underworld,Wii,Adventure,Eidos Interactive,Crystal Dynamics,6.3,0.45,0.13,,0.27,0.05,2008-11-18,
Tekken Advance,GBA,Fighting,Namco,Eighting / Raizing,8.3,0.45,0.32,,0.12,0.01,2002-01-28,
The Sims 3: Ambitions,PC,Simulation,Electronic Arts,EA Redwood Shores,7.9,0.45,,,0.29,0.16,2010-06-01,
Style Savvy: Styling Star,3DS,Simulation,Nintendo,syn Sophia,8.5,0.45,,0.14,0.29,0.02,2017-12-25,2018-09-05
Bee Movie Game,DS,Action,Activision,Vicarious Visions,6.0,0.45,0.41,,0.0,0.03,2007-10-30,
TNA iMPACT!,X360,Fighting,Midway Games,Midway Studios Los Angeles,6.4,0.45,0.26,,0.15,0.04,2008-09-09,
WWE Day of Reckoning,GC,Fighting,THQ,Yuke's Future Media Creators,8.1,0.45,0.35,,0.09,0.01,2004-08-30,
Scooby-Doo! and the Spooky Swamp,Wii,Action,Warner Bros. Interactive,Torus Games,7.6,0.45,0.29,,0.13,0.04,2010-09-14,
Hot Wheels: Stunt Track Challenge,GBA,Racing,THQ,Climax Group,5.3,0.45,0.32,,0.12,0.01,2004-11-10,
Vin Diesel: Wheelman,X360,Racing,Ubisoft,Tigon,6.7,0.45,0.24,,0.17,0.04,2009-03-24,
Burnout Dominator,PSP,Racing,Electronic Arts,Criterion Games,7.8,0.45,0.02,0.01,0.38,0.05,2007-03-06,
Silent Hill: Homecoming,X360,Action,Konami,Double Helix Games,7.6,0.45,0.25,,0.15,0.04,2008-09-30,
Shin Megami Tensei: Persona 3,PS2,Role-Playing,Atlus,Atlus Co.,8.7,0.45,0.22,,0.03,0.2,2007-08-14,
Persona,PS,Role-Playing,Atlus,Atlus Co.,8.1,0.45,,0.42,,0.03,1996-01-01,
LEGO Rock Band,DS,Misc,Warner Bros. Interactive,TT Games / Harmonix Music Systems,8.4,0.45,0.32,,0.09,0.04,2009-11-03,
F.E.A.R. 3,X360,Shooter,Warner Bros. Interactive,Day 1 Studios,7.8,0.45,0.3,0.01,0.11,0.04,2011-06-21,
SOCOM: U.S. Navy SEALs Fireteam Bravo 3,PSP,Shooter,Sony Computer Entertainment,Slant Six Games,7.5,0.45,0.17,0.06,0.13,0.09,2010-02-16,
NBA Live 2005,GC,Sports,EA Sports,EA Canada,8.5,0.45,0.35,,0.09,0.01,2004-09-28,
Virtua Tennis 4,PS3,Sports,Sega,Sega-AM2,6.4,0.45,0.09,0.03,0.24,0.08,2011-05-10,
Blood Omen: Legacy of Kain,PS,Role-Playing,Crystal Dynamics,Silicon Knights,7.8,0.44,0.25,,0.17,0.03,1996-11-14,
Eternal Sonata,PS3,Role-Playing,Namco Bandai,Tri-Crescendo,8.3,0.44,0.19,0.07,0.12,0.05,2008-10-21,
Hyperdimension Neptunia,PS3,Role-Playing,NIS America,Compile Heart,5.3,0.44,0.22,0.07,0.1,0.04,2011-02-15,
Need for Speed: Shift 2 Unleashed,X360,Racing,Electronic Arts,Slightly Mad Studios,8.5,0.44,0.18,,0.21,0.05,2011-03-29,
The Darkness,X360,Shooter,2K Games,Starbreeze,8.3,0.44,0.36,0.01,0.04,0.03,2007-06-25,
Resistance: Burning Skies,PSV,Shooter,Sony Computer Entertainment,Nihilistic Software,4.8,0.44,0.18,0.02,0.16,0.08,2012-05-29,2018-01-03
Battlefield 2: Modern Combat,PS2,Shooter,Electronic Arts,Digital Illusions,7.6,0.44,0.37,,0.01,0.06,2005-10-24,
Crash: Mind Over Mutant,Wii,Platform,Activision,Radical Entertainment,7.5,0.44,0.35,,0.06,0.03,2008-10-07,
Shin Megami Tensei: Devil Survivor Overclocked,3DS,Role-Playing,Atlus,Career Soft,7.6,0.44,0.34,0.06,0.01,0.04,2011-08-23,2018-01-14
X-Men Legends II: Rise of Apocalypse,XB,Role-Playing,Activision,Raven Software,8.3,0.44,0.3,,0.12,0.02,2005-09-20,
SingStar Queen,PS3,Misc,Sony Computer Entertainment,SCEE London Studio,6.8,0.44,0.11,,0.25,0.07,2009-08-04,
Samurai Warriors 3,Wii,Action,Nintendo,Omega Force,5.1,0.44,0.09,0.32,0.02,0.01,2010-09-27,
Battlebots: Design & Destroy,GBA,Action,Majesco,Cave Barn,4.0,0.44,0.31,,0.12,0.01,2003-08-31,
Naughty Bear,PS3,Action,505 Games,Artificial Mind and Movement,4.5,0.44,0.18,,0.18,0.07,2010-06-29,
Hey! Pikmin,3DS,Platform,Nintendo,Arzest,6.8,0.44,0.17,0.17,0.08,0.03,2017-07-28,2018-02-03
Major League Baseball 2K6,PS2,Sports,2K Sports,Kush Games,7.3,0.44,0.37,,0.01,0.06,2006-04-03,
G-Force,Wii,Action,Disney Interactive Studios,Eurocom Entertainment Software,7.5,0.44,0.19,,0.2,0.05,2009-07-21,
Wario World,GC,Platform,Nintendo,"Treasure Co., Ltd.",7.5,0.44,0.34,,0.09,0.01,2003-06-24,
Yu-Gi-Oh! 5D's Tag Force 4,PSP,Strategy,Konami,Konami,7.0,0.44,0.19,0.12,0.07,0.05,2009-11-17,
Story of Seasons,3DS,Misc,Xseed Games,Marvelous,7.7,0.44,,0.28,0.15,0.01,2015-03-31,2017-12-30
Tetris Axis,3DS,Puzzle,Nintendo,Hudson Soft,7.8,0.44,0.2,0.06,0.14,0.03,2011-10-02,
LEGO DC Super-Villains,NS,Action-Adventure,Warner Bros. Interactive Entertainment,Traveller's Tales,7.8,0.44,0.28,,0.12,0.04,2018-10-16,2018-06-04
Madden NFL 12,Wii,Sports,EA Sports,EA Tiburon,7.0,0.44,0.41,,,0.03,2011-08-30,
LEGO Star Wars II: The Original Trilogy,XB,Action,LucasArts,Traveller's Tales,8.3,0.44,0.33,,0.1,0.02,2006-09-12,
Viking: Battle for Asgard,X360,Action,Sega,The Creative Assembly,6.2,0.44,0.16,,0.23,0.05,2008-03-25,
2014 FIFA World Cup Brazil,X360,Sports,EA Sports,EA Canada,7.3,0.44,0.15,0.0,0.25,0.03,2014-04-15,2018-03-22
Chocobo Racing,PS,Racing,Square EA,SquareSoft,5.4,0.44,0.07,0.3,0.05,0.03,1999-07-31,
Star Fox: Zero,WiiU,Shooter,Nintendo,Nintendo EPD,6.7,0.44,0.2,0.09,0.12,0.03,2016-04-22,2018-11-18
Child of Eden,X360,Shooter,Ubisoft,Q Entertainment,8.3,0.44,0.28,,0.12,0.04,2011-06-14,
NBA 2K18,NS,Sports,2K Sports,Visual Concepts,7.5,0.43,0.3,0.03,0.06,0.04,2017-09-19,2018-01-05
Madden NFL 2003,GC,Sports,EA Sports,EA Tiburon,9.1,0.43,0.33,,0.09,0.01,2002-08-12,
Rocksmith 2014,XOne,Music,Ubisoft,Ubisoft San Francisco,9.0,0.43,0.31,,0.08,0.04,2016-10-04,2018-03-08
Primal,PS2,Action,Sony Computer Entertainment,SCEE Cambridge,7.1,0.43,0.21,,0.17,0.06,2003-03-25,
Def Jam Icon,PS3,Action,Electronic Arts,Unknown,6.6,0.43,0.16,0.0,0.19,0.07,2007-03-06,
Atelier Totori: The Adventurer of Arland,PS3,Role-Playing,NIS America,Gust,7.8,0.43,0.12,0.21,0.07,0.03,2011-09-27,
NiGHTS into dreams...,SAT,Platform,Sega,Sonic Team,9.1,0.43,,0.43,,0.0,1996-08-01,
Need for Speed Underground 2,GBA,Racing,Electronic Arts,Pocketeers,6.5,0.43,0.31,,0.12,0.01,2004-11-15,
Sin and Punishment: Star Successor,Wii,Shooter,Nintendo,"Treasure Co., Ltd.",8.4,0.43,0.19,0.06,0.14,0.03,2010-06-27,
Doom (2016),NS,Shooter,Bethesda Softworks,id Software,8.2,0.43,0.24,0.01,0.15,0.04,2017-11-10,2018-01-05
OkamiDen,DS,Adventure,Capcom,Capcom,8.3,0.43,0.21,0.13,0.07,0.02,2011-03-15,
007: Quantum of Solace,PS2,Shooter,Activision,Treyarch,7.8,0.43,0.17,0.0,0.0,0.26,2008-11-04,
Castlevania: Dawn of Sorrow,DS,Platform,Konami,Konami,8.9,0.43,0.34,0.03,0.03,0.03,2005-10-04,
Mischief Makers,N64,Platform,Nintendo,"Treasure Co., Ltd.",6.5,0.43,0.25,0.07,0.06,0.06,1997-10-01,
MLB 14 The Show,PS3,Sports,Sony Computer Entertainment America,SCE San Diego Studio,8.2,0.43,0.35,,,0.08,2014-04-01,2018-03-16
Crash: Mind Over Mutant,PSP,Platform,Activision,Virtuos,4.8,0.43,0.11,,0.21,0.11,2008-10-21,
NHL Slapshot,Wii,Sports,EA Sports,EA Canada,7.6,0.42,0.39,,,0.03,2010-09-07,
Army Men: Sarge's Heroes 2,N64,Shooter,3DO,3DO,6.0,0.42,0.34,,0.07,0.0,2000-09-26,
2010 FIFA World Cup South Africa,Wii,Sports,EA Sports,EA Canada,6.8,0.42,0.23,0.01,0.15,0.04,2010-04-27,
Medal of Honor: Rising Sun,GC,Shooter,Electronic Arts,EA Los Angeles,6.6,0.42,0.33,,0.09,0.01,2003-11-11,
Zack & Wiki: Quest for Barbaros' Treasure,Wii,Adventure,Capcom,Capcom,8.7,0.42,0.18,0.03,0.16,0.04,2007-10-23,
Harry Potter and the Goblet of Fire,GC,Adventure,Electronic Arts,Electronic Arts,6.7,0.42,0.32,,0.08,0.01,2005-11-08,
James Bond 007: Everything or Nothing,GC,Shooter,Electronic Arts,EA Redwood Shores,7.4,0.42,0.32,,0.08,0.01,2004-02-17,
Call of Duty: Black Ops II,WiiU,Shooter,Activision,Treyarch,8.6,0.42,0.2,,0.18,0.04,2012-11-18,2018-01-05
Call of Duty: Advanced Warfare,PC,Shooter,Activision,Sledgehammer Games,8.6,0.42,0.17,,0.22,0.03,2014-11-04,2018-01-04
Tony Hawk's American Wasteland,GC,Sports,Activision,Neversoft Entertainment,8.4,0.42,0.33,,0.08,0.01,2005-10-18,
Blazing Angels: Squadrons of WWII,X360,Simulation,Ubisoft,Ubisoft Romania,6.4,0.42,0.36,,0.02,0.03,2006-03-23,
NBA Live 06,PSP,Sports,EA Sports,EA Canada,8.1,0.42,0.39,,0.0,0.03,2005-10-04,
LEGO Rock Band,PS3,Misc,Warner Bros. Interactive,TT Games / Harmonix Music Systems,7.4,0.42,0.24,,0.12,0.06,2009-11-03,
Guitar Hero: Smash Hits,X360,Misc,Activision,Neversoft Entertainment,7.1,0.42,0.23,,0.15,0.04,2009-06-16,
Castlevania: The Dracula X Chronicles,PSP,Platform,Konami,Konami,8.0,0.42,0.22,0.04,0.09,0.07,2007-10-23,
Mega Man Anniversary Collection,GC,Platform,Capcom,Atomic Planet Entertainment,7.5,0.42,0.32,,0.08,0.01,2004-06-22,
Grandia,SAT,Role-Playing,ESP,Game Arts,8.7,0.42,,0.42,,,1997-12-18,
Horsez,DS,Simulation,Ubisoft,MTO,4.0,0.42,0.38,,0.01,0.03,2006-11-28,
Colony Wars,PS,Simulation,Psygnosis,Psygnosis,8.8,0.42,0.24,,0.16,0.03,1997-11-04,
Vanquish,X360,Shooter,Sega,PlatinumGames,8.3,0.42,0.19,0.03,0.16,0.04,2010-10-19,
Castlevania: Curse of Darkness,PS2,Action,Konami,Konami,7.2,0.42,0.18,0.05,0.14,0.05,2005-11-01,
Command & Conquer 3: Tiberium Wars,X360,Strategy,Electronic Arts,EA Los Angeles,7.6,0.42,0.35,,0.04,0.03,2007-05-08,
Pirates of the Caribbean: At World's End,PSP,Action,Disney Interactive Studios,Eurocom Entertainment Software,6.0,0.42,0.15,,0.17,0.1,2007-05-22,
Juiced: Eliminator,PSP,Racing,THQ,Juice Games,6.6,0.42,0.11,,0.2,0.12,2006-06-28,
Sonic Gems Collection,GC,Misc,Sega,Sonic Team,6.9,0.42,0.32,,0.08,0.01,2005-08-16,
Dr. Mario 64,N64,Puzzle,Nintendo,Newcom,6.0,0.42,0.34,,0.07,0.0,2001-04-08,
How to Train Your Dragon,Wii,Action,Activision,Etranges Libellules,6.6,0.42,0.23,,0.15,0.04,2010-03-23,
Madden NFL Football,3DS,Sports,EA Sports,EA Tiburon,4.5,0.41,0.37,,0.01,0.03,2011-03-22,
TimeShift,X360,Shooter,Sierra Entertainment,Saber Interactive,7.0,0.41,0.36,,0.02,0.03,2007-10-30,
Battlefield 2: Modern Combat,X360,Shooter,Electronic Arts,Digtal Illusions,7.8,0.41,0.35,0.01,0.02,0.03,2006-04-11,
Armored Core,PS,Simulation,Sony Computer Entertainment,From Software,7.2,0.41,0.13,0.16,0.09,0.03,1997-10-31,
Zone of the Enders: The 2nd Runner,PS2,Simulation,Konami,Konami Computer Entertainment Japan,8.6,0.41,0.15,0.11,0.12,0.04,2003-03-10,
Top Spin 4,X360,Sports,2K Sports,2K Czech,8.2,0.41,0.15,,0.22,0.04,2011-03-15,
NBA 2K9,PS2,Sports,2K Sports,Visual Concepts,7.0,0.41,0.34,,0.01,0.06,2008-10-07,
NBA Jam,Wii,Sports,EA Sports,EA Canada,8.0,0.41,0.36,,0.02,0.02,2010-10-05,
WWE All Stars,PS3,Fighting,THQ,THQ,7.6,0.41,0.16,,0.18,0.07,2011-03-29,
Green Day: Rock Band,X360,Misc,MTV Games,Harmonix Music Systems,7.8,0.41,0.24,,0.13,0.04,2010-06-08,
Dexter's Laboratory Deesaster Strikes,GBA,Adventure,BAM! Entertainment,Virtucraft,6.5,0.41,0.3,,0.11,0.01,2001-09-26,
Mortal Kombat: Deadly Alliance,GC,Action,Midway Games,Midway,8.6,0.41,0.31,,0.08,0.01,2002-11-17,
Rune Factory 3: A Fantasy Harvest Moon,DS,Role-Playing,Natsume,Neverland Company,8.0,0.41,0.26,0.1,0.03,0.02,2010-11-09,
Naughty Bear,X360,Action,505 Games,Artificial Mind and Movement,4.4,0.41,0.21,,0.15,0.04,2010-06-29,
Nintendo Labo: Toy-Con 03 Vehicle Kit,NS,Racing,Nintendo,Nintendo EPD,7.0,0.41,0.16,0.06,0.15,0.03,2018-09-14,2018-11-19
NiGHTS: Journey of Dreams,Wii,Platform,Sega,Sonic Team,7.0,0.41,0.32,0.04,0.02,0.03,2007-12-18,
Sega Rally Championship 2,DC,Racing,Sega,Sega-AM3,8.5,0.41,,0.41,,,1999-10-31,
BlazBlue: Continuum Shift,PS3,Fighting,Aksys Games,Arc System Works,8.7,0.41,0.21,0.09,0.08,0.04,2010-07-27,
Katamari Forever,PS3,Puzzle,Namco Bandai,Bandai Namco Games,7.3,0.41,0.26,0.06,0.05,0.04,2009-09-22,
"Ed, Edd n Eddy: The Mis-Edventures",PS2,Platform,Midway Games,A2M,4.8,0.41,0.34,,0.01,0.06,2005-11-03,
Ogre Battle 64: Person of Lordly Caliber,N64,Role-Playing,Atlus,Quest Corporation,9.1,0.41,0.1,0.25,0.02,0.04,2000-10-07,
Green Day: Rock Band,PS3,Misc,MTV Games,Harmonix Music Systems,7.8,0.41,0.19,,0.15,0.07,2010-06-08,
Command & Conquer: Red Alert,PS,Strategy,Westwood Studios,Westwood Studios,7.8,0.41,0.23,,0.16,0.03,1997-10-31,
300: March to Glory,PSP,Action,Warner Bros. Interactive,Collision Studios,4.9,0.41,0.27,,0.08,0.07,2007-02-27,
SpongeBob SquigglePants,Wii,Misc,THQ,WayForward Technologies,5.4,0.41,0.35,,0.03,0.03,2011-04-12,
Band Hero,PS2,Misc,Activision,Vicarious Visions,6.0,0.41,0.15,,0.06,0.2,2009-11-03,
Transformers: Revenge of the Fallen,PSP,Action,Activision,Savage Entertainment,3.8,0.41,0.17,,0.15,0.08,2009-06-23,
Call of Duty: Modern Warfare: Mobilized,DS,Shooter,Activision,n-Space,7.6,0.41,0.36,,0.02,0.03,2009-11-10,
Spore Hero,Wii,Simulation,Electronic Arts,Maxis,5.8,0.4,0.35,,0.02,0.03,2009-10-06,
The Urbz: Sims in the City,GC,Simulation,Electronic Arts,Maxis,7.6,0.4,0.24,,0.14,0.02,2004-11-09,
Harvest Moon: Save the Homeland,PS2,Simulation,Natsume,Victor Interactive Software,7.8,0.4,0.19,,0.15,0.05,2001-11-22,
Bugs Bunny: Lost in Time,PS,Platform,Infogrames,Behaviour Interactive Inc.,7.0,0.4,0.22,,0.15,0.03,1999-05-31,
Castlevania: Portrait of Ruin,DS,Platform,Konami,Konami,8.5,0.4,0.31,0.04,0.02,0.03,2006-12-05,
I-Ninja,PS2,Platform,Namco,Argonaut Games,7.2,0.4,0.19,,0.15,0.05,2003-11-18,
Command & Conquer,PS,Strategy,Westwood Studios,Westwood Studios,8.4,0.4,0.22,,0.15,0.03,1997-02-28,
Star Wars The Clone Wars: Republic Heroes,DS,Action,LucasArts,Krome Studios,5.9,0.4,0.22,,0.14,0.04,2009-10-06,
No More Heroes 2: Desperate Struggle,Wii,Action,Ubisoft,Grasshopper Manufacture,8.5,0.4,0.2,0.04,0.11,0.03,2010-01-26,
Marvel: Ultimate Alliance,Wii,Role-Playing,Activision,Vicarious Visions,6.9,0.4,0.36,,0.01,0.03,2006-11-14,
James Cameron's Avatar: The Game,DS,Action,Ubisoft,Ubisoft Montreal,6.4,0.4,0.18,,0.18,0.04,2009-12-01,
Sega Superstars Tennis,PS3,Sports,Sega,Sumo Digital,6.8,0.4,0.13,,0.2,0.07,2008-03-18,
Harry Potter: Quidditch World Cup,GC,Sports,Electronic Arts,Electronic Arts,7.2,0.4,0.31,,0.08,0.01,2003-10-28,
TNA iMPACT!,PS3,Fighting,Midway Games,Midway Studios Los Angeles,6.3,0.4,0.22,,0.12,0.06,2008-09-09,
Rocket League,NS,Sports,505 Games,Psyonix Studios,9.2,0.4,0.21,,0.16,0.03,2018-01-16,2018-04-04
Beowulf: The Game,X360,Action,Ubisoft,Ubisoft,4.9,0.4,0.36,,0.01,0.03,2007-11-13,
18 Wheeler: American Pro Trucker,PS2,Racing,Acclaim Entertainment,Acclaim Studios Cheltenham,6.0,0.4,0.2,,0.15,0.05,2001-11-14,
Yu-Gi-Oh! 5D's Stardust Accelerator: World Championship 2009,DS,Action,Konami,Konami,7.5,0.4,0.27,0.09,0.01,0.03,2009-05-19,
Power Rangers: Dino Thunder,GC,Action,THQ,Pacific Coast Power & Light,5.3,0.4,0.31,,0.08,0.01,2004-09-14,
Fighting Vipers,SAT,Fighting,Sega,Sega-AM2,8.0,0.4,,0.4,,0.0,1996-11-30,
Spider-Man: Web of Shadows,X360,Action,Activision,Shaba Games / Treyarch,6.6,0.4,0.36,,0.02,0.03,2008-10-21,
Star Wars: Clone Wars,GC,Shooter,LucasArts,Pandemic Studios,7.3,0.4,0.31,,0.08,0.01,2002-10-28,
You Don't Know Jack,PS,Misc,Sierra Entertainment,"Starsphere Interactive, Inc.",8.5,0.4,0.22,,0.15,0.03,1999-09-20,
WWE SmackDown! vs. RAW 2006,PSP,Fighting,THQ,Yuke's,8.1,0.4,0.36,,0.01,0.03,2005-12-13,
Overlord,X360,Adventure,Codemasters,Triumph Studios,7.7,0.4,0.34,0.01,0.03,0.03,2007-06-26,
The Gunstringer,X360,Shooter,Microsoft Studios,Twisted Pixel Games,7.6,0.4,0.26,,0.1,0.04,2011-09-13,2018-09-29
Call of Duty: Finest Hour,GC,Shooter,Activision,EXAKT Entertainment,7.7,0.4,0.31,,0.08,0.01,2004-11-16,
Dungeon Siege III,PS3,Role-Playing,Square Enix,Obsidian Entertainment,7.3,0.39,0.17,0.03,0.13,0.06,2011-06-21,
Alpha Protocol,X360,Role-Playing,Sega,Obsidian Entertainment,6.8,0.39,0.23,,0.13,0.04,2010-06-01,
LocoRoco,PSP,Platform,Sony Computer Entertainment,SCE Japan Studio,8.1,0.39,0.14,0.16,0.05,0.03,2006-09-05,2018-09-17
Tomb Raider: Anniversary,X360,Action,Eidos Interactive,Crystal Dynamics,7.9,0.39,0.12,,0.22,0.05,2007-10-23,
Bloody Roar,PS,Fighting,Sony Computer Entertainment,Eighting / Raizing,8.6,0.39,0.22,,0.15,0.03,1998-02-01,
Mass Effect 2,PC,Role-Playing,Electronic Arts,BioWare Corp.,9.6,0.39,0.01,,0.32,0.05,2010-01-26,
Super Monkey Ball: Step & Roll,Wii,Action,Sega,Sega,6.0,0.39,0.15,,0.19,0.04,2010-02-09,
Donkey Konga 2,GC,Misc,Nintendo,Namco,6.5,0.39,0.3,,0.08,0.01,2005-05-09,
Harry Potter: Quidditch World Cup,GBA,Sports,Electronic Arts,Magic Pockets,4.9,0.39,0.28,,0.1,0.01,2003-10-28,
EA Sports Active 2,X360,Sports,Electronic Arts,EA Vancouver,6.3,0.39,0.18,,0.16,0.04,2010-11-16,
FIFA Soccer 12,3DS,Sports,EA Sports,EA Canada,7.0,0.39,0.08,,0.27,0.04,2011-09-27,
LEGO Star Wars III: The Clone Wars,PSP,Action,LucasArts,Traveller's Tales,6.3,0.39,0.14,,0.16,0.08,2011-03-22,
Farming Simulator 2013,X360,Simulation,Focus Home Interactive,Giants Software,3.0,0.39,0.22,0.0,0.13,0.03,2013-11-19,2018-01-06
Just Dance 2014,PS3,Music,Ubisoft,Ubisoft Paris,7.8,0.39,0.17,,0.15,0.07,2013-10-08,2018-03-08
Red Faction: Armageddon,X360,Shooter,THQ,Volition Inc.,7.1,0.39,0.18,0.01,0.16,0.04,2011-06-07,
Condemned 2: Bloodshot,PS3,Shooter,Sega,Monolith Productions,8.4,0.39,0.17,,0.16,0.06,2008-03-11,
The House of The Dead III,XB,Shooter,Sega,Wow Entertainment,6.8,0.39,0.29,,0.08,0.01,2002-10-24,
Final Fantasy Crystal Chronicles: The Crystal Bearers,Wii,Adventure,Square Enix,Square Enix,6.7,0.39,0.21,0.08,0.08,0.03,2009-12-26,
NBA Live 09,PSP,Sports,Electronic Arts,EA Canada,6.1,0.39,0.23,0.03,0.07,0.06,2008-10-07,
Chibi-Robo! Plug into Adventure!,GC,Adventure,Nintendo,skip Ltd.,7.4,0.39,0.23,0.09,0.06,0.01,2006-02-06,
Metal Gear Solid: Snake Eater 3D,3DS,Action-Adventure,Konami Digital Entertainment,Konami Computer Entertainment Japan,7.9,0.39,0.15,0.1,0.12,0.02,2012-02-21,2018-08-05
Combat of Giants: Dinosaurs 3D,3DS,Strategy,Ubisoft,Ubisoft,4.3,0.39,0.25,0.05,0.07,0.03,2011-03-22,
Advance Wars: Dual Strike,DS,Strategy,Nintendo,Intelligent Systems,9.0,0.39,0.3,0.04,0.03,0.03,2005-08-22,
Robert Ludlum's The Bourne Conspiracy,PS3,Action,Sierra Entertainment,High Moon Studios,7.6,0.39,0.18,,0.14,0.06,2008-06-03,
Hitman: Blood Money,X360,Action,Eidos Interactive,IO Interactive,8.1,0.39,0.29,0.01,0.06,0.03,2006-05-30,
Ice Age 2: The Meltdown,PS2,Platform,Vivendi Games,Eurocom Entertainment Software,7.4,0.39,0.19,,0.15,0.05,2006-03-14,
Silent Hill: Homecoming,PS3,Action,Konami,Double Helix Games,7.4,0.39,0.18,,0.15,0.06,2008-09-30,
Scribblenauts: Unlimited,WiiU,Puzzle,Warner Bros. Interactive Entertainment,5TH Cell,7.0,0.38,0.25,,0.1,0.04,2012-11-18,2018-01-02
SSX 3,GC,Sports,EA Sports BIG,EA Canada,9.5,0.38,0.29,,0.08,0.01,2003-10-20,
Turok: Evolution,GC,Shooter,Acclaim Entertainment,Acclaim Studios Austin,7.4,0.38,0.3,,0.08,0.01,2002-08-31,
Phoenix Wright: Ace Attorney - Dual Destinies,3DS,Misc,Unknown,Capcom,8.1,0.38,,0.38,,,2014-01-01,2018-01-04
NCAA Football 11,PS2,Sports,EA Sports,EA Tiburon,6.4,0.38,0.19,,0.15,0.05,2010-07-13,
Hatsune Miku: Project Mirai DX,3DS,Misc,Sega,Sega,7.5,0.38,0.2,0.11,0.04,0.03,2015-09-08,2018-05-29
Pro Evolution Soccer 2011 3D,3DS,Sports,Konami,Konami,7.5,0.38,0.11,0.11,0.13,0.02,2011-03-25,
Hunter: The Reckoning,XB,Action,Interplay,High Voltage Software,7.8,0.38,0.28,,0.08,0.01,2002-05-21,
Marvel: Ultimate Alliance,PS3,Role-Playing,Activision,Raven Software,7.7,0.38,0.33,,0.02,0.03,2006-11-17,
Saints Row: The Third,PC,Action,THQ,Volition Inc.,8.3,0.38,0.16,,0.16,0.05,2011-11-15,
Sega Superstars Tennis,PS2,Sports,Sega,Sumo Digital,6.9,0.38,0.1,,0.0,0.28,2008-03-18,
Final Fantasy Adventure,GB,Adventure,Square,Square,9.0,0.38,,0.38,,,1991-11-01,
Virtua Tennis 2009,PS3,Sports,Sega,Sumo Digital,6.6,0.38,0.09,,0.22,0.06,2009-06-09,
Pokémon Channel,GC,Adventure,Nintendo,Ambrella,5.2,0.38,0.24,0.07,0.06,0.01,2003-12-01,
Ghost Trick: Phantom Detective,DS,Adventure,Capcom,Capcom,8.2,0.38,0.17,0.12,0.08,0.02,2011-01-11,
NBA 2K7,PS3,Sports,2K Sports,Visual Concepts,8.1,0.38,0.3,,0.04,0.03,2006-11-13,
Tiger Woods PGA Tour 08,PSP,Sports,Electronic Arts,EA Tiburon,7.5,0.38,0.14,,0.15,0.09,2007-08-28,
Need for Speed: Nitro,DS,Racing,Electronic Arts,EA Montreal,7.2,0.38,0.21,,0.13,0.04,2009-11-02,
Raving Rabbids: Travel in Time 3D,3DS,Platform,Ubisoft,Ubisoft Paris,5.8,0.38,0.11,,0.24,0.04,2011-04-10,2018-01-20
Ice Age: Dawn of the Dinosaurs,DS,Platform,Activision,Artificial Mind and Movement,5.0,0.38,0.2,,0.15,0.04,2009-06-30,
Metal Gear Solid HD Collection,X360,Action,Konami,Bluepoint Games,9.2,0.38,0.25,,0.1,0.03,2011-11-08,
Wii Sports Club,WiiU,Sports,Nintendo,Nintendo,6.7,0.38,0.17,0.04,0.14,0.03,2014-07-25,2018-03-14
Grandia Xtreme,PS2,Role-Playing,Enix,Game Arts,6.7,0.38,0.07,0.25,0.05,0.02,2002-09-30,
Ice Age,GBA,Action,Ubisoft,A2M,4.2,0.38,0.27,,0.1,0.01,2002-03-18,
Marvel Nemesis: Rise of the Imperfects,GC,Fighting,Electronic Arts,Nihilistic Software,6.0,0.38,0.3,,0.08,0.01,2005-09-20,
Viking: Battle for Asgard,PS3,Action,Sega,The Creative Assembly,6.6,0.38,0.14,,0.18,0.07,2008-03-25,
DiRT 2,Wii,Racing,Codemasters,Codemasters,4.6,0.37,0.1,,0.23,0.04,2009-09-08,
Dawn of Discovery,PC,Simulation,Ubisoft,Related Designs,8.4,0.37,,,0.32,0.05,2009-06-25,
EA Sports MMA,PS3,Fighting,EA Sports,EA Tiburon,7.6,0.37,0.16,0.01,0.14,0.06,2010-10-19,
Virtua Fighter 3tb,DC,Fighting,Sega,Sega,8.1,0.37,,0.37,,0.0,1999-10-18,
Overlord: Dark Legend,Wii,Adventure,Codemasters,Climax Group,7.0,0.37,0.11,,0.22,0.04,2009-06-23,
Burnout Paradise Remastered,PS4,Racing,Electronic Arts,Stellar Entertainment,8.0,0.37,0.08,0.01,0.22,0.06,2018-03-16,2018-02-24
Need for Speed: Hot Pursuit,PC,Racing,Electronic Arts,Criterion Games,8.9,0.37,0.12,,0.2,0.05,2010-11-16,
Batman: Arkham City Armored Edition,WiiU,Action,Warner Bros. Interactive Entertainment,Rocksteady Studios,8.6,0.37,0.16,,0.18,0.03,2012-11-18,2018-04-20
Minecraft,3DS,Misc,Nintendo,Other Ocean Interactive,6.7,0.37,0.33,,,0.04,2017-11-10,2018-08-05
Guitar Hero On Tour: Modern Hits,DS,Misc,Activision,Activision,7.3,0.37,0.13,,0.2,0.04,2009-06-09,
NFL Street 2 Unleashed,PSP,Sports,Electronic Arts,EA Tiburon,7.4,0.37,0.34,,,0.03,2005-03-21,
NBA 2K10,Wii,Sports,2K Sports,Visual Concepts,5.1,0.37,0.34,,0.0,0.03,2009-11-09,
NCAA Football 07,PSP,Sports,Electronic Arts,EA Sports,7.6,0.37,0.34,,,0.03,2006-07-18,
Virtua Tennis 2009,Wii,Sports,Sega,Sumo Digital,7.3,0.37,0.12,,0.21,0.04,2009-06-09,
Major League Baseball 2K6,X360,Sports,2K Sports,Kush Games,6.3,0.37,0.34,,,0.03,2006-04-10,
Spider-Man: Friend or Foe,PS2,Action,Activision,Next Level Games,5.4,0.37,0.31,,0.01,0.05,2007-10-02,
Pac-Man World 2,GC,Platform,Namco,Namco,7.5,0.37,0.28,,0.07,0.01,2002-03-19,
The Legend of Spyro: A New Beginning,DS,Platform,Sierra Entertainment,Amaze Entertainment,7.1,0.37,0.33,,0.01,0.03,2006-10-17,
Sonic Lost World,WiiU,Platform,Sega,Sonic Team,6.0,0.37,0.2,0.01,0.13,0.03,2013-10-29,2018-04-07
Castlevania: Order of Ecclesia,DS,Platform,Konami,Konami,8.2,0.37,0.27,0.04,0.03,0.03,2008-10-21,
"Monsters, Inc. Scream Arena",GC,Platform,THQ,Radical Entertainment,3.8,0.37,0.29,,0.07,0.01,2002-09-14,
Harry Potter and the Order of the Phoenix,PSP,Adventure,Electronic Arts,EA UK,4.8,0.37,0.1,,0.17,0.1,2007-06-25,
"999: Nine Hours, Nine Persons, Nine Doors",DS,Adventure,Aksys Games,Spike,7.9,0.37,0.31,0.03,,0.02,2010-11-16,
Shin Megami Tensei IV: Apocalypse,3DS,Role-Playing,Atlus,Atlus,8.1,0.37,0.15,0.16,0.05,0.02,2016-09-20,2018-05-29
Dungeon Siege III,X360,Role-Playing,Square Enix,Obsidian Entertainment,7.2,0.37,0.21,0.01,0.12,0.03,2011-06-21,
Rune Factory: Frontier,Wii,Role-Playing,Xseed Games,Neverland Company,7.9,0.37,0.16,0.04,0.13,0.03,2009-03-17,
Tomb Raider: Legend,X360,Action,Eidos Interactive,Crystal Dynamics,8.1,0.37,0.27,0.01,0.07,0.03,2006-04-11,
Mini Ninjas,Wii,Action,Eidos Interactive,IO Interactive,7.6,0.37,0.16,,0.17,0.04,2009-09-08,
Fragile Dreams: Farewell Ruins of the Moon,Wii,Role-Playing,Xseed Games,Tri-Crescendo,6.7,0.37,0.16,0.06,0.12,0.03,2010-03-16,
Marvel: Ultimate Alliance,PSP,Role-Playing,Activision,Vicarious Visions,8.5,0.37,0.33,,0.0,0.03,2006-10-24,
The Golden Compass,PSP,Adventure,Sega,Shiny Entertainment,2.8,0.37,0.11,,0.16,0.1,2007-12-04,
Quake 4,X360,Shooter,Activision,id Software / Raven Software,7.3,0.37,0.32,,0.02,0.03,2005-11-18,
Rage,PC,Shooter,Bethesda Softworks,id Software,7.8,0.37,0.14,,0.18,0.05,2011-10-04,
The House of the Dead: Overkill - Extended Cut,PS3,Shooter,Sega,Headstrong Games,7.2,0.37,0.15,,0.16,0.05,2011-10-25,
Wanted: Weapons of Fate,X360,Shooter,Warner Bros. Interactive,GRIN,6.2,0.37,0.17,0.0,0.15,0.04,2009-03-24,
BlazBlue: Calamity Trigger,X360,Fighting,Aksys Games,Arc System Works,8.5,0.36,0.21,0.04,0.08,0.03,2009-06-30,
Left 4 Dead 2,PC,Shooter,Valve,Certain Affinity / Valve Software,9.0,0.36,,,0.32,0.04,2009-11-17,
SOCOM: Tactical Strike,PSP,Shooter,Sony Computer Entertainment,Slant Six,7.1,0.36,0.32,,0.01,0.03,2007-11-06,
ESPN: Sports Connection,WiiU,Sports,Ubisoft,Ubisoft Barcelona,3.0,0.36,0.2,,0.13,0.03,2012-11-18,2020-09-14
Tekken Hybrid,PS3,Fighting,Namco,Namco Bandai Games,4.0,0.36,0.21,0.04,0.07,0.04,2011-11-22,
Breath of Fire II,SNES,Role-Playing,Capcom,Capcom,8.3,0.36,,0.36,,,1995-12-01,
Arc the Lad: Twilight of the Spirits,PS2,Role-Playing,Sony Computer Entertainment,Cattle Call,7.3,0.36,0.18,,0.14,0.05,2003-06-25,
LocoRoco 2,PSP,Platform,Sony Computer Entertainment,SCE Japan Studio,8.5,0.36,0.21,0.01,0.09,0.05,2009-02-10,2018-09-17
Tiger Woods PGA Tour 09,PSP,Sports,EA Sports,EA Tiburon,5.2,0.36,0.07,,0.19,0.1,2008-08-26,
Formula 1 Championship Edition,PS,Racing,Sony Computer Entertainment,Bizarre Creations,8.5,0.36,0.06,0.23,0.04,0.02,1997-09-30,
Mega Man 11,NS,Platform,Capcom,Capcom,8.0,0.36,0.29,0.03,,0.03,2018-10-02,2018-09-12
South Park Rally,PS,Racing,Acclaim Entertainment,Tantalus Interactive,3.9,0.36,0.2,,0.13,0.02,1999-11-30,
Harvest Moon: The Tale of Two Towns,3DS,Simulation,Natsume,Marvelous Interactive,6.3,0.36,0.28,0.05,0.0,0.02,2011-11-01,2018-01-07
Trauma Center: Under the Knife,DS,Simulation,Atlus,Atlus Co.,8.0,0.36,0.3,0.02,0.01,0.03,2005-10-04,
Hamtaro: Ham-Ham Heartbreak,GBA,Action,Nintendo,Nintendo,8.0,0.36,0.26,,0.1,0.01,2003-04-08,
SAW,PS3,Action,Konami,Zombie Studios,6.0,0.36,0.13,,0.17,0.06,2009-10-06,
The Incredibles: Rise of the Underminer,PS2,Action,THQ,Heavy Iron Studios,6.1,0.36,0.18,,0.14,0.05,2005-11-01,
G-Force,PSP,Action,Disney Interactive Studios,Keen Games,7.0,0.36,0.24,,0.07,0.05,2009-07-21,
The Wonderful 101,WiiU,Action,Nintendo,PlatinumGames,8.0,0.36,0.15,0.08,0.11,0.02,2013-09-15,2018-03-14
Nintendo Labo: Toy-Con 02 Robot Kit,NS,Action,Nintendo,Nintendo EPD,7.0,0.36,0.18,0.08,0.08,0.03,2018-04-20,2018-11-18
Spider-Man: Shattered Dimensions,X360,Action,Activision,Beenox Studios,8.2,0.36,0.24,,0.09,0.03,2010-09-07,
LEGO Pirates of the Caribbean: The Video Game,PSP,Action,Disney Interactive Studios,Traveller's Tales,6.8,0.36,0.12,,0.15,0.08,2011-05-10,
Assassin's Creed III,WiiU,Action-Adventure,Ubisoft,Ubisoft Montreal,7.7,0.36,0.19,,0.14,0.03,2012-11-18,2020-09-08
NARC,PS2,Shooter,Midway Games,Point of View,5.5,0.36,0.18,,0.14,0.05,2005-03-22,
GoldenEye: Rogue Agent,GC,Shooter,Electronic Arts,Dreamworks Games,5.9,0.36,0.28,,0.07,0.01,2004-11-22,
Call of Duty: Ghosts,WiiU,Shooter,Activision,Infinity Ward,8.8,0.35,0.22,0.01,0.09,0.03,2013-11-05,2018-03-21
EA Sports MMA,X360,Fighting,EA Sports,EA Tiburon,7.7,0.35,0.23,,0.09,0.03,2010-10-19,
Teenage Mutant Ninja Turtles: Smash-Up,Wii,Fighting,Ubisoft,Game Arts,7.2,0.35,0.33,,0.0,0.03,2009-09-22,
Dead or Alive 5 Last Round,PS4,Fighting,Tecmo Koei,Team Ninja,7.1,0.35,0.09,0.09,0.13,0.04,2015-02-17,2018-11-20
Dragon Ball Z: Extreme Butoden,3DS,Fighting,Namco Bandai Games,Arc System Works,5.0,0.35,0.13,0.17,0.03,0.02,2015-10-20,2018-01-17
Blasto,PS,Action,Sony Computer Entertainment,Unknown,4.6,0.35,0.2,,0.13,0.02,1998-04-01,
Disney's Tarzan: Return to the Jungle,GBA,Action,Activision,Digital Eclipse,6.9,0.35,0.25,,0.09,0.01,2002-09-14,
Transformers: Dark of the Moon,PS3,Action,Activision,High Moon Studios,5.5,0.35,0.11,,0.18,0.06,2011-06-14,
Chicken Shoot,Wii,Action,"Destination Software, Inc",Destination Software,3.0,0.35,0.32,,0.0,0.02,2007-07-05,
Dark Void,PS3,Action,Capcom,Airtight Games,6.1,0.35,0.18,,0.12,0.05,2010-01-19,
The Fairly Odd Parents: Shadow Showdown,PS2,Platform,THQ,Blitz Games,5.0,0.35,0.17,,0.13,0.04,2004-09-08,
Command & Conquer: Red Alert 3 Ultimate Edition,PS3,Strategy,Electronic Arts,EA Los Angeles,7.4,0.35,0.14,,0.16,0.06,2009-03-23,
The Adventures of Jimmy Neutron Boy Genius: Jet Fusion,GBA,Platform,THQ,Helixe,5.5,0.35,0.25,,0.09,0.01,2003-09-24,
Over the Hedge,GC,Platform,Activision,Edge of Reality,6.7,0.35,0.27,,0.07,0.01,2006-05-09,
Need for Speed Carbon,GC,Racing,Electronic Arts,EA Black Box,7.7,0.35,0.27,,0.07,0.01,2006-10-31,
MotoGP 08,X360,Racing,Capcom,MileStone Inc.,6.8,0.35,0.11,,0.2,0.04,2008-10-28,
Aggressive Inline,PS2,Sports,Acclaim Entertainment,"Z-Axis, Ltd.",8.7,0.35,0.17,,0.13,0.04,2002-05-28,
Guitar Hero: Smash Hits,PS3,Misc,Activision,Neversoft Entertainment,7.4,0.35,0.2,,0.11,0.05,2009-06-16,
Def Jam Rapstar,PS3,Misc,Konami,4mm Games / Terminal Reality,7.4,0.35,0.27,,0.04,0.04,2010-10-05,
EverGrace,PS2,Role-Playing,Agetec,From Software,6.2,0.35,0.1,0.15,0.08,0.03,2000-10-24,
Lunar 2: Eternal Blue Complete,PS,Role-Playing,Working Designs,Game Arts,8.1,0.35,0.19,,0.13,0.02,2000-12-15,
Suikoden V,PS2,Role-Playing,Konami,Hudson Soft,7.9,0.35,0.08,0.19,0.06,0.02,2006-03-21,
Persona 2: Eternal Punishment,PS,Role-Playing,Atlus,Atlus Co.,8.7,0.35,0.03,0.28,0.02,0.02,2000-12-22,
Might & Magic Heroes VI,PC,Role-Playing,Ubisoft,Black Hole Games,7.4,0.35,0.15,,0.14,0.05,2011-10-13,
NFL Street,GC,Sports,EA Sports BIG,EA Tiburon,8.3,0.35,0.27,,0.07,0.01,2004-01-13,
Resident Evil: Dead Aim,PS2,Shooter,Capcom,Cavia Inc.,6.7,0.35,0.17,,0.13,0.04,2003-06-18,
Terminator Salvation,X360,Shooter,Warner Bros. Interactive,Halcyon,5.2,0.35,0.13,0.0,0.18,0.04,2009-05-19,
Football Manager Handheld 2010,PSP,Sports,Sega,Sports Interactive,6.0,0.35,,,0.27,0.09,2009-10-30,
NHL 2K10,Wii,Sports,2K Sports,Visual Concepts,8.2,0.35,0.32,,0.01,0.03,2009-09-15,
MLB 06: The Show,PSP,Sports,Sony Computer Entertainment,SCEA San Diego Studios,8.3,0.35,0.32,,,0.03,2006-02-28,
Madden NFL 13,PSV,Sports,EA Sports,EA Tiburon,6.2,0.35,0.28,,,0.07,2012-08-28,2018-01-04
Def Jam Icon,X360,Action,Electronic Arts,Unknown,6.3,0.35,0.3,0.0,0.01,0.03,2007-03-06,
Mini Ninjas,PS3,Action,Eidos Interactive,IO Interactive,7.4,0.34,0.14,,0.15,0.06,2009-09-08,
Driver 2 Advance,GBA,Action,Atari,Sennari Interactive,6.8,0.34,0.25,,0.09,0.01,2002-10-22,
Trauma Center: Second Opinion,Wii,Simulation,Atlus,Atlus Co.,8.2,0.34,0.28,0.03,0.01,0.03,2006-11-14,
Tom Clancy's Ghost Recon: Shadow Wars,3DS,Strategy,Ubisoft,Ubisoft,7.9,0.34,0.22,,0.1,0.03,2011-03-22,
The Eye of Judgment,PS3,Strategy,Sony Computer Entertainment,SCE Japan Studio,7.5,0.34,0.28,0.02,0.0,0.03,2007-10-24,2018-09-16
Shaun White Snowboarding,PSP,Sports,Ubisoft,Ubisoft Montreal,6.3,0.34,0.26,,0.04,0.03,2008-11-16,
Supreme Commander 2,X360,Strategy,Square Enix,Gas Powered Games,8.2,0.34,0.23,,0.09,0.03,2010-03-16,
Backstreet Billiards,PS,Misc,ASCII Entertainment,argent,7.2,0.34,0.19,,0.13,0.02,1998-11-30,
Dynasty Warriors 6 Empires,PS3,Action,KOEI,Omega Force,6.4,0.34,0.14,0.15,0.03,0.02,2009-06-23,
Battalion Wars 2,Wii,Strategy,Nintendo,Kuju Entertainment,7.7,0.34,0.22,0.08,0.02,0.02,2007-10-29,
Dynasty Warriors: Gundam 2,PS2,Action,Namco Bandai,Omega Force,4.9,0.34,0.04,0.25,0.03,0.01,2009-04-21,
Dynasty Warriors 5 Empires,PS2,Action,KOEI,Omega Force,6.3,0.34,0.11,0.12,0.09,0.03,2006-03-28,
Tenchu Z,X360,Action,Microsoft,K2 LLC,5.7,0.34,0.27,0.02,0.02,0.03,2007-06-12,
Star Ocean: Second Evolution,PSP,Role-Playing,Square Enix,TOSE Software,8.0,0.34,0.14,0.16,0.02,0.02,2009-01-20,
Lord of Arcana,PSP,Role-Playing,Square Enix,Square Enix,4.7,0.34,0.08,0.17,0.05,0.04,2011-01-25,
WWE Day of Reckoning 2,GC,Fighting,THQ,Yuke's Future Media Creators,8.3,0.34,0.26,,0.07,0.01,2005-08-29,
F.E.A.R.,X360,Shooter,Vivendi Games,Day 1 Studios,8.6,0.34,0.28,,0.03,0.03,2006-10-31,
WWE All Stars,X360,Fighting,THQ,THQ,7.7,0.34,0.18,,0.14,0.03,2011-03-29,
MotorStorm: Arctic Edge,PS2,Racing,Sony Computer Entertainment,Virtuos,7.4,0.34,0.07,,0.03,0.25,2009-10-20,
Racquet Sports,PS3,Sports,Ubisoft,Asobo Studio,4.2,0.34,0.11,,0.17,0.06,2010-09-14,
Herbie: Fully Loaded,GBA,Racing,Buena Vista,Climax Group,5.0,0.34,0.24,,0.09,0.01,2005-07-12,
Beyond Good & Evil,PS2,Adventure,Ubisoft,Ubisoft Montpellier,8.3,0.33,0.16,,0.13,0.04,2003-11-11,
Teen Titans,GC,Action,THQ,A2M,6.3,0.33,0.25,,0.07,0.01,2006-05-24,
Dead or Alive 5,X360,Fighting,Tecmo Koei,Team Ninja,7.6,0.33,0.2,0.03,0.08,0.03,2012-09-25,2018-01-23
Street Fighter Alpha 3 MAX,PSP,Fighting,Capcom,Capcom,7.8,0.33,0.27,0.02,0.01,0.03,2006-02-07,
WWE Wrestlemania XIX,GC,Fighting,THQ,Yuke's,7.8,0.33,0.26,,0.07,0.01,2003-09-08,
Kirby: Battle Royale,3DS,Fighting,Nintendo,HAL Laboratory,6.0,0.33,0.07,0.2,0.05,0.01,2018-01-19,2018-01-03
Call of Duty 2: Big Red One,GC,Shooter,Activision,Treyarch,7.5,0.33,0.25,,0.07,0.01,2005-11-01,
Fracture,X360,Shooter,LucasArts,Day 1 Studios,4.0,0.33,0.15,0.0,0.14,0.04,2008-10-07,
Mystery Case Files: The Malgrave Incident,Wii,Adventure,Nintendo,Big Fish Games,6.3,0.33,0.17,,0.13,0.03,2011-06-27,
Clock Tower 3,PS2,Adventure,Capcom,SunSoft,7.0,0.33,0.1,0.12,0.08,0.03,2003-03-18,
Dr. Mario / Puzzle League,GBA,Puzzle,Nintendo,Intelligent Systems,7.5,0.33,0.12,0.16,0.04,0.01,2005-11-28,
Bomberman World,PS,Puzzle,Atlus,Hudson Soft,6.5,0.33,0.06,0.22,0.04,0.02,1998-09-22,
Planet Puzzle League,DS,Puzzle,Nintendo,Intelligent Systems,8.6,0.33,0.14,0.16,0.01,0.01,2007-06-04,
"Warhammer 40,000: Squad Command",PSP,Strategy,THQ,RedLynx,6.6,0.33,0.11,,0.14,0.08,2007-11-12,
GT Advance Championship Racing,GBA,Racing,THQ,MTO,7.5,0.33,0.24,,0.09,0.01,2001-06-08,
Mega Man ZX Advent,DS,Platform,Capcom,Inti Creates,7.6,0.33,0.22,0.09,0.0,0.02,2007-10-23,
NBA 2K10,PSP,Sports,2K Sports,Visual Concepts,5.5,0.33,0.3,0.0,0.0,0.03,2009-10-06,
MVP Baseball 2005,GC,Sports,EA Sports,EA Canada,8.7,0.33,0.25,,0.07,0.01,2005-02-22,
The Sims 2,GC,Simulation,Electronic Arts,Maxis,7.6,0.33,0.26,,0.07,0.01,2005-10-24,
Harry Potter and the Deathly Hallows - Part 2,X360,Action,Electronic Arts,EA Bright Light,4.8,0.33,0.19,,0.11,0.03,2011-07-12,
MLB 08: The Show,PSP,Sports,Sony Computer Entertainment,SCEA San Diego Studios,8.3,0.33,0.3,,,0.02,2008-03-04,
Deus Ex: Invisible War,XB,Shooter,Eidos Interactive,Ion Storm,8.5,0.33,0.25,,0.07,0.01,2003-12-02,
Etrian Odyssey,DS,Role-Playing,Atlus,Atlus Co. / Lancarse,7.4,0.33,0.19,0.09,0.03,0.02,2007-05-15,
Untold Legends: The Warriors Code,PSP,Role-Playing,Sony Online Entertainment,Sony Online Entertainment,6.8,0.33,0.14,,0.12,0.08,2006-03-28,
Resonance of Fate,X360,Role-Playing,Sega,tri-Ace,7.4,0.33,0.12,0.06,0.13,0.03,2010-03-16,
Disgaea: Hour of Darkness,PS2,Role-Playing,Atlus,Nippon Ichi Software,8.8,0.33,0.16,,0.13,0.04,2003-08-27,
Tokyo Mirage Sessions #FE,WiiU,Role-Playing,Nintendo,Atlus,8.0,0.33,0.17,0.08,0.06,0.02,2016-06-24,2020-07-23
Disgaea 2: Cursed Memories,PS2,Role-Playing,NIS America,Nippon Ichi Software,7.9,0.33,0.09,0.15,0.07,0.02,2006-08-29,
Fable III,PC,Role-Playing,Microsoft Game Studios,Lionhead Studios,7.0,0.33,0.11,,0.17,0.05,2011-05-17,
The Witcher: Enhanced Edition,PC,Role-Playing,Atari,CD Projekt Red Studio,8.3,0.33,0.32,,0.01,,2008-09-16,
Ape Escape Academy,PSP,Party,Sony Computer Entertainment,Shift,5.3,0.33,0.13,,0.15,0.05,2006-01-17,2018-09-18
Jeanne d'Arc,PSP,Role-Playing,Sony Computer Entertainment,Level 5,8.4,0.33,0.21,0.1,,0.02,2007-08-21,
Capcom Classics Collection Reloaded,PSP,Misc,Capcom,Capcom,7.1,0.33,0.26,0.03,0.0,0.03,2006-10-24,
DECA Sports Freedom,X360,Sports,Hudson Soft,Hudson Soft,3.0,0.33,0.27,,0.04,0.02,2010-11-18,
Banjo-Kazooie: Grunty's Revenge,GBA,Platform,THQ,Rare Ltd.,6.6,0.33,0.24,,0.09,0.01,2003-09-10,
Klonoa 2: Lunatea's Veil,PS2,Platform,Namco,Namco,9.4,0.33,0.12,0.08,0.1,0.03,2001-07-25,
Classic NES Series: Castlevania,GBA,Platform,Nintendo,Konami,7.4,0.33,0.17,0.09,0.06,0.01,2004-10-25,
Major League Baseball 2K6,XB,Sports,2K Sports,Kush Games,7.3,0.33,0.24,,0.07,0.01,2006-04-03,
Ninja Blade,X360,Action,Microsoft,From Software,6.7,0.33,0.14,0.02,0.14,0.03,2009-04-07,
Golden Axe: Beast Rider,X360,Action,Sega,Secret Level,4.0,0.33,0.19,,0.11,0.03,2008-10-14,
Naruto: Rise of a Ninja,X360,Action,Ubisoft,Ubisoft Montreal,7.8,0.33,0.29,,0.01,0.03,2007-10-30,
Ultimate NES Remix,3DS,Action,Nintendo,Nintendo,7.0,0.33,0.19,,0.11,0.03,2014-12-05,2018-05-29
Folklore,PS3,Role-Playing,Sony Computer Entertainment,Game Republic,7.5,0.32,0.2,0.05,0.04,0.03,2007-10-09,
Bleach: Shattered Blade,Wii,Fighting,Sega,Polygon Magic,5.3,0.32,0.21,0.08,0.01,0.02,2007-10-09,
Shin Megami Tensei: Persona 2: Innocent Sin,PSP,Role-Playing,Atlus,Atlus Co.,7.0,0.32,0.14,0.11,0.04,0.04,2011-09-20,
Street Fighter Alpha 2,SAT,Fighting,Capcom,Capcom,8.1,0.32,,0.32,,,1996-09-30,
Bust-A-Move '99,PS,Puzzle,Acclaim Entertainment,Taito Corporation,7.7,0.32,0.18,,0.12,0.02,1999-02-28,
Final Fantasy XI: Online,PS2,MMO,Square Enix,Square Enix,8.4,0.32,0.08,0.15,0.06,0.02,2004-09-21,2018-04-22
Marvel: Ultimate Alliance 2,Wii,Role-Playing,Activision,n-Space,5.6,0.32,0.25,,0.05,0.03,2009-09-15,
Eternal Sonata,X360,Role-Playing,Namco Bandai,Tri-Crescendo,7.9,0.32,0.19,0.08,0.04,0.02,2007-09-17,
Chibi-Robo! Zip Lash,3DS,Platform,Nintendo,Nintendo,5.5,0.32,0.14,0.07,0.09,0.02,2015-10-09,2018-01-14
Rayman 2: The Great Escape,PS,Platform,Ubisoft,Ubisoft Shanghai,8.7,0.32,0.18,,0.12,0.02,2000-09-15,
Final Fantasy XI: Wings of the Goddess,X360,Role-Playing,Square Enix,Square Enix,6.5,0.32,0.28,0.02,0.0,0.03,2007-11-20,
"Ed, Edd n Eddy: Jawbreakers!",GBA,Adventure,BAM! Entertainment,Crawfish Interactive - Climax,5.0,0.32,0.23,,0.08,0.01,2002-09-15,
Shenmue II,XB,Adventure,Microsoft,Sega-AM2,7.9,0.32,0.22,,0.08,0.01,2002-10-28,
Prince of Persia: The Sands of Time,GC,Adventure,Ubisoft,Ubisoft Montreal,9.0,0.32,0.25,,0.06,0.01,2003-11-18,
Championship Bass,PS,Sports,EA Sports,EA Seattle,7.1,0.32,0.18,,0.12,0.02,2000-03-07,
Beautiful Katamari,X360,Puzzle,Namco Bandai,Now Production,7.3,0.32,0.14,0.15,0.02,0.02,2007-10-16,
Tony Hawk's American Wasteland,X360,Sports,Activision,Neversoft Entertainment,8.2,0.32,0.28,,0.01,0.03,2005-11-16,
Rugby World Cup 2011,PS3,Sports,505 Games,HB Studios Multimedia,4.5,0.32,,,0.25,0.07,2011-08-26,
Elebits,Wii,Action,Konami,Konami,7.3,0.32,0.22,0.08,0.01,0.02,2006-12-12,
Golden Axe: Beast Rider,PS3,Action,Sega,Secret Level,4.5,0.32,0.13,,0.14,0.06,2008-10-14,
DJ Hero,PS2,Misc,Activision,FreeStyleGames,8.3,0.32,0.1,,0.02,0.2,2009-10-27,
Vin Diesel: Wheelman,PS3,Racing,Ubisoft,Tigon,6.9,0.32,0.12,,0.14,0.05,2009-03-24,
Phineas and Ferb: Across the 2nd Dimension,PS3,Action,Disney Interactive Studios,High Impact Games,6.8,0.32,0.15,,0.12,0.05,2011-08-02,
Dead Rising 2: Off the Record,PS3,Action,Capcom,Blue Castle Games,7.1,0.32,0.11,0.1,0.08,0.03,2011-10-11,
Fortress,GBA,Action,Majesco,Pipe Dream Interactive,6.6,0.32,0.23,,0.08,0.01,2001-08-13,
Crash of the Titans,X360,Action,Sierra Entertainment,Radical Entertainment,6.6,0.32,0.27,,0.02,0.02,2007-10-04,
Prey,X360,Shooter,2K Games,Venom Games / Human Head Studios,8.2,0.32,0.27,,0.03,0.02,2006-07-11,
Singularity,X360,Shooter,Activision,Raven Software,7.7,0.32,0.24,0.0,0.04,0.03,2010-06-29,
WipEout Pulse,PSP,Racing,Sony Computer Entertainment,Studio Liverpool,8.2,0.32,0.13,,0.12,0.06,2008-02-12,
Test Drive Unlimited,X360,Racing,Atari,Eden Studios,8.0,0.32,0.23,0.02,0.04,0.02,2006-09-05,
DiRT 2,PSP,Racing,Codemasters,Codemasters,7.4,0.32,0.09,,0.15,0.08,2009-09-08,
Operation Flashpoint: Red River,PS3,Shooter,Codemasters,Codemasters,6.8,0.32,0.06,0.07,0.14,0.05,2011-06-07,
Marvel Nemesis: Rise of the Imperfects,PSP,Fighting,Electronic Arts,Team Fusion,6.8,0.32,0.29,,0.0,0.02,2005-10-04,
BlazBlue: Continuum Shift,X360,Fighting,Aksys Games,Arc System Works,8.6,0.32,0.23,0.02,0.04,0.02,2010-07-27,
Dead Space 2,PC,Shooter,Electronic Arts,Visceral Games,8.9,0.32,0.13,,0.15,0.04,2011-01-25,
Army of Two: The 40th Day,PSP,Shooter,Electronic Arts,Buzz Monkey Software,4.8,0.32,0.12,,0.13,0.08,2010-01-12,
Clive Barker's Jericho,X360,Shooter,Codemasters,Mercury Steam / Alchemic Productions,5.8,0.32,0.28,,0.01,0.02,2007-10-23,
Payday 2,PS4,Shooter,505 Games,Overkill Software,6.5,0.32,0.12,,0.14,0.05,2015-06-16,2018-01-08
NASCAR Thunder 2003,GC,Racing,EA Sports,EA Tiburon,8.8,0.31,0.24,,0.06,0.01,2002-09-19,
Fuel,X360,Racing,Codemasters,Asobo Studio,6.6,0.31,0.09,0.0,0.18,0.04,2009-06-02,2020-08-05
Catherine,X360,Puzzle,Atlus,Atlus,7.9,0.31,0.2,0.03,0.06,0.02,2011-07-26,2018-09-12
KuruKuru Kururin,GBA,Puzzle,Nintendo,Eighting/Raizing,7.2,0.31,,0.3,,0.01,2001-06-22,
Dark Void,X360,Action,Capcom,Airtight Games,6.1,0.31,0.19,,0.09,0.03,2010-01-19,
40 Winks,PS,Platform,GT Interactive,Eurocom Entertainment Software,5.5,0.31,0.17,,0.12,0.02,1999-11-14,
Mega Man Maverick Hunter X,PSP,Platform,Capcom,Capcom,7.9,0.31,0.27,,0.01,0.03,2006-01-31,
Namco Museum: Virtual Arcade,X360,Misc,Namco Bandai,Namco Bandai Games,7.0,0.31,0.27,0.01,0.01,0.02,2008-11-04,
Tiger Woods PGA Tour 06,X360,Sports,EA Sports,EA Sports,6.9,0.31,0.28,,0.0,0.02,2005-11-16,
Bass Hunter 64,N64,Sports,Take-Two Interactive,Gear Head Entertainment,6.0,0.31,0.25,,0.06,0.0,1999-06-30,
NBA Live 08,PSP,Sports,Electronic Arts,EA Canada,6.8,0.31,0.28,0.0,0.0,0.02,2007-10-01,
Spider-Man 3,PSP,Platform,Activision,Treyarch,5.3,0.31,0.01,,0.24,0.06,2007-10-16,
Silent Hill: Shattered Memories,PSP,Adventure,Konami,Climax Group,7.8,0.31,0.09,0.01,0.13,0.07,2010-01-19,
The Matrix: Path of Neo,XB,Action,Atari,Shiny Entertainment,6.7,0.31,0.23,,0.07,0.01,2005-11-07,
Yu-Gi-Oh! 5D's World Championship 2010 Reverse of Arcadia,DS,Strategy,Konami,Konami,7.6,0.31,0.18,0.09,0.02,0.02,2010-02-23,
The Settlers 7: Paths to a Kingdom,PC,Strategy,Ubisoft,Blue Byte,7.8,0.31,,,0.27,0.04,2010-03-23,
WarCraft II: The Dark Saga,PS,Strategy,Electronic Arts,Blizzard Entertainment,7.3,0.31,0.18,,0.12,0.02,1997-08-31,
Mega Man Zero Collection,DS,Platform,Capcom,Inti Creates,7.5,0.31,0.17,0.11,0.01,0.02,2010-06-08,
Star Wars Episode III: Revenge of the Sith,DS,Action,Ubisoft,Ubisoft Montreal,7.3,0.31,0.25,,0.03,0.02,2005-05-04,
Sonic Boom: Rise of Lyric,WiiU,Action-Adventure,Sega,Big Red Button,3.7,0.31,0.19,,0.09,0.03,2014-11-11,2018-03-22
Bust-A-Move Universe,3DS,Puzzle,Square Enix,Arika,5.6,0.31,0.08,0.06,0.15,0.02,2011-03-27,
Shaun White Snowboarding,PS2,Sports,Ubisoft,Ubisoft Montreal,6.2,0.31,0.15,,0.12,0.04,2008-11-16,
South Park: Chef's Luv Shack,PS,Misc,Acclaim Entertainment,Acclaim Studios Austin,3.1,0.31,0.17,,0.12,0.02,1999-10-31,
A Collection of Intellivision Classic Games,PS,Misc,Activision,LTI,4.3,0.31,0.17,,0.12,0.02,1999-10-30,
Star Wars Racer Revenge,PS2,Racing,LucasArts,Rainbow Studios,7.8,0.31,0.15,,0.12,0.04,2002-02-11,
NASCAR 2011: The Game,X360,Racing,Activision,Eutechnyx,6.0,0.31,0.29,,,0.02,2011-03-29,
Cart World Series,PS,Racing,Sony Computer Entertainment,SCEA,7.0,0.3,0.17,,0.11,0.02,1997-09-16,
Monster Truck Madness 64,N64,Racing,Rockstar Games,Edge of Reality,5.5,0.3,0.24,,0.06,0.0,1999-06-30,
The King of Fighters XIII,PS3,Fighting,Atlus,SNK Playmore Corporation,7.8,0.3,0.17,0.04,0.07,0.03,2011-11-22,
Ehrgeiz,PS,Fighting,Square,DreamFactory,6.7,0.3,0.17,,0.12,0.02,1999-05-04,
PowerUp Heroes,X360,Fighting,Ubisoft,Ubisoft,4.0,0.3,0.18,,0.09,0.03,2011-10-18,
Radiant Historia,DS,Role-Playing,Atlus,Atlus Co.,8.5,0.3,0.19,0.09,,0.02,2011-02-22,
Capcom Classics Collection Remixed,PSP,Misc,Capcom,Digital Eclipse,7.7,0.3,0.27,,0.0,0.02,2006-03-22,
Guitar Hero: Van Halen,X360,Misc,Activision,Neversoft Entertainment,6.2,0.3,0.16,,0.1,0.03,2009-12-22,
Def Jam Rapstar,X360,Misc,Konami,4mm Games / Terminal Reality,7.4,0.3,0.26,,0.03,0.02,2010-10-05,
FIFA 15,PC,Sports,EA Sports,EA Canada,7.0,0.3,,,0.28,0.02,2014-09-23,2018-03-23
Madagascar,DS,Platform,Activision,Vicarious Visions,6.3,0.3,0.25,,0.03,0.02,2005-05-23,
Dynasty Warriors 6,X360,Action,KOEI,Omega Force,6.2,0.3,0.15,0.06,0.06,0.02,2008-02-19,
Looney Tunes: Duck Amuck,DS,Action,Warner Bros. Interactive,WayForward Technologies,6.4,0.3,0.28,,0.0,0.02,2007-10-09,
Fist of the North Star: Ken's Rage 2,PS3,Action,Tecmo Koei,Koei,5.0,0.3,,0.3,,,2013-02-05,2019-01-03
Tom Clancy's Splinter Cell 3D,3DS,Action,Ubisoft,Gameloft,8.0,0.3,0.14,0.07,0.07,0.02,2011-04-10,
Chaos Legion,PS2,Action,Capcom,Capcom Production Studio 6,6.2,0.3,0.15,,0.12,0.04,2003-08-06,
Resident Evil Archives: Resident Evil,Wii,Action,Capcom,Capcom Production Studio 4,7.6,0.3,0.16,0.08,0.04,0.02,2009-06-23,
NBA Live 2003,GC,Sports,EA Sports,EA Canada,8.4,0.3,0.23,,0.06,0.01,2002-10-08,
Finding Nemo: The Continuing Adventures,GBA,Action,THQ,Altron,8.0,0.3,0.21,,0.08,0.01,2004-09-08,
Batman: The Brave and the Bold the Videogame,DS,Action,Warner Bros. Interactive,WayForward Technologies,7.5,0.3,0.23,,0.04,0.02,2010-09-07,
Contra 4,DS,Shooter,Konami,WayForward Technologies,8.1,0.3,0.28,0.01,,0.02,2007-11-13,
Rayman 2: Revolution,PS2,Platform,Ubisoft,Ubisoft,8.7,0.3,0.15,,0.11,0.04,2001-01-30,
Dragon Force,SAT,Strategy,Working Designs,Sega,9.0,0.3,,0.3,,0.0,1996-11-30,
Full Spectrum Warrior,PS2,Strategy,THQ,Pandemic Studios,8.5,0.3,0.15,,0.11,0.04,2005-03-21,
Sing Party,WiiU,Party,Nintendo,FreeStyleGames,6.8,0.3,0.15,,0.13,0.03,2012-11-18,2020-09-08
N3: Ninety-Nine Nights,X360,Action,Microsoft Game Studios,Q Entertainment / Phantagram,6.3,0.3,0.2,0.05,0.03,0.02,2006-08-15,
MySims SkyHeroes,Wii,Action,Electronic Arts,The Sims Studio,6.4,0.3,0.16,,0.1,0.03,2010-09-28,
Monopoly for Nintendo Switch,NS,Board Game,Ubisoft,Engine Software,5.3,0.3,0.06,0.01,0.22,0.02,2017-10-31,2019-01-28
F1 2013,X360,Racing,Codemasters,Codemasters Birmingham,7.9,0.3,0.01,0.0,0.28,0.02,2013-10-08,2018-05-24
Syphon Filter: Dark Mirror,PSP,Shooter,Sony Computer Entertainment,SCEA Bend Studio,8.5,0.3,0.26,,0.01,0.03,2006-03-14,
Shaun White Snowboarding: World Stage,Wii,Sports,Ubisoft,Ubisoft Montreal,7.2,0.3,0.24,,0.03,0.02,2009-11-08,
Lumines ll,PSP,Puzzle,Buena Vista,Q Entertainment,8.0,0.3,0.12,,0.12,0.07,2006-11-06,
Magna Carta 2,X360,Role-Playing,Namco Bandai,SoftMax,6.6,0.3,0.13,0.07,0.07,0.02,2009-10-13,
Crazy Taxi: Catch a Ride,GBA,Racing,THQ,Graphic State,4.8,0.3,0.21,,0.08,0.01,2003-04-09,
Burnout,GC,Racing,Acclaim Entertainment,Criterion Games,7.7,0.3,0.23,,0.06,0.01,2002-04-29,
Sonic Boom: Shattered Crystal,3DS,Platform,Sega,Sanzaru Games,3.8,0.29,0.17,,0.09,0.03,2014-11-11,2018-10-18
Rock Revolution,X360,Misc,Konami,Zoe Mode / HB Studios,3.6,0.29,0.26,,0.0,0.02,2008-10-15,
Assassin's Creed IV: Black Flag,WiiU,Action-Adventure,Ubisoft,Ubisoft Montreal,8.5,0.29,0.17,,0.1,0.03,2013-10-29,2018-03-14
NBA Live 06,X360,Sports,EA Sports,EA Canada,6.5,0.29,0.27,,0.0,0.02,2005-11-16,
Ever Oasis,3DS,Role-Playing,Nintendo,GREZZO,8.1,0.29,0.13,0.05,0.08,0.02,2017-06-23,2018-01-14
Grandia II,PS2,Role-Playing,Ubisoft,Game Arts,7.4,0.29,0.14,,0.11,0.04,2002-01-28,
NieR,X360,Role-Playing,Square Enix,Cavia Inc.,6.4,0.29,0.13,0.04,0.1,0.02,2010-04-27,
Atelier Iris 3: Grand Phantasm (US Sales),PS2,Role-Playing,NIS America,Gust,6.1,0.29,0.14,,0.11,0.04,2007-05-29,
The Lord of the Rings: The Third Age,GC,Role-Playing,Electronic Arts,EA Redwood Shores,7.9,0.29,0.22,,0.06,0.01,2004-11-02,
"Sakura Wars: So Long, My Love",PS2,Role-Playing,NIS America,RED Entertainment,8.8,0.29,0.07,0.15,0.05,0.02,2010-03-30,
Overcooked! 2,NS,Simulation,Sold Out,Ghost Town Games,8.4,0.29,0.17,0.01,0.09,0.03,2018-08-07,2018-06-14
The Sims 2,PC,Simulation,Electronic Arts,Maxis,8.9,0.29,0.02,,0.24,0.03,2004-09-14,
Glory of Heracles,DS,Role-Playing,Nintendo,Paon Corporation,6.8,0.29,0.19,0.08,,0.02,2010-01-18,
X-Men Legends II: Rise of Apocalypse,PSP,Role-Playing,Activision,Vicarious Visions,8.5,0.29,0.25,,0.01,0.02,2005-10-18,
Harvest Moon: Magical Melody,Wii,Simulation,Natsume,Marvelous Interactive,6.3,0.29,0.23,,0.04,0.02,2009-08-25,
Ace Combat: Joint Assault,PSP,Simulation,Namco Bandai,Project ACES,7.0,0.29,0.06,0.15,0.05,0.03,2010-08-31,
Trauma Center: New Blood,Wii,Simulation,Atlus,Atlus Co.,7.5,0.29,0.22,0.01,0.04,0.02,2007-11-20,
Duel Masters: Sempai Legends,GBA,Misc,Atari,Mistic Software,7.1,0.29,0.21,,0.08,0.01,2004-06-01,
The Golden Compass,PS3,Adventure,Sega,Shiny Entertainment,4.3,0.29,0.14,,0.1,0.05,2007-12-04,
The Legend of Legacy,3DS,Role-Playing,Atlus,Cattle Call,6.0,0.29,0.14,0.11,0.02,0.02,2015-10-13,2018-05-29
Zoo Tycoon 2 DS,DS,Strategy,THQ,Altron,6.9,0.29,0.24,,0.03,0.02,2008-02-04,
Phoenix Wright: Ace Attorney: Spirit of Justice,3DS,Adventure,Capcom,Capcom,8.1,0.29,,0.29,,,2016-09-30,2018-01-14
Up,X360,Adventure,THQ,THQ,6.5,0.29,0.2,,0.07,0.03,2009-05-26,
Majin and the Forsaken Kingdom,PS3,Adventure,Namco Bandai,Game Republic,7.0,0.29,0.09,0.01,0.14,0.05,2010-11-23,
The BIGS 2,Wii,Sports,2K Sports,Blue Castle Games,6.3,0.29,0.26,,0.01,0.02,2009-07-07,
Feel the Magic XY/XX,DS,Puzzle,Sega,Sonic Team,7.7,0.29,0.17,0.1,0.0,0.02,2004-11-16,
Dead Rising: Chop Till You Drop,Wii,Action,Capcom,Capcom Production Studio 1 / TOSE Software,6.7,0.29,0.15,0.05,0.07,0.02,2009-02-24,
Prince of Persia: Rival Swords,Wii,Action,Ubisoft,Ubisoft Montreal,7.0,0.29,0.24,,0.03,0.02,2007-04-03,
Sengoku Basara: Samurai Heroes,Wii,Action,Capcom,Capcom,6.0,0.29,0.06,0.2,0.02,0.01,2010-10-12,
Warriors Orochi 2,PSP,Action,KOEI,Omega Force,5.3,0.29,0.06,0.22,0.0,0.01,2009-08-25,
Spider-Man: Friend or Foe,X360,Action,Activision,Next Level Games,5.9,0.29,0.26,,0.01,0.02,2007-10-02,
Dynasty Warriors: Strikeforce,PS3,Action,Tecmo Koei,Omega Force,6.8,0.29,0.11,0.07,0.08,0.03,2010-02-16,
Kenka Bancho: Badass Rumble,PSP,Action,Atlus,Spike,7.0,0.29,0.07,0.2,,0.01,2009-11-10,
Trace Memory,DS,Adventure,Nintendo,Cing,6.5,0.29,0.15,0.12,0.01,0.01,2005-09-26,
Just Dance 2017,NS,Music,Ubisoft,Ubisoft Paris,6.5,0.29,0.07,,0.2,0.02,2017-03-03,2018-04-06
Rayman 3: Hoodlum Havoc,PS2,Platform,Ubisoft,Ubisoft,7.4,0.29,0.14,,0.11,0.04,2003-03-17,
Spyro: A Hero's Tail,GC,Platform,VU Games,Eurocom Entertainment Software,6.4,0.29,0.22,,0.06,0.01,2004-11-03,
Earthworm Jim,GBA,Platform,Majesco,Game Titan,7.2,0.29,0.2,,0.08,0.01,2001-06-10,
Turning Point: Fall of Liberty,X360,Shooter,Codemasters,Spark Unlimited,4.3,0.29,0.23,,0.04,0.02,2008-02-26,
FlatOut: Head On,PSP,Racing,Warner Bros. Interactive,Bugbear Entertainment,7.3,0.29,0.13,,0.11,0.06,2008-04-04,
Call of Juarez: The Cartel,PS3,Shooter,Ubisoft,Techland,5.4,0.29,0.12,,0.12,0.05,2011-07-19,
Wanted: Weapons of Fate,PS3,Shooter,Warner Bros. Interactive,GRIN,6.2,0.29,0.14,0.01,0.1,0.04,2009-03-24,
MLB Power Pros,Wii,Sports,2K Sports,PawaPuro Production,8.5,0.29,0.23,0.04,,0.02,2007-10-03,
The Chronicles of Riddick: Assault on Dark Athena,X360,Shooter,Atari,Starbreeze Studios AB,8.2,0.29,0.16,,0.1,0.03,2009-04-07,
Forsaken 64,N64,Shooter,Acclaim Entertainment,Iguana Entertainment,8.3,0.29,0.23,,0.06,0.0,1998-04-30,
Siren: Blood Curse,PS3,Action-Adventure,Sony Computer Entertainment,SCE Japan Studio,8.3,0.28,,0.09,0.17,0.01,2008-07-24,2018-09-16
Patapon 3,PSP,Platform,Sony Computer Entertainment,Pyramid/JAPAN Studio,7.4,0.28,0.05,0.17,0.04,0.02,2011-04-12,
Rhythm Thief & the Emperor's Treasure,3DS,Misc,Sega,Sega,7.5,0.28,0.07,0.12,0.07,0.01,2012-07-10,
ExciteBots: Trick Racing,Wii,Racing,Nintendo,Monster Games,7.7,0.28,0.26,,,0.02,2009-04-20,
Disney's Extreme Skate Adventure,GBA,Sports,Activision,Vicarious Visions,6.6,0.28,0.2,,0.08,0.01,2003-09-03,
Rugby World Cup 2011,X360,Sports,505 Games,HB Studios Multimedia,4.8,0.28,0.03,,0.21,0.04,2011-09-06,
FIFA 07 Soccer,X360,Sports,EA Sports,EA Canada,7.1,0.28,0.24,,0.01,0.02,2006-11-01,
WarioWare Gold,3DS,Misc,Nintendo,Intelligent Systems,8.1,0.28,0.11,0.13,0.03,0.01,2018-08-03,2018-11-18
Guitar Hero: Van Halen,Wii,Misc,Activision,Neversoft Entertainment,5.0,0.28,0.13,,0.12,0.03,2009-12-22,
Guitar Hero: Van Halen,PS3,Misc,Activision,Neversoft Entertainment,6.2,0.28,0.14,,0.09,0.04,2009-12-22,
Darksiders,PS3,Action,THQ,Vigil Games,7.8,0.28,0.02,0.02,0.14,0.1,2010-01-05,
Medieval Moves: Deadmund's Quest,PS3,Action,Sony Computer Entertainment,Zindagi Games,7.0,0.28,0.13,,0.11,0.05,2011-11-15,
SAW,X360,Action,Konami,Zombie Studios,6.2,0.28,0.13,,0.12,0.03,2009-10-06,
Assassin's Creed II: Discovery,DS,Platform,Ubisoft,Griptonite Games,7.3,0.28,0.15,,0.11,0.03,2009-11-17,
Transformers: Dark of the Moon,X360,Action,Activision,High Moon Studios,6.5,0.28,0.13,,0.12,0.03,2011-06-14,
Civilization II,PS,Strategy,Activision,LTI Grey Matter,8.2,0.28,0.15,,0.11,0.02,1998-01-20,
Batman: The Brave and the Bold the Videogame,Wii,Action,Warner Bros. Interactive,WayForward Technologies,7.5,0.28,0.2,,0.05,0.02,2010-09-07,
Disney's Treasure Planet,GBA,Action,Disney Interactive Studios,Disney Interactive,6.3,0.28,0.2,,0.07,0.01,2002-10-31,
El Shaddai: Ascension of the Metatron,PS3,Action,Ignition Entertainment,Ignition Entertainment,8.0,0.28,0.11,0.08,0.07,0.03,2011-08-16,
Bladestorm: The Hundred Years' War,PS3,Action,KOEI,Omega Force,5.8,0.28,0.1,0.14,0.03,0.02,2007-11-06,
Star Trek Bridge Crew,PS4,Action,Ubisoft,Red Storm Entertainment,6.8,0.28,0.11,,0.12,0.05,2017-05-30,2018-04-09
Pac-Man Fever,GC,Misc,Namco,Mass Media,5.1,0.28,0.21,,0.06,0.01,2002-09-03,
Operation Flashpoint: Red River,X360,Shooter,Codemasters,Codemasters,7.0,0.28,0.1,0.01,0.14,0.03,2011-06-07,
Dead to Rights: Retribution,PS3,Shooter,Namco Bandai,Volatile Games,6.0,0.28,0.1,0.02,0.12,0.05,2010-04-27,
MLB 07: The Show,PSP,Sports,Sony Computer Entertainment,SCEA San Diego Studios,8.1,0.28,0.26,,,0.02,2007-02-27,
Carol Vorderman's Sudoku,PS2,Puzzle,Eidos Interactive,Empire Interactive,7.4,0.28,,,0.23,0.05,2007-03-06,
The Warriors,PSP,Action,Rockstar Games,Rockstar Toronto / Leeds,8.1,0.28,0.23,,0.02,0.03,2007-02-12,
The Binding of Isaac: Afterbirth+,NS,Action,Nicalis,Nicalis,9.0,0.28,0.17,,0.08,0.03,2017-03-17,2018-01-18
Gundam Versus,PS4,Action,Namco Bandai Games,Namco Bandai Games,7.3,0.28,0.08,0.18,,0.02,2017-09-29,2018-01-12
Over the Hedge,DS,Platform,Activision,Vicarious Visions,7.1,0.28,0.24,,0.01,0.02,2006-05-05,
Pirates of the Caribbean: Dead Man's Chest,PSP,Adventure,Buena Vista,Griptonite Games,4.3,0.28,0.25,,0.01,0.02,2006-06-27,
Dragon Ball GT: Transformation,GBA,Action,Atari,Webfoot Technologies,7.7,0.28,0.2,,0.08,0.01,2005-08-09,
SimCity 4,PC,Simulation,Electronic Arts,Maxis,8.7,0.28,0.01,,0.24,0.02,2003-01-12,
EyePet,PSP,Simulation,Sony Computer Entertainment,SCEE London Studio,4.9,0.28,0.02,,0.17,0.09,2010-11-02,
Armored Core: Project Phantasma,PS,Simulation,ASCII Entertainment,From Software,7.2,0.28,0.06,0.15,0.04,0.02,1998-09-30,
Final Fantasy VI Advance,GBA,Role-Playing,Nintendo,Square Enix,9.1,0.28,,0.28,,0.01,2007-02-05,
Wild ARMs 5,PS2,Role-Playing,Xseed Games,Media.Vision,7.5,0.28,0.14,,0.11,0.04,2007-08-28,
Etrian Mystery Dungeon,3DS,Role-Playing,Atlus,Spike Chunsoft,7.6,0.28,0.11,0.14,0.01,0.01,2015-04-07,2018-07-26
Mass Effect 3,WiiU,Role-Playing,Electronic Arts,BioWare,9.2,0.28,0.14,,0.12,0.02,2012-11-18,2018-01-09
Shadow Hearts,PS2,Role-Playing,Midway Games,Sacnoth,7.0,0.28,0.09,0.1,0.07,0.02,2001-12-11,
Dead or Alive,PS,Fighting,Tecmo,Team Ninja,8.3,0.28,0.09,0.1,0.06,0.02,1998-03-31,
Kung Fu Chaos,XB,Fighting,Microsoft Game Studios,Just Add Monsters,7.0,0.28,0.21,,0.06,0.01,2003-02-24,
Godzilla: Domination!,GBA,Fighting,Atari,WayForward Pocket Team,4.7,0.28,0.2,,0.07,0.01,2002-11-11,
Virtua Fighter 5 Online,X360,Fighting,Sega,Sega-AM2,9.2,0.28,0.2,0.03,0.02,0.02,2007-10-30,
Madagascar,XB,Platform,Activision,Toys for Bob,6.8,0.28,0.21,,0.06,0.01,2005-05-24,
Mega Man ZX,DS,Platform,Capcom,Inti Creates,8.1,0.28,0.16,0.1,0.0,0.02,2006-09-12,
Ice Age: Dawn of the Dinosaurs,Wii,Platform,Activision,Eurocom Entertainment Software,7.2,0.28,0.11,,0.14,0.03,2009-06-30,
Castlevania: Aria of Sorrow,GBA,Platform,Konami,KCET,8.8,0.28,0.2,,0.07,0.0,2003-05-06,
DeathSmiles,X360,Shooter,Aksys Games,Cave,8.0,0.28,0.15,0.05,0.06,0.02,2010-06-29,
Mister Mosquito,PS2,Shooter,Eidos Interactive,Zoom Inc.,6.6,0.28,0.05,0.17,0.04,0.01,2002-03-12,
World of Tanks,PC,Shooter,Wargaming.net,Wargaming.net,7.8,0.28,,,0.23,0.05,2011-04-12,
Need for Speed: Most Wanted (2012),WiiU,Racing,Electronic Arts,Criterion Games,8.4,0.28,0.13,,0.13,0.02,2013-03-19,2018-12-19
Corvette,GBA,Racing,TDK Mediactive,Visual Impact,4.9,0.28,0.2,,0.07,0.01,2003-11-11,
Baten Kaitos: Eternal Wings and the Lost Ocean,GC,Role-Playing,Namco,tri-Crescendo / Monolith Soft,8.2,0.27,0.21,,0.05,0.01,2004-11-16,
NHL 07,X360,Sports,EA Sports,EA Canada,8.0,0.27,0.25,,0.0,0.02,2006-09-12,
NHL 2K11,Wii,Sports,2K Sports,Visual Concepts,6.3,0.27,0.23,,0.02,0.02,2010-08-24,
NFL Street 3,PSP,Sports,EA Sports BIG,EA Tiburon,6.7,0.27,0.24,,0.0,0.02,2006-11-14,
Dragon Ball Z: Tenkaichi Tag Team,PSP,Fighting,Namco Bandai,Dimps Corporation,6.0,0.27,0.11,0.09,0.04,0.03,2010-10-19,
Lightning Returns: Final Fantasy XIII,X360,Misc,Square Enix,Unknown,6.4,0.27,0.15,0.01,0.08,0.02,2014-02-11,
Metal Gear Solid V: Ground Zeroes,XOne,Action-Adventure,Konami Digital Entertainment,Kojima Productions,7.7,0.27,0.13,,0.13,0.02,2014-03-18,2018-03-22
Batman: Arkham Origins Blackgate,3DS,Action-Adventure,Warner Bros. Interactive Entertainment,Armature Studio,7.0,0.27,0.16,,0.09,0.02,2013-10-25,2018-12-10
Ty the Tasmanian Tiger,GC,Platform,Electronic Arts,Krome Studios,7.1,0.27,0.21,,0.05,0.01,2002-09-10,
Brain Age: Concentration Training,3DS,Misc,Nintendo,Nintendo,7.5,0.27,,0.27,,,2013-02-10,2018-08-30
Pac-Pix,DS,Puzzle,Namco,Namco,6.8,0.27,0.16,0.1,0.0,0.01,2005-04-26,
Disney's Chicken Little,GC,Platform,Buena Vista,Avalanche Software,7.0,0.27,0.21,,0.05,0.01,2005-10-20,
Skylanders SWAP Force,3DS,Platform,Activision,n-Space,7.7,0.27,0.12,,0.13,0.02,2013-10-13,2018-01-16
Ratatouille,X360,Platform,THQ,Heavy Iron Studios,5.3,0.27,0.23,,0.02,0.02,2007-06-26,
Transformers: Cybertron Adventures,Wii,Action,Activision,High Moon Studios,3.7,0.27,0.14,,0.1,0.02,2010-06-22,
Dead Rising 2: Off the Record,X360,Action,Capcom,Blue Castle Games,7.6,0.27,0.17,,0.08,0.02,2011-10-11,
Iron Man 2,X360,Action,Sega,"Sega Studios, San Francisco",5.1,0.27,0.15,,0.1,0.03,2010-05-04,
Shadows of the Damned,PS3,Action,Electronic Arts,Grasshopper Manufacture,7.9,0.27,0.11,0.04,0.09,0.03,2011-06-21,
Call of Juarez: The Cartel,X360,Shooter,Ubisoft,Techland,5.2,0.27,0.14,,0.1,0.03,2011-07-19,
Plants vs. Zombies,X360,Strategy,PopCap Games,PopCap Games,8.9,0.27,0.24,,,0.02,2010-09-28,
R.U.S.E.,X360,Strategy,Ubisoft,Eugen Systems,8.0,0.27,0.12,0.0,0.11,0.02,2010-09-07,
The Club,X360,Shooter,Sega,Bizarre Creations,7.5,0.27,0.15,,0.1,0.02,2008-02-19,
Gun,X360,Shooter,Activision,Neversoft Entertainment,7.5,0.27,0.24,,0.01,0.02,2005-11-16,
Section 8,X360,Shooter,SouthPeak Interactive,TimeGate Studios,7.1,0.27,0.15,,0.09,0.02,2009-09-01,
NBA Live 2004,GC,Sports,EA Sports,EA Canada,8.4,0.27,0.21,,0.05,0.01,2003-10-15,
The Sims 2: Pets,GC,Simulation,Electronic Arts,Maxis,6.9,0.27,0.21,,0.05,0.01,2006-10-17,
America's Test Kitchen: Let's Get Cooking,DS,Simulation,Nintendo,Indies Zero,8.5,0.27,0.25,,,0.02,2010-03-28,
The World Ends with You: Final Remix,NS,Role-Playing,Nintendo,Square Enix,7.4,0.27,0.14,0.03,0.08,0.02,2018-10-12,2019-03-30
Suikoden Tierkreis,DS,Role-Playing,Konami,Konami,7.7,0.27,0.09,0.15,0.02,0.01,2009-03-17,
Etrian Odyssey V: Beyond the Myth,3DS,Role-Playing,Atlus,Atlus,7.9,0.27,0.11,0.14,0.01,0.01,2017-10-17,2018-01-15
Dragon Age Origins: Awakening,PS3,Role-Playing,Electronic Arts,BioWare Corp.,8.3,0.27,0.24,,,0.02,2010-03-16,
Alundra 2: A New Legend Begins,PS,Role-Playing,Activision,Matrix Software,7.1,0.27,0.15,,0.1,0.02,2000-02-29,
Tiger Woods PGA Tour 07,PSP,Sports,EA Sports,Team Fusion,7.6,0.27,0.2,,0.04,0.03,2006-10-10,
NASCAR 2011: The Game,PS3,Racing,Activision,Eutechnyx,6.0,0.27,0.25,,,0.02,2011-03-29,
MLB 09: The Show,PSP,Sports,Sony Computer Entertainment,SCE San Diego Studio,8.8,0.27,0.24,,,0.02,2009-03-03,2018-12-04
Peter Jackson's King Kong: The Official Game of the Movie,X360,Action,Ubisoft,Ubisoft Montpellier,7.9,0.26,0.2,,0.03,0.02,2005-11-21,
Indiana Jones and the Staff of Kings,PSP,Action,LucasArts,Amaze,7.4,0.26,0.11,,0.1,0.05,2009-06-09,
The Adventures of Jimmy Neutron Boy Genius vs. Jimmy Negatron,GBA,Action,THQ,Human Soft,6.0,0.26,0.19,,0.07,0.0,2002-09-25,
Spider-Man: Web of Shadows,PS3,Action,Activision,Shaba Games / Treyarch,6.9,0.26,0.2,,0.04,0.02,2008-10-21,
Nightmare Creatures,N64,Action,Activision,Kalisto Entertainment,7.1,0.26,0.21,,0.05,0.0,1997-01-01,
The Incredible Hulk,PS3,Action,Sega,Edge of Reality,5.6,0.26,0.22,,0.02,0.02,2008-06-05,
ATV: Quad Power Racing,GBA,Racing,Acclaim Entertainment,Tantalus Interactive,5.5,0.26,0.18,,0.07,0.0,2002-08-20,
Formula One 2001,PS2,Racing,Sony Computer Entertainment,Studio Liverpool,7.0,0.26,0.13,,0.1,0.03,2001-09-24,
MVP Baseball 2004,GC,Sports,EA Sports,EA Sports,8.9,0.26,0.2,,0.05,0.01,2004-03-09,
Major League Baseball 2K10,Wii,Sports,2K Sports,Visual Concepts,5.0,0.26,0.24,,,0.02,2010-03-02,
All-Pro Football 2K8,X360,Sports,2K Sports,Visual Concepts,7.5,0.26,0.24,,,0.02,2007-07-16,
NCAA Gamebreaker,PS,Sports,Sony Computer Entertainment,SCEA,6.3,0.26,0.15,,0.1,0.02,1996-08-31,
Batman: Vengeance,GC,Adventure,Ubisoft,Ubisoft Montreal,7.0,0.26,0.2,,0.05,0.01,2001-11-17,
Petz: Crazy Monkeyz,Wii,Simulation,Ubisoft,Ubisoft,3.5,0.26,0.24,,0.0,0.02,2008-11-18,
Star Wars Episode I: Battle for Naboo,N64,Simulation,LucasArts,Factor 5,8.5,0.26,0.21,,0.05,0.0,2000-12-13,
Dungeons & Dragons: Eye of the Beholder,GBA,Role-Playing,Atari,Pronto Games,4.8,0.26,0.19,,0.07,0.0,2002-10-30,
Etrian Odyssey: Millennium Girl,3DS,Role-Playing,Atlus,Atlus,8.1,0.26,0.1,0.14,0.01,0.01,2013-10-01,2018-12-10
Etrian Odyssey II: Heroes of Lagaard,DS,Role-Playing,Atlus,Atlus Co. / Lancarse,8.4,0.26,0.09,0.16,,0.01,2008-06-13,
King's Field II,PS,Role-Playing,ASCII Entertainment,From Software,7.3,0.26,0.08,0.11,0.06,0.02,1996-10-31,
Stella Glow,3DS,Role-Playing,Atlus,imageepoch Inc.,7.5,0.26,0.17,0.06,0.01,0.02,2015-11-17,2018-05-30
Armored Core: Master of Arena,PS,Simulation,Agetec,From Software,7.2,0.26,0.07,0.13,0.05,0.02,2000-02-29,
Final Fantasy V Advance,GBA,Role-Playing,Nintendo,Square Enix,8.2,0.26,,0.26,,0.01,2006-11-06,
Tropico 4,PC,Strategy,Kalypso,Haemimont Games,7.9,0.26,0.1,,0.13,0.03,2011-08-30,
R.U.S.E.,PC,Strategy,Ubisoft,Eugen Systems,8.0,0.26,0.04,,0.19,0.03,2010-09-07,
Bust A Groove 2,PS,Misc,Enix,Metro,7.0,0.26,0.04,0.18,0.03,0.02,1999-03-31,
Metroid Prime Pinball,DS,Misc,Nintendo,Fuse Games Limited,7.6,0.26,0.22,0.02,0.0,0.02,2005-10-24,
TV Superstars,PS3,Misc,Sony Computer Entertainment,SCEE Cambridge,6.2,0.26,0.08,,0.12,0.05,2010-10-12,
Castlevania: Harmony of Dissonance,GBA,Platform,Konami,Konami Computer Entertainment Tokyo,8.6,0.26,0.16,0.04,0.06,0.0,2002-09-16,
Rayman DS,DS,Platform,Ubisoft,Ubisoft Montreal,5.4,0.26,0.21,,0.03,0.02,2005-03-24,
Tomba!,PS,Platform,Sony Computer Entertainment,Whoopee Camp,8.6,0.26,0.15,,0.1,0.02,1998-06-30,
Hey Arnold! The Movie,GBA,Platform,THQ,Altron,5.5,0.26,0.19,,0.07,0.0,2002-05-29,
Polarium,DS,Puzzle,Nintendo,Mitchell,7.6,0.26,0.13,0.11,0.01,0.01,2005-04-18,
Armorines: Project S.W.A.R.M.,N64,Shooter,Acclaim Entertainment,Acclaim Studios London,6.2,0.26,0.21,,0.05,0.0,1999-11-30,
Resident Evil: Revelations,X360,Shooter,Capcom,Capcom,7.4,0.26,0.12,0.02,0.1,0.02,2013-05-21,2018-03-16
Legendary,X360,Shooter,Gamecock,Spark Unlimited,4.0,0.26,0.08,,0.15,0.03,2008-11-04,
The House of the Dead 2,DC,Shooter,Sega,Wow Entertainment,7.5,0.26,,0.26,,,1999-09-09,
Panzer Dragoon Orta,XB,Shooter,Sega,Smilebit,8.8,0.26,0.16,0.04,0.05,0.01,2003-01-12,
Tom Clancy's Splinter Cell: Double Agent,PS3,Action,Ubisoft,Ubisoft Shanghai,8.3,0.26,0.2,,0.03,0.03,2007-03-30,
Resident Evil: Deadly Silence,DS,Action,Capcom,Capcom,6.7,0.26,0.11,0.11,0.02,0.01,2006-02-07,
Frogger's Journey: The Forgotten Relic,GBA,Action,Konami,Konami,5.0,0.26,0.18,,0.07,0.0,2003-10-28,
Deadly Premonition,X360,Action,Ignition Entertainment,Access Games,6.0,0.26,0.18,0.0,0.06,0.02,2010-02-23,
Superman Returns,X360,Action,Electronic Arts,EA Tiburon,5.0,0.26,0.23,,0.01,0.02,2006-11-20,
LEGO Star Wars III: The Clone Wars,PC,Action,LucasArts,Traveller's Tales,7.6,0.25,0.1,,0.13,0.02,2011-03-22,
Teen Titans,PS2,Action,THQ,A2M,6.6,0.25,0.12,,0.1,0.03,2006-05-24,
Ice Age 2: The Meltdown,GBA,Platform,Sierra Entertainment,Amaze Entertainment,5.0,0.25,0.18,,0.07,0.0,2006-03-14,
Sonic Boom: Fire & Ice,3DS,Platform,Sega,Sanzaru Games,6.9,0.25,0.14,0.02,0.08,0.02,2016-09-27,2020-08-07
Ace Combat: Assault Horizon Legacy,3DS,Simulation,Namco Bandai,Namco Bandai Games,7.0,0.25,0.1,0.08,0.06,0.01,2011-11-15,
Spelling Challenges and more!,PSP,Misc,Crave Entertainment,Supersonic Software,4.5,0.25,0.24,,,0.02,2007-09-25,
Armored Core 4,X360,Simulation,Sega,From Software,6.5,0.25,0.19,0.03,0.01,0.02,2007-03-20,
WipEout XL,PS,Racing,Sony Computer Entertainment,Psygnosis,8.8,0.25,0.14,,0.1,0.02,1996-09-30,
NASCAR 09,X360,Racing,EA Sports,EA Tiburon,7.1,0.25,0.23,,0.0,0.02,2008-06-10,
Pro Evolution Soccer 2014,X360,Sports,Konami Digital Entertainment,Konami,7.9,0.25,0.08,,0.16,0.02,2013-09-24,2018-03-02
Crash Tag Team Racing,PSP,Racing,VU Games,Radical Entertainment,6.3,0.25,0.16,,0.06,0.03,2005-11-10,
MotoGP '07,X360,Racing,THQ,Climax Studios,7.7,0.25,0.23,,0.0,0.02,2007-08-27,
Bomberman Tournament,GBA,Puzzle,Activision,Hudson Soft,8.8,0.25,0.1,0.1,0.04,0.01,2001-06-26,
Don King Presents: Prizefighter,X360,Sports,2K Games,Venom Games,4.0,0.25,0.14,,0.08,0.02,2008-06-10,
F1 2015,XOne,Racing,Codemasters,Codemasters Birmingham,5.7,0.25,0.09,,0.15,0.02,2015-07-21,2018-05-23
Def Jam Vendetta,GC,Fighting,EA Sports BIG,Aki Corporation,8.8,0.25,0.19,,0.05,0.01,2003-03-31,
UEFA Euro 2008 Austria-Switzerland,PSP,Sports,Electronic Arts,Unknown,6.9,0.25,0.06,,0.13,0.06,2008-05-19,
Dead or Alive Xtreme 2,X360,Sports,Tecmo,Team Ninja,5.3,0.25,0.15,0.06,0.02,0.02,2006-11-13,
Cars,X360,Racing,THQ,Rainbow Studios,7.0,0.25,0.22,,0.01,0.02,2006-10-23,
College Hoops 2K6,PS2,Sports,2K Sports,Visual Concepts,8.3,0.25,0.12,,0.1,0.03,2005-11-30,
Prison Break: The Conspiracy,PS3,Adventure,Deep Silver,ZootFly,3.3,0.25,0.05,,0.16,0.05,2010-03-30,
LEGO The Hobbit,3DS,Action-Adventure,Warner Bros. Interactive Entertainment,TT Fusion,7.0,0.25,0.1,,0.13,0.02,2014-04-08,2018-03-15
Spirit Camera: The Cursed Memoir,3DS,Action-Adventure,Nintendo,Tecmo Koei Games,5.7,0.25,0.15,0.06,0.02,0.02,2012-04-13,2018-08-30
Hunted: The Demon's Forge,PS3,Role-Playing,Bethesda Softworks,InXile Entertainment,6.1,0.25,0.12,0.02,0.09,0.03,2011-05-31,
Disgaea 2: Dark Hero Days,PSP,Role-Playing,NIS America,Nippon Ichi Software,8.1,0.25,0.1,0.12,0.01,0.02,2009-09-08,
Hybrid Heaven,N64,Role-Playing,Konami,KCEO,7.0,0.25,0.16,0.05,0.04,0.0,1999-09-01,
The Elder Scrolls IV: Oblivion,PC,Role-Playing,Take-Two Interactive,Bethesda Softworks,9.2,0.25,0.01,,0.21,0.04,2009-07-07,
NBA Courtside 2002,GC,Sports,Nintendo,Left Field Productions,7.6,0.25,0.19,,0.05,0.01,2002-01-13,
Mega Man Legacy Collection 1+2,NS,Platform,Capcom,Digital Eclipse Software,8.5,0.25,0.2,0.03,,0.02,2018-05-22,2018-07-04
Billy Hatcher and the Giant Egg,GC,Platform,Sega,Sonic Team,7.3,0.25,0.19,,0.05,0.01,2003-09-23,
Far Cry: Primal,PC,Action-Adventure,Ubisoft,Ubisoft Montreal,8.0,0.25,0.07,,0.16,0.02,2016-03-01,2018-04-03
Bomberman Generation,GC,Adventure,Majesco,Game Arts,8.4,0.25,0.15,0.06,0.04,0.01,2002-06-03,
Crusaders of Might and Magic,PS,Role-Playing,3DO,3DO,6.0,0.25,0.14,,0.1,0.02,2000-02-29,
Final Fantasy Crystal Chronicles: Echoes of Time,Wii,Role-Playing,Square Enix,Square Enix,6.9,0.25,0.13,0.05,0.06,0.02,2009-03-24,
Blaster Master: Blasting Again,PS,Shooter,Crave Entertainment,SunSoft,7.7,0.25,0.14,,0.1,0.02,2001-05-06,
Medal of Honor European Assault,GC,Shooter,Electronic Arts,EA Los Angeles,7.9,0.25,0.19,,0.05,0.01,2005-06-07,
The Outfit,X360,Action,THQ,Unknown,7.0,0.25,0.21,,0.02,0.02,2006-03-13,
"Ed, Edd n Eddy: The Mis-Edventures",GC,Platform,Midway Games,A2M,4.6,0.25,0.19,,0.05,0.01,2005-11-03,
The Chronicles of Riddick: Assault on Dark Athena,PS3,Shooter,Atari,Starbreeze Studios AB,8.0,0.25,0.12,,0.09,0.04,2009-04-07,
Game & Wario,WiiU,Party,Nintendo,Intelligent Systems,6.2,0.25,0.06,0.12,0.06,0.01,2013-06-23,2018-03-15
Spider-Man: Edge of Time,X360,Action,Activision,Beenox,5.8,0.25,0.18,,0.05,0.02,2011-10-04,
Final Fantasy XI: Chains of Promathia,PS2,Role-Playing,Square Enix,Square Enix,7.3,0.25,0.12,,0.09,0.03,2004-09-21,
Butt Ugly Martians: B.K.M. Battles,GBA,Action,Knowledge Adventure,Runecraft,6.0,0.25,0.18,,0.07,0.0,2002-10-01,
Sid Meier's Civilization VI,NS,Strategy,2K Games,Firaxis Games,9.4,0.25,0.12,0.01,0.11,0.02,2018-11-16,2018-12-19
Spider-Man: Web of Shadows,Wii,Action,Activision,Shaba Games / Treyarch,6.0,0.25,0.22,,0.01,0.02,2008-10-21,
Grandia,PS,Role-Playing,Sony Computer Entertainment,Game Arts,8.4,0.25,0.14,,0.09,0.02,1999-09-30,
X-Men Legends II: Rise of Apocalypse,GC,Role-Playing,Activision,Raven Software,8.2,0.25,0.19,,0.05,0.01,2005-09-20,
Driver '76,PSP,Racing,Ubisoft,Sumo Digital,5.5,0.24,0.03,,0.14,0.07,2007-05-08,
MX vs. ATV Reflex,PSP,Racing,THQ,Rainbow Studio,5.3,0.24,0.18,,0.03,0.03,2009-12-01,
Spawn the Eternal,PS,Action,Sony Computer Entertainment,Sony Computer Entertainment,1.9,0.24,0.14,,0.09,0.02,1997-12-01,
Peter Jackson's King Kong: The Official Game of the Movie,GC,Action,Ubisoft,Ubisoft Montpellier,8.1,0.24,0.19,,0.05,0.01,2005-11-21,
X-Men: Destiny,PS3,Action,Activision,Silicon Knights,5.1,0.24,0.14,,0.07,0.03,2011-09-27,
Ar tonelico Qoga: Knell of Ar Ciel,PS3,Role-Playing,NIS America,Gust,7.0,0.24,0.08,0.13,0.01,0.01,2011-03-15,
Broken Sword: Shadow of the Templars - The Director's Cut,Wii,Adventure,Ubisoft,Revolution Software,7.5,0.24,0.11,,0.1,0.02,2009-03-24,
A Way Out,XOne,Action,Electronic Arts,Hazelight,8.1,0.24,0.17,,0.05,0.02,2018-03-23,2018-03-24
Ghost Rider,PSP,Action,2K Games,Climax Group,5.0,0.24,0.22,,0.0,0.02,2007-02-13,
X-Men: Destiny,X360,Action,Activision,Silicon Knights,4.9,0.24,0.18,,0.04,0.02,2011-09-27,
G.I. Joe: The Rise of Cobra,X360,Action,Electronic Arts,Double Helix Games,3.8,0.24,0.17,,0.05,0.02,2009-08-04,
Spider-Man: Shattered Dimensions,Wii,Action,Activision,Beenox Studios,7.5,0.24,0.12,,0.09,0.02,2010-09-07,
Afro Samurai,X360,Action,Namco Bandai,Namco Bandai Games,6.4,0.24,0.16,,0.05,0.02,2009-01-27,
Grand Theft Auto,GBA,Action,Rockstar Games,Digital Eclipse,7.1,0.24,0.17,,0.06,0.0,2004-10-26,
South Park: Chef's Luv Shack,N64,Misc,Acclaim Entertainment,Acclaim Studios Austin,5.4,0.24,0.19,,0.05,0.0,1999-10-31,
Midway Arcade Treasures: Extended Play,PSP,Misc,Midway Games,Digital Eclipse,5.6,0.24,0.21,,0.0,0.02,2005-12-13,
Vexx,PS2,Platform,Acclaim Entertainment,Acclaim Studios Austin,5.9,0.24,0.12,,0.09,0.03,2003-02-11,
DK: King of Swing,GBA,Platform,Nintendo,Paon Corporation,7.1,0.24,0.17,,0.06,0.0,2005-09-19,
Disney Epic Mickey 2: The Power of Two,WiiU,Platform,Disney Interactive Studios,Junction Point Studios,5.9,0.24,0.13,0.01,0.08,0.02,2012-11-18,2020-09-13
Dynasty Warriors 6 Empires,X360,Action,KOEI,Omega Force,6.3,0.24,0.16,0.04,0.02,0.02,2009-06-23,
Prince of Persia: The Forgotten Sands,Wii,Action,Ubisoft,Quebec City,7.5,0.24,0.1,,0.11,0.02,2010-05-18,
Homefront,PC,Shooter,THQ,Kaos Studios,6.6,0.24,0.11,,0.1,0.03,2011-03-15,
METRO 2033,PC,Shooter,THQ,4a-games,7.5,0.24,,,0.19,0.04,2010-03-16,
Far Cry Instincts Predator,X360,Shooter,Ubisoft,Ubisoft Montreal,8.0,0.24,0.2,,0.03,0.02,2006-03-28,
Call of Duty: Modern Warfare Remastered,XOne,Shooter,Activision,Infinity Ward,8.2,0.24,0.16,,0.06,0.02,2017-07-27,2018-01-14
Singularity,PS3,Shooter,Activision,Raven Software,7.8,0.24,0.17,0.01,0.03,0.03,2010-06-29,
Resident Evil Archives: Resident Evil Zero,Wii,Action,Capcom,Capcom Production Studio 4,5.8,0.24,0.13,0.06,0.04,0.01,2009-12-01,
7th Dragon III Code: VFD,3DS,Role-Playing,Sega,Sega,7.5,0.24,0.06,0.13,0.04,0.01,2016-07-12,2018-04-20
Disgaea: Afternoon of Darkness,PSP,Role-Playing,NIS America,Nippon Ichi Software,8.7,0.24,0.15,0.04,0.02,0.02,2007-10-30,
Divinity II: Ego Draconis,X360,Role-Playing,CDV Software Entertainment,Larian Studios,6.0,0.24,0.18,,0.04,0.02,2010-01-05,
Harvest Moon: Another Wonderful Life,GC,Role-Playing,Natsume,Marvelous Interactive,7.7,0.24,0.19,,0.05,0.01,2005-07-26,
Tony Hawk's American Sk8land,GBA,Sports,Activision,Vicarious Visions,6.0,0.24,0.17,,0.06,0.0,2005-10-18,
Virtua Tennis 4,X360,Sports,Sega,Sega-AM2,6.5,0.24,0.12,0.01,0.09,0.02,2011-05-10,
Tiger Woods PGA Tour 10,PSP,Sports,EA Sports,EA Tiburon,8.1,0.24,0.12,,0.07,0.05,2009-06-08,
FIFA World Cup Germany 2006,XB,Sports,EA Sports,EA Canada,7.8,0.24,0.18,,0.05,0.01,2006-04-24,
Mega Man X Collection,PS2,Misc,Capcom,Capcom,7.5,0.24,0.12,,0.09,0.03,2006-01-10,
Dreamcast Collection,X360,Misc,Sega,Sega,5.3,0.24,0.16,,0.06,0.02,2011-02-22,
Darksiders II: Deathinitive Edition,PS4,Action-Adventure,Nordic Games,Gunfire Games,7.5,0.24,0.1,,0.1,0.04,2015-10-30,2018-10-02
MLB,PSP,Sports,Sony Computer Entertainment,989 Sports,8.0,0.24,0.23,,,0.02,2005-04-12,
Pure Futbol,PS3,Sports,Ubisoft,Ubisoft Vancouver,4.0,0.24,0.06,,0.13,0.04,2010-06-01,
NBA Live 10,PSP,Sports,EA Sports,EA Canada,5.9,0.24,0.21,0.01,0.0,0.02,2009-10-06,
Ready 2 Rumble Boxing: Round 2,N64,Fighting,Midway Games,Point of View,6.9,0.24,0.19,,0.05,0.0,2000-11-13,
The Adventures of Tintin: The Game,X360,Adventure,Ubisoft,Ubisoft,5.0,0.24,0.07,,0.14,0.03,2011-12-06,
The Simpsons: Road Rage,GC,Racing,Electronic Arts,Radical Entertainment,6.0,0.24,0.19,,0.05,0.01,2001-12-17,
Classic NES Series: The Legend of Zelda,GBA,Adventure,Nintendo,Nintendo EAD,8.4,0.24,,0.24,,,2004-06-02,
Luminous Arc,DS,Role-Playing,Atlus,imageepoch Inc.,6.8,0.24,0.16,0.06,0.0,0.01,2007-08-14,
Avalon Code,DS,Role-Playing,Marvelous Interactive,Matrix Software,7.1,0.24,0.11,0.12,0.0,0.01,2009-03-10,
Shadow Hearts: Covenant,PS2,Role-Playing,Midway Games,Nautilus,8.1,0.24,0.12,,0.09,0.03,2004-09-27,
Fuel,PS3,Racing,Codemasters,Asobo Studio,6.6,0.24,0.08,0.0,0.11,0.04,2009-06-02,2020-08-05
Harvest Moon: Magical Melody,GC,Simulation,Natsume,Marvelous Interactive,8.0,0.24,0.19,,0.05,0.01,2006-03-28,
Army Men: Air Combat,N64,Action,3DO,3DO,7.6,0.24,0.19,,0.05,0.0,2000-07-14,
Paperboy,N64,Action,Midway Games,High Voltage Software,8.0,0.24,0.19,,0.05,0.0,1999-10-31,
Dynasty Warriors 7,X360,Action,Tecmo Koei,Omega Force,5.9,0.24,0.16,,0.06,0.02,2011-03-22,
Command & Conquer 3: Kane's Wrath,X360,Strategy,Electronic Arts,EA Los Angeles,7.0,0.24,0.16,,0.06,0.02,2008-06-23,
Lunar: Silver Star Harmony,PSP,Role-Playing,Xseed Games,Game Arts,7.9,0.24,0.19,0.03,,0.02,2010-03-02,
Valhalla Knights,PSP,Role-Playing,Xseed Games,K2 LLC,5.2,0.24,0.15,0.07,0.0,0.01,2007-04-17,
Risen 2: Dark Waters,PS3,Role-Playing,Deep Silver,Piranha Bytes,5.5,0.23,0.04,0.01,0.14,0.03,2012-07-31,2018-01-03
Attack on Titan 2,NS,Action,Koei Tecmo,Omega Force,7.0,0.23,0.12,0.08,0.02,0.02,2018-03-20,2018-03-30
DC Universe Online,PC,MMO,Sony Online Entertainment,WBIE,7.0,0.23,0.16,,0.06,0.02,2011-01-11,2018-09-15
.hack//G.U. Vol.2//Reminisce,PS2,Role-Playing,Namco Bandai,CyberConnect2,6.2,0.23,0.11,,0.09,0.03,2007-05-08,
DiRT 4,XOne,Racing,Deep Silver,Codemasters,9.2,0.23,0.11,,0.1,0.02,2017-06-06,2018-11-23
Shaun White Snowboarding,DS,Sports,Ubisoft,Ubisoft Montreal,6.2,0.23,0.21,,0.0,0.02,2008-11-16,
NHL FaceOff 2001,PS,Sports,Sony Computer Entertainment,SolWorks,7.2,0.23,0.13,,0.09,0.02,2000-09-05,
Shinobi,3DS,Platform,Sega,Griptonite Games,7.0,0.23,0.14,,0.07,0.02,2011-11-15,
Skylanders Imaginators,NS,Platform,Activision,Toys for Bob,6.9,0.23,0.1,,0.1,0.02,2017-03-03,2018-03-26
Vancouver 2010 - The Official Video Game of the Olympic Winter Games,X360,Sports,Sega,Eurocom Entertainment Software,5.0,0.23,0.08,,0.13,0.02,2010-01-12,
Rune Factory: Tides of Destiny,PS3,Simulation,Natsume,Neverland Company,6.5,0.23,0.14,0.07,,0.02,2011-10-11,
Colony Wars: Vengeance,PS,Simulation,Psygnosis,Psygnosis,8.6,0.23,0.13,,0.09,0.02,1998-11-04,
SSX on Tour,PSP,Sports,EA Sports BIG,EA Montreal,8.2,0.23,0.19,,0.02,0.02,2005-10-11,
Madden NFL 13,WiiU,Sports,EA Sports,EA Tiburon,7.2,0.23,0.21,,,0.02,2012-11-18,2018-01-04
All-Star Baseball 2001,N64,Sports,Acclaim Entertainment,High Voltage Software,9.2,0.23,0.22,,0.01,0.0,2000-02-29,
NCAA Football 09,PSP,Sports,EA Sports,Team Fusion,6.5,0.23,0.21,,,0.02,2008-07-15,
Hot Shots Tennis: Get a Grip,PSP,Sports,Sony Computer Entertainment,Clap Hanz,8.0,0.23,0.08,0.13,0.0,0.02,2010-06-29,
Harry Potter and the Goblet of Fire,XB,Adventure,Electronic Arts,Electronic Arts,6.7,0.23,0.18,,0.05,0.01,2005-11-08,
Sands of Destruction,DS,Role-Playing,Sega,imageepoch Inc.,6.5,0.23,0.09,0.13,,0.01,2010-01-12,
Cross Edge,PS3,Role-Playing,NIS America,Compile Heart,5.4,0.23,0.14,0.05,0.02,0.02,2009-05-26,
The Lord of the Rings: Aragorn's Quest,Wii,Action,Warner Bros. Interactive,Headstrong Games,6.4,0.23,0.17,,0.05,0.02,2010-09-14,
Star Wars Jedi Knight II: Jedi Outcast,GC,Shooter,LucasArts,Vicarious Visions,7.1,0.23,0.18,,0.05,0.01,2002-11-20,
AC/DC LIVE: Rock Band Track Pack,X360,Misc,MTV Games,Harmonix Music Systems,6.7,0.23,0.21,,0.0,0.02,2008-11-16,
Pinball Hall of Fame: The Gottlieb Collection,PSP,Misc,Crave Entertainment,FarSight Studios,7.2,0.23,0.2,,0.01,0.02,2005-12-06,
Barbie as The Island Princess,GBA,Adventure,Activision,Human Soft / Ivolgamus,5.5,0.23,0.16,,0.06,0.0,2007-10-30,
Viva Pinata: Party Animals,X360,Misc,Microsoft Game Studios,Krome Studios,5.5,0.23,0.19,,0.02,0.02,2007-10-30,
NBA 2K6,X360,Action,2K Sports,Unknown,8.0,0.23,0.21,,0.01,0.02,2005-11-16,
Dynasty Warriors: Strikeforce,X360,Action,Tecmo Koei,Omega Force,7.3,0.23,0.13,0.02,0.06,0.02,2010-02-16,
WWE All Stars,3DS,Action,THQ,THQ,7.0,0.23,0.15,,0.06,0.02,2011-11-22,
Virtua Fighter Kids,SAT,Fighting,Sega,Sega-AM2,6.6,0.23,,0.23,,,1996-07-31,
Mortal Kombat: Armageddon,Wii,Fighting,Midway Games,JGI Entertainment,6.8,0.23,0.19,,0.02,0.02,2007-05-29,
Meteos,DS,Puzzle,Nintendo,Q Entertainment,8.8,0.23,0.15,0.06,0.01,0.01,2005-06-28,
F1 2014,X360,Racing,Codemasters,Codemasters Birmingham,6.5,0.23,0.08,0.0,0.13,0.02,2014-10-21,
Starsky & Hutch,XB,Racing,Gotham Games,Minds-Eye Productions,6.0,0.23,0.17,,0.05,0.01,2003-09-09,
Valhalla Knights 2,PSP,Role-Playing,Xseed Games,K2 LLC,5.0,0.23,0.09,0.12,0.0,0.01,2008-10-01,
Alundra,PS,Role-Playing,Working Designs,Matrix Software,8.8,0.23,0.13,,0.09,0.01,1997-12-31,
Lunar Knights,DS,Role-Playing,Konami,Kojima Productions,8.2,0.23,0.17,0.04,0.01,0.01,2007-02-06,
Ys Seven,PSP,Role-Playing,Xseed Games,Nihon Falcom Corporation,7.6,0.23,0.14,0.08,,0.02,2010-08-17,
TrackMania: Build to Race,Wii,Racing,City Interactive,Firebrand Games,7.0,0.23,0.09,,0.11,0.02,2011-03-15,
Me & My Katamari,PSP,Puzzle,Namco,Namco,7.2,0.23,0.13,0.08,0.01,,2006-03-21,
Dragon Quest Builders: Revive Alefgard,NS,Role-Playing,Square Enix,Square Enix,8.0,0.22,0.07,0.07,0.07,0.01,2018-02-09,2018-02-04
F1 2016,XOne,Racing,Codemasters,Codemasters,8.8,0.22,0.09,,0.12,0.02,2016-08-19,2018-05-14
MotoGP 09/10,PS3,Racing,Capcom,Monumental Games,7.0,0.22,0.05,,0.13,0.04,2010-03-23,
TNA iMPACT!,PS2,Fighting,Midway Games,Midway Studios Los Angeles,6.1,0.22,0.1,,0.0,0.12,2008-09-09,
FaceBreaker K.O. Party,Wii,Fighting,Electronic Arts,EA Freestyle,6.7,0.22,0.19,,0.01,0.02,2008-11-11,
Capcom vs. SNK,DC,Fighting,Capcom,Capcom,8.8,0.22,,0.22,,,2000-11-09,
NFL 2K3,GC,Sports,Sega,Visual Concepts,9.0,0.22,0.17,,0.04,0.01,2002-08-21,
NBA 06,PSP,Sports,Sony Computer Entertainment,SCE San Diego Studio,7.2,0.22,0.2,,,0.02,2005-10-04,2018-12-04
UFC Personal Trainer: The Ultimate Fitness System,PS3,Sports,THQ,THQ,4.5,0.22,0.1,,0.08,0.03,2011-06-28,
Petz Monkeyz House,DS,Simulation,Ubisoft,Ubisoft,5.5,0.22,0.2,,0.0,0.02,2008-11-18,
Rugby 2004,PS2,Sports,EA Sports,HB Studios Multimedia,5.0,0.22,0.11,,0.08,0.03,2003-09-16,
NBA Street: Showdown,PSP,Sports,Electronic Arts,EA Sports,7.5,0.22,0.2,,0.0,0.02,2005-04-27,
Return to PopoloCrois: A Story of Seasons Fairytale,3DS,Simulation,Xseed Games,Marvelous Entertainment,7.0,0.22,0.09,0.11,,0.01,2016-03-01,2018-05-30
Over G Fighters,X360,Simulation,Ubisoft,Taito Corporation,5.1,0.22,0.19,,0.01,0.02,2006-06-27,
Life Is Strange: Before the Storm,PS4,Adventure,Square Enix,Deck Nine,7.5,0.22,0.11,0.02,0.06,0.03,2018-03-06,2018-07-09
Last Window: The Secret of Cape West,DS,Adventure,Nintendo,"Cing, Inc",7.3,0.22,,0.09,0.12,0.01,2010-09-17,
Afrika,PS3,Adventure,Natsume,Rhino Studios,6.0,0.22,0.12,0.08,0.0,0.01,2009-10-06,
Kartia: The Word of Fate,PS,Strategy,Atlus,Atlus Co.,7.9,0.22,0.05,0.12,0.03,0.01,1998-07-31,
Galactic Wrestling: Featuring Ultimate Muscle,PS2,Fighting,Bandai,Aki Corporation,7.3,0.22,0.03,0.17,0.02,0.01,2004-06-30,
Tropico 3,X360,Strategy,Kalypso,Haemimont Games,7.7,0.22,0.15,0.03,0.02,0.01,2010-02-16,
Britney's Dance Beat,GBA,Misc,THQ,Art,6.3,0.22,0.15,,0.06,0.0,2002-03-25,
Hamtaro: Ham-Ham Games,GBA,Sports,Nintendo,AlphaDream Corporation,7.5,0.22,0.16,,0.06,0.0,2004-07-27,
All-Star Baseball 2002,GC,Sports,Acclaim Entertainment,Acclaim Entertainment,6.5,0.22,0.17,,0.04,0.01,2001-11-17,
Child of Eden,PS3,Shooter,Ubisoft,Q Entertainment,7.7,0.22,0.09,,0.1,0.04,2011-09-27,
Resident Evil: Revelations,WiiU,Shooter,Capcom,Capcom,7.5,0.22,0.09,0.03,0.08,0.02,2013-05-21,2018-03-16
Disney's Magical Quest Starring Mickey and Minnie,GBA,Action,Nintendo,Capcom,6.1,0.22,0.16,,0.06,0.0,2002-08-13,
Jackass the Game,PSP,Action,Red Mile Entertainment,Sidhe Interactive,5.6,0.22,0.09,,0.08,0.05,2007-09-27,
Transformers: Dark of the Moon,3DS,Action,Activision,Behaviour Interactive Inc.,3.0,0.22,0.16,,0.04,0.02,2011-06-14,
From Russia With Love,GC,Action,Electronic Arts,EA Redwood Shores,7.3,0.22,0.17,,0.04,0.01,2005-11-15,
G-Force,PS3,Action,Disney Interactive Studios,Eurocom Entertainment Software,7.4,0.22,0.13,,0.06,0.03,2009-07-21,
Duel Masters: Kaijudo Showdown,GBA,Misc,Atari,Mistic Software,5.8,0.22,0.16,,0.06,0.0,2004-11-16,
Danny Phantom: The Ultimate Enemy,GBA,Action,THQ,Altron,7.5,0.22,0.16,,0.06,0.0,2005-09-08,
Guitar Hero: Smash Hits,PS2,Misc,Activision,Vicarious Visions,6.9,0.22,0.11,,0.01,0.1,2009-06-16,
Spartan: Total Warrior,PS2,Action,Sega,The Creative Assembly,7.2,0.22,0.11,,0.09,0.03,2005-10-25,
G.I. Joe: The Rise of Cobra,Wii,Action,Electronic Arts,Double Helix Games,4.8,0.22,0.17,,0.03,0.02,2009-08-04,
Code Name: S.T.E.A.M.,3DS,Strategy,Nintendo,Intelligent Systems,8.0,0.22,0.14,0.02,0.05,0.02,2015-03-13,2019-01-04
Attack on Titan 2,PS4,Action,Koei Tecmo,Omega Force,7.8,0.22,0.09,0.06,0.04,0.03,2018-03-20,2018-03-30
Deadly Creatures,Wii,Action,THQ,Rainbow Studios,6.9,0.22,0.08,,0.12,0.02,2009-02-09,
Super Lucky's Tale,XOne,Platform,Microsoft Studios,Playful Corp.,6.5,0.22,0.13,,0.07,0.02,2017-11-07,2018-01-18
Bust-A-Move 4,PS,Puzzle,Natsume,Taito Corporation,7.8,0.22,0.12,,0.08,0.01,1998-10-31,
Tetris Worlds,GC,Puzzle,THQ,Radical Entertainment,4.6,0.22,0.17,,0.04,0.01,2002-06-23,
NASCAR 2011: The Game,Wii,Racing,Activision,Eutechnyx,4.3,0.22,0.21,,,0.01,2011-05-24,
Star Wars: The Force Unleashed II,DS,Action,LucasArts,LucasArts,4.0,0.22,0.17,,0.03,0.02,2010-10-26,
Magna Carta: Tears of Blood,PS2,Role-Playing,Atlus,SoftMax,6.1,0.22,0.11,,0.08,0.03,2005-11-16,
Luminous Arc 2,DS,Role-Playing,Atlus,imageepoch Inc.,7.5,0.22,0.2,,0.0,0.02,2008-11-18,
Ragnarok DS,DS,Role-Playing,Xseed Games,GungHo Works,7.0,0.22,0.1,0.11,,0.01,2010-02-16,
Breath of Fire,GBA,Role-Playing,Capcom,Capcom,7.8,0.22,0.11,0.06,0.04,0.0,2001-12-13,
Hunted: The Demon's Forge,X360,Role-Playing,Bethesda Softworks,InXile Entertainment,6.0,0.22,0.13,0.0,0.07,0.02,2011-05-31,
Skies of Arcadia Legends,GC,Role-Playing,Sega,Overworks,8.6,0.22,0.17,,0.04,0.01,2003-01-27,
NCAA Football 2003,GC,Sports,EA Sports,EA Tiburon,9.2,0.21,0.16,,0.04,0.01,2002-07-20,
Radiant Historia: Perfect Chronology,3DS,Role-Playing,Atlus,Atlus,8.1,0.21,0.11,0.06,0.03,0.01,2018-02-13,2018-03-01
Cruis'n Exotica,N64,Racing,Midway Games,Gratuitous Games,5.8,0.21,0.17,,0.04,0.0,2000-10-16,
Tiger Woods PGA Tour,PSP,Sports,EA Sports,EA Canada,8.0,0.21,0.19,,,0.02,2005-03-23,
Bionicle,GC,Platform,Electronic Arts,Argonaut Games,4.8,0.21,0.16,,0.04,0.01,2003-10-20,
Teenage Mutant Ninja Turtles: Smash-Up,PS2,Fighting,Ubisoft,Game Arts,7.2,0.21,0.11,,0.08,0.03,2009-09-22,
The Con,PSP,Fighting,Sony Computer Entertainment,Think and Feel,6.8,0.21,0.19,,0.0,0.02,2005-10-18,
Dragon Ball Z: Sagas,GC,Fighting,Atari,Avalanche Software,5.7,0.21,0.16,,0.04,0.01,2005-03-22,
ClayFighter 63 1/3,N64,Fighting,Interplay,Danger Productions,3.1,0.21,0.17,,0.04,0.0,1997-09-30,
Fallout 76,PC,Role-Playing,Bethesda Softworks,Bethesda Game Studios,3.7,0.21,0.12,,0.07,0.02,2018-11-14,2018-12-02
Vampire Rain,X360,Action,AQ Interactive,Artoon,3.9,0.21,0.18,0.01,0.0,0.02,2007-07-03,
Fate/Extella: The Umbral Star,NS,Action,Xseed Games,Marvelous Entertainment,8.0,0.21,0.1,0.04,0.06,0.02,2017-07-25,2018-01-02
Frogger 3D,3DS,Action,Konami,Alpha Unit,7.0,0.21,0.16,,0.04,0.02,2011-09-20,
You Don't Know Jack,Wii,Misc,THQ,"Jellyvision, Inc.",8.0,0.21,0.19,,,0.02,2011-02-08,
Rayman Raving Rabbids,X360,Misc,Ubisoft,Ubisoft Montpellier,6.4,0.21,0.18,,0.01,0.02,2007-04-24,
You Don't Know Jack,X360,Misc,THQ,"Jellyvision, Inc.",7.7,0.21,0.19,,,0.02,2011-02-08,
A Boy and His Blob,Wii,Platform,Majesco,WayForward Technologies,7.9,0.21,0.18,,0.01,0.02,2009-10-13,
Age of Empires: Mythologies,DS,Strategy,THQ,Griptonite,8.2,0.21,0.16,,0.03,0.02,2008-11-24,
Prison Break: The Conspiracy,X360,Adventure,Deep Silver,ZootFly,3.3,0.21,0.07,,0.11,0.02,2010-03-30,
Cursed Mountain,Wii,Adventure,Deep Silver,Sproing Interactive Media / Deep Silver Vienna,6.3,0.21,0.09,,0.1,0.02,2009-08-25,
Bugs Bunny & Taz: Time Busters,PS,Adventure,Infogrames,Artificial Mind and Movement,8.0,0.21,0.11,,0.08,0.01,2000-11-24,
Dead to Rights: Retribution,X360,Shooter,Namco Bandai,Volatile Games,5.7,0.21,0.11,0.0,0.08,0.02,2010-04-27,
de Blob 2,PS3,Platform,THQ,Blue Tongue,7.5,0.21,0.11,,0.07,0.03,2011-02-22,
World Series of Poker,PSP,Misc,Activision Value,Activision Value,3.3,0.21,0.19,,0.0,0.02,2005-09-14,
50 Cent: Blood on the Sand,X360,Shooter,THQ,Swordfish Studios,7.3,0.21,0.12,0.0,0.07,0.02,2009-02-24,
Neo Contra,PS2,Shooter,Konami,Konami Computer Entertainment Tokyo,6.9,0.21,0.1,,0.08,0.03,2004-10-19,
BloodRayne,XB,Shooter,Majesco,Terminal Reality,7.3,0.21,0.16,,0.05,0.01,2002-10-15,
Prince of Persia: Revelations,PSP,Adventure,Ubisoft,"Pipeworks Software, Inc.",6.3,0.21,0.18,,0.01,0.02,2005-12-06,
College Hoops 2K7,X360,Sports,2K Sports,Visual Concepts,7.9,0.21,0.2,,,0.02,2006-11-20,
Madden NFL 07,DS,Sports,EA Sports,Exient Entertainment,6.9,0.21,0.2,,0.0,0.02,2006-08-22,
Deus Ex: The Conspiracy,PS2,Action,Eidos Interactive,Ion Storm,8.0,0.21,0.1,,0.08,0.03,2002-03-25,
Spider-Man: Web of Shadows,PS2,Action,Activision,Shaba Games / Treyarch,6.9,0.21,0.1,,0.08,0.03,2008-10-21,
Move Fitness,PS3,Sports,Sony Computer Entertainment,Sony Computer Entertainment,5.0,0.21,,,0.17,0.04,2013-03-26,
G.I. Joe: The Rise of Cobra,PS3,Action,Electronic Arts,Double Helix Games,4.3,0.21,0.11,,0.07,0.03,2009-08-04,
BeyBlade VForce: Super Tournament Battle,GC,Action,Atari,Takara,2.5,0.21,0.16,,0.04,0.01,2003-09-23,
FIFA 16,PC,Sports,EA Sports,EA Canada,8.5,0.21,0.07,,0.13,0.02,2015-09-22,2018-04-01
Tenchu: Shadow Assassins,Wii,Action,Ubisoft,Acquire,7.0,0.21,0.15,0.03,0.01,0.01,2009-02-05,
LBX: Little Battlers eXperience,3DS,Action,Nintendo,Level 5,7.0,0.21,,0.21,,,2015-08-21,2018-08-31
X2: Wolverine's Revenge,XB,Action,Activision,GenePool,5.8,0.21,0.15,,0.04,0.01,2003-04-15,
Tony Hawk's American Sk8land,DS,Sports,Activision,Vicarious Visions,8.7,0.21,0.19,,0.01,0.02,2005-11-16,
MVP Baseball,PSP,Sports,Electronic Arts,EA Canada,6.6,0.21,0.2,,,0.02,2005-05-18,
NBA,PSP,Sports,Sony Computer Entertainment,989 Sports,6.4,0.21,0.2,,,0.02,2005-03-16,
MLB 10: The Show,PSP,Sports,Sony Computer Entertainment,SCEA San Diego Studios,7.0,0.21,0.19,,,0.02,2010-03-02,
Brunswick Pro Bowling,PSP,Sports,Crave Entertainment,Point of View,6.5,0.21,0.19,,,0.02,2007-08-28,
The Amazing Spider-Man (2012),3DS,Action-Adventure,Activision,Beenox,7.0,0.21,0.16,,0.03,0.02,2012-06-26,2018-03-15
Final Fight One,GBA,Fighting,Capcom,Capcom,8.2,0.21,0.09,0.08,0.03,0.0,2001-09-26,
Star Trek: The Game,X360,Action-Adventure,Namco Bandai Games,Digital Extremes,5.2,0.21,0.12,,0.08,0.02,2013-04-23,2018-10-29
Tom Clancy's Splinter Cell: Blacklist,PC,Action-Adventure,Ubisoft,Ubisoft Toronto,8.9,0.21,0.06,,0.14,0.02,2013-08-20,2018-03-08
UFC Undisputed 2010,PSP,Fighting,THQ,Yuke's Future Media Creators,7.7,0.21,0.11,,0.07,0.04,2010-09-07,
Threads of Fate,PS,Role-Playing,Square EA,SquareSoft,7.8,0.21,0.12,,0.08,0.01,2000-07-14,
Blue Dragon Plus,DS,Role-Playing,Ignition Entertainment,Mistwalker Corporation / Brownie Brown Inc. / Feelplus Inc.,6.5,0.21,0.12,0.05,0.03,0.01,2009-02-19,
Tekken 3D: Prime Edition,3DS,Fighting,Namco Bandai,Namco Bandai Games,6.5,0.21,0.06,0.05,0.08,0.01,2012-02-14,
The Lord of the Rings: War in the North,PC,Role-Playing,Warner Bros. Interactive,Snowblind Studios,6.5,0.21,0.07,,0.11,0.03,2011-11-01,
Baja: Edge of Control,PS3,Racing,THQ,2XL Games,5.0,0.21,0.1,,0.08,0.03,2008-09-22,
NCAA Football 10,PSP,Sports,EA Sports,EA Tiburon,7.0,0.21,0.19,,,0.02,2009-07-14,
Bust-A-Move 2 Arcade Edition,PS,Puzzle,Acclaim Entertainment,Taito Corporation,6.9,0.2,0.11,,0.07,0.01,1996-03-29,
Tigger's Honey Hunt,N64,Platform,NewKidCo,Rivage Games,7.3,0.2,0.16,,0.04,0.0,2000-11-01,
Classic NES Series: Ice Climber,GBA,Platform,Nintendo,Nintendo,6.1,0.2,,0.2,,,2004-06-02,
Record of Agarest War,X360,Role-Playing,Aksys Games,Compile Heart,7.0,0.2,0.18,0.01,,0.01,2010-04-27,
Puzzle Challenge: Crosswords and More!,PSP,Puzzle,Crave Entertainment,Supersonic Software,6.4,0.2,0.18,,,0.01,2006-06-09,
Enchanted Arms,PS3,Role-Playing,Ubisoft,From Software,5.9,0.2,0.17,,0.01,0.02,2007-04-03,
Mana Khemia 2: Fall of Alchemy,PS2,Role-Playing,NIS America,Gust,8.2,0.2,0.07,0.05,0.05,0.02,2009-08-25,
Phantasy Star Online,DC,Role-Playing,Sega,Sonic Team,8.9,0.2,,0.2,,,2001-01-29,
Backyard Hockey,GBA,Sports,Atari,Mistic Software,6.0,0.2,0.14,,0.05,0.0,2003-10-09,
Dead or Alive Paradise,PSP,Misc,Tecmo,Team Ninja,4.5,0.2,0.08,0.07,0.02,0.02,2010-03-30,
Project CARS 2,XOne,Racing,Namco Bandai Games,Slightly Mad Studios,9.2,0.2,0.01,,0.18,0.01,2017-09-22,
Roadsters 99,N64,Racing,Titus,Unknown,6.4,0.2,0.06,,0.13,0.01,1999-11-30,
Baja: Edge of Control,X360,Racing,THQ,2XL Games,5.0,0.2,0.12,,0.06,0.02,2008-09-22,
Spy Hunter,GC,Racing,Midway Games,Point of View,7.9,0.2,0.16,,0.04,0.01,2002-03-11,
NBA 07,PSP,Sports,Sony Computer Entertainment,SCE San Diego Studio,6.9,0.2,0.18,,,0.02,2006-09-25,2018-12-04
Tiger Woods PGA Tour 06,PSP,Sports,EA Sports,EA Sports,8.0,0.2,0.18,,,0.01,2005-09-26,
Shaun White Skateboarding,PS3,Sports,Ubisoft,Ubisoft Montreal,6.6,0.2,0.12,,0.05,0.03,2010-10-24,
Snowboard Kids,N64,Sports,Atlus,Racdym,8.0,0.2,0.16,,0.04,0.0,1997-01-01,
NHL FaceOff 2001,PS2,Sports,Sony Computer Entertainment,989 Sports,4.6,0.2,0.1,,0.07,0.02,2001-02-05,
Harvest Moon: More Friends of Mineral Town,GBA,Simulation,Natsume,TOSE Software,8.0,0.2,0.14,,0.05,0.0,2005-07-26,
DarkStar One: Broken Alliance,X360,Simulation,Kalypso,Gaming Minds Studios,6.4,0.2,0.11,,0.07,0.02,2010-07-20,
Beyblade G-Revolution,GBA,Action,Atari,Full Fat,2.4,0.2,0.15,,0.05,0.0,2004-11-18,
NFL Street 2,GC,Sports,EA Sports BIG,EA Tiburon,8.2,0.2,0.15,,0.04,0.01,2004-12-22,
X2: Wolverine's Revenge,GBA,Platform,Activision,Vicarious Visions,7.7,0.2,0.14,,0.05,0.0,2003-04-15,
Arcana Heart 3,PS3,Fighting,Aksys Games,Examu Inc.,7.0,0.2,0.04,0.1,0.05,0.02,2014-09-23,
Ty the Tasmanian Tiger 2: Bush Rescue,GC,Platform,Electronic Arts,Krome Studios,7.4,0.2,0.15,,0.04,0.01,2004-10-12,
Ratatouille,GBA,Platform,THQ,Helixe,6.8,0.2,0.14,,0.05,0.0,2007-06-26,
Kung Fu Rider,PS3,Action,Sony Computer Entertainment,SCE Japan Studio,4.3,0.2,0.06,0.01,0.1,0.04,2010-09-17,2018-09-16
Code of Princess,3DS,Action-Adventure,Atlus,Studio Saizensen,7.2,0.2,0.16,0.03,,0.02,2012-10-09,2019-01-05
Sleeping Dogs: Definitive Edition,XOne,Action-Adventure,Square Enix,United Front Games,7.5,0.2,0.1,,0.09,0.02,2014-10-14,2018-05-01
Grandia II,DC,Role-Playing,Ubisoft,Game Arts,8.6,0.2,,0.2,,0.0,2000-12-06,
Sid Meier's Pirates!,PSP,Strategy,2K Games,Full Fat,8.5,0.2,0.16,,0.01,0.02,2007-01-22,
Taiko Drum Master,PS2,Misc,Namco,Namco,8.1,0.2,0.1,,0.08,0.03,2004-10-26,
Thrillville,PSP,Strategy,LucasArts,Frontier Developments,7.4,0.2,0.18,,0.0,0.02,2006-11-21,
World Championship Cards,PSP,Misc,Crave Entertainment,Crave Entertainment,3.9,0.2,0.19,,,0.02,2008-05-27,
Earth Defense Force: Insect Armageddon,PS3,Shooter,D3 Publisher,Vicious Cycle,6.6,0.2,0.06,0.08,0.04,0.02,2011-07-05,
Prince of Persia: Warrior Within,GC,Adventure,Ubisoft,Ubisoft Montreal,8.2,0.2,0.15,,0.04,0.01,2004-11-30,
DanceMasters,X360,Misc,Konami,GCP1,6.2,0.2,0.15,0.02,0.02,0.01,2010-11-04,
Body and Brain Connection,X360,Misc,Namco Bandai,Namco Bandai Games,6.0,0.2,0.1,,0.08,0.02,2011-02-08,
Tom Clancy's Splinter Cell: Essentials,PSP,Shooter,Ubisoft,Ubisoft Montreal,5.6,0.2,0.17,,0.01,0.02,2006-03-21,
Clive Barker's Jericho,PS3,Shooter,Codemasters,Mercury Steam / Alchemic Productions,5.8,0.2,0.17,,0.01,0.02,2007-10-23,
MC Groovz Dance Craze,GC,Misc,Mad Catz,Mad Catz,2.5,0.2,0.15,,0.04,0.01,2004-11-22,
Solatorobo: Red the Hunter,DS,Role-Playing,Xseed Games,CyberConnect2,7.6,0.2,0.08,0.07,0.04,0.01,2011-09-27,
Dark Messiah of Might and Magic Elements,X360,Role-Playing,Ubisoft,Arkane Studios / Floodgate Entertainment / Kuju Entertainment,5.0,0.2,0.16,0.01,0.02,0.02,2008-02-12,
Infinite Space,DS,Role-Playing,Sega,PlatinumGames / Nude Maker,7.2,0.2,0.06,0.07,0.05,0.01,2010-03-16,
Ogre Battle Saga Episode Five: The March of the Black Queen,PS,Role-Playing,Atlus,Quest Corporation,7.6,0.2,0.06,0.09,0.04,0.01,1997-07-31,
Armored Core 4,PS3,Simulation,Sega,From Software,6.6,0.2,0.09,0.09,0.0,0.01,2007-03-20,
Dragon Ball: Revenge of King Piccolo,Wii,Action,Namco Bandai,Bandai Namco Games,6.1,0.2,0.12,0.03,0.03,0.02,2009-10-20,
Ridge Racer 6,X360,Racing,Namco,Namco,7.9,0.2,0.1,0.07,0.02,0.01,2005-11-17,
X-Men Origins: Wolverine,PSP,Action,Activision,Amaze Entertainment,5.4,0.2,0.13,,0.04,0.03,2009-05-01,
Dante's Inferno,PSP,Action,Electronic Arts,Visceral Games,6.6,0.2,0.12,0.01,0.04,0.02,2010-03-02,
Afro Samurai,PS3,Action,Namco Bandai,Namco Bandai Games,6.5,0.2,0.12,,0.05,0.03,2009-01-27,
No More Heroes: Heroes' Paradise,PS3,Action,Konami,FeelPlus,7.4,0.2,0.1,0.04,0.04,0.02,2011-08-16,
Warriors Orochi,PSP,Action,KOEI,Omega Force / Koei Canada,6.4,0.2,0.02,0.18,0.0,0.0,2008-03-25,
Captain America: Super Soldier,PS3,Action,Sega,Next Level Games,6.2,0.2,0.1,,0.07,0.03,2011-07-19,
Need for Speed: Shift 2 Unleashed,PC,Racing,Electronic Arts,Slightly Mad Studios,8.6,0.19,0.05,,0.11,0.03,2011-03-29,
Pac-Man & Galaga Dimensions,3DS,Action,Namco Bandai,Namco Bandai Games,5.7,0.19,0.1,0.04,0.04,0.01,2011-07-26,2019-01-05
Fire ProWrestling G,PS,Fighting,Human Entertainment,S-Neo,8.0,0.19,,0.18,,0.01,1999-06-24,
F1 2017,XOne,Racing,Deep Silver,Codemasters,9.0,0.19,0.04,,0.13,0.01,2017-08-25,2018-05-23
Driver: San Francisco,PC,Racing,Ubisoft,Ubisoft Reflections,8.3,0.19,0.06,,0.1,0.03,2011-09-27,
Tekken Tag Tournament 2,WiiU,Fighting,Namco Bandai Games,Bandai Namco Games,8.1,0.19,0.09,0.01,0.07,0.01,2012-11-18,2018-04-21
Final Fantasy XI: Online,X360,Role-Playing,Square Enix,Square Enix,6.7,0.19,0.17,,0.01,0.01,2006-04-18,
Project X Zone 2,3DS,Role-Playing,Namco Bandai Games,Monolith Soft,6.6,0.19,0.06,0.09,0.04,0.01,2016-02-16,2018-06-14
Nostalgia,DS,Role-Playing,Ignition Entertainment,Matrix Software / RED Entertainment,7.2,0.19,0.16,0.02,,0.01,2009-10-27,
Test Drive Unlimited 2,PC,Racing,Atari,Eden Studios,6.7,0.19,0.05,,0.11,0.03,2011-02-08,
Spore Hero Arena,DS,Simulation,Electronic Arts,Maxis,4.9,0.19,0.18,,0.0,0.01,2009-10-06,
Dawn of Discovery,Wii,Simulation,Ubisoft,Sunflowers Interactive,7.9,0.19,0.12,,0.06,0.01,2009-06-23,
Family Guy,PSP,Adventure,2K Games,High Voltage Software,5.5,0.19,0.18,,0.0,0.02,2006-10-16,
Harry Potter and the Goblet of Fire,PSP,Adventure,Electronic Arts,Electronic Arts,7.2,0.19,0.17,,0.0,0.02,2005-11-15,
Disney's Magical Mirror Starring Mickey Mouse,GC,Adventure,Nintendo,Capcom,4.0,0.19,0.15,,0.04,0.01,2002-08-13,
Valkyria Chronicles 4,NS,Strategy,Sega,Sega,8.6,0.19,0.12,0.02,0.04,0.02,2018-09-25,2018-09-11
Hexen,N64,Shooter,GT Interactive,Software Creations,4.4,0.19,0.15,,0.04,0.0,1997-05-31,
Jackie Chan Adventures: Legend of the Dark Hand,GBA,Action,Activision,Torus Games,7.8,0.19,0.13,,0.05,0.0,2001-11-06,
Shadows of the Damned,X360,Action,Electronic Arts,Grasshopper Manufacture,7.6,0.19,0.1,0.01,0.06,0.02,2011-06-21,
Ty the Tasmanian Tiger 3: Night of the Quinkan,PS2,Action,Activision,Krome Studios,6.3,0.19,0.09,,0.07,0.02,2005-10-12,
Earth Defense Force: Insect Armageddon,X360,Shooter,D3 Publisher,Vicious Cycle,6.7,0.19,0.1,0.03,0.04,0.01,2011-07-05,
R-Type Final,PS2,Shooter,Eidos Interactive,Irem Software Engineering,8.1,0.19,0.09,,0.07,0.02,2004-02-03,
Peter Jackson's King Kong: The Official Game of the Movie,PSP,Action,Ubisoft,Phoenix Games Studio,6.0,0.19,0.16,,0.01,0.02,2005-12-20,
Saw II: Flesh & Blood,PS3,Action,Konami,Zombie Studios,4.2,0.19,0.1,,0.06,0.02,2010-10-19,
Armored Core: For Answer,PS3,Simulation,Ubisoft,From Software,6.1,0.19,0.06,0.1,0.02,0.01,2008-09-16,
Conflict: Denied Ops,PS3,Shooter,Eidos Interactive,Pivotal Games,5.2,0.19,0.05,,0.1,0.03,2008-02-12,
Conflict: Denied Ops,X360,Shooter,Eidos Interactive,Pivotal Games,5.3,0.19,0.08,,0.09,0.02,2008-02-12,
Ninja Gaiden 3: Razor's Edge,WiiU,Action,Nintendo,Team Ninja,6.5,0.19,0.14,,0.03,0.02,2012-11-18,2020-08-25
Samurai Warriors: State of War,PSP,Action,KOEI,Omega Force,6.5,0.19,0.07,0.11,0.0,0.01,2006-03-07,
Shining Force II,GEN,Strategy,Sega,Camelot Software Planning,9.0,0.19,,0.19,,,1994-10-19,
50 Cent: Blood on the Sand,PS3,Shooter,THQ,Swordfish Studios,7.2,0.19,0.1,0.01,0.06,0.03,2009-02-24,
SpongeBob SquigglePants 3D,3DS,Misc,THQ,WayForward Technologies,6.1,0.19,0.13,,0.05,0.02,2011-05-17,
Ice Age 2: The Meltdown,GC,Platform,Vivendi Games,Eurocom Entertainment Software,7.4,0.19,0.15,,0.04,0.01,2006-03-14,
Hulk,GC,Action,Universal Interactive,Radical Entertainment,7.3,0.19,0.15,,0.04,0.01,2003-05-27,
Dynasty Warriors Gundam,X360,Action,Namco Bandai,Omega Force,6.0,0.19,0.15,0.02,0.01,0.01,2007-08-28,
Breath of Fire: Dragon Quarter,PS2,Role-Playing,Capcom,Capcom,7.6,0.19,0.09,,0.07,0.02,2003-02-16,
Enchanted Arms,X360,Role-Playing,Ubisoft,From Software,6.9,0.19,0.16,,0.02,0.01,2006-08-29,
Bubsy 3D,PS,Platform,Accolade,Eidetic,5.8,0.19,0.1,,0.07,0.01,1996-11-26,
Risen,X360,Role-Playing,Deep Silver,Piranha Bytes,5.9,0.19,0.07,,0.11,0.01,2010-02-23,
The Hobbit,GBA,Role-Playing,Sierra Entertainment,Saffire Corporation,6.5,0.19,0.14,,0.05,0.0,2003-11-11,
Breath of Fire II,GBA,Role-Playing,Capcom,Capcom,8.6,0.19,0.14,,0.05,0.0,2002-04-16,
Shiren the Wanderer,Wii,Role-Playing,Atlus,ChunSoft,7.4,0.19,0.08,0.11,,0.01,2010-02-09,
Allied General,PS,Strategy,SSI,SSI,6.3,0.19,0.11,,0.07,0.01,1996-09-30,
Stronghold 3,PC,Strategy,SouthPeak Interactive,FireFly Studios,4.1,0.19,0.06,,0.13,,2011-10-25,
Lunar Legend,GBA,Role-Playing,Ubisoft,Magic Rings,7.7,0.19,0.14,,0.05,0.0,2002-12-08,
Ice Age: Dawn of the Dinosaurs,PS3,Platform,Activision,Eurocom Entertainment Software,6.6,0.19,0.13,,0.04,0.02,2009-06-30,
Death Jr.,PSP,Platform,Konami,Backbone Entertainment,5.9,0.19,0.17,,0.0,0.01,2005-08-16,
The Legend of Spyro: A New Beginning,GC,Platform,Sierra Entertainment,Krome Studios,6.5,0.19,0.15,,0.04,0.01,2006-10-10,
Spectrobes: Origins,Wii,Role-Playing,Disney Interactive Studios,Genki,7.4,0.19,0.16,,0.02,0.01,2009-08-18,
Phantasy Star Online Ver. 2,DC,Role-Playing,Sega,Sonic Team,8.3,0.19,,0.19,,0.0,2001-09-24,
Conan,X360,Action,THQ,Nihilistic Software,7.1,0.19,0.16,,0.02,0.01,2007-10-23,
Dinotopia: The Timestone Pirates,GBA,Action,TDK Core,TDK Mediactive,6.1,0.19,0.14,,0.05,0.0,2002-04-30,
Rise of the Argonauts,PS3,Action,Codemasters,Codemasters,5.3,0.19,0.05,,0.12,0.03,2008-12-16,
Manhunt,XB,Action,Rockstar Games,Rockstar North,7.7,0.19,0.14,,0.04,0.01,2004-04-20,
Dynasty Warriors: Gundam 2,X360,Action,Namco Bandai,Omega Force,5.6,0.19,0.07,0.08,0.03,0.01,2009-04-21,
AeroFighters Assault,N64,Action,Victory Lap Games,Paradigm Entertainment,5.4,0.19,0.15,,0.04,0.0,1997-10-30,
Teenage Mutant Ninja Turtles 2: Battle Nexus,GC,Action,Konami,Konami,5.0,0.19,0.15,,0.04,0.01,2004-10-19,
Major League Baseball 2K10,PS3,Sports,2K Sports,Visual Concepts,7.2,0.19,0.17,,,0.02,2010-03-02,
Tiger Woods PGA Tour 07,XB,Sports,EA Sports,EA Redwood Shores,7.9,0.19,0.13,,0.05,0.01,2006-10-10,
Mace: The Dark Age,N64,Fighting,Midway Games,Atari,7.1,0.19,0.15,,0.04,0.0,1997-10-01,
Captain Toad: Treasure Tracker,3DS,Puzzle,Nintendo,Nintendo EPD,8.5,0.19,0.06,0.08,0.04,0.01,2018-07-13,2018-11-18
Dave Mirra Freestyle BMX 2,GBA,Sports,Acclaim Entertainment,Full Fat,8.0,0.19,0.14,,0.05,0.0,2001-11-25,
Street Fighter 30th Anniversary Collection,NS,Fighting,Capcom,Capcom,8.5,0.19,0.12,0.01,0.04,0.02,2018-05-29,2018-11-07
IL-2 Sturmovik: Birds of Prey,PSP,Simulation,505 Games,SME Dynamic Systems Limited,6.4,0.19,0.08,,0.07,0.04,2009-09-08,
Majin and the Forsaken Kingdom,X360,Adventure,Namco Bandai,Game Republic,7.0,0.19,0.14,0.0,0.03,0.01,2010-11-30,
Frogger's Adventures 2: The Lost Wand,GBA,Adventure,Konami,Konami,8.0,0.19,0.14,,0.05,0.0,2002-11-05,
Space Invaders Extreme 2,DS,Shooter,Taito,Taito Corporation,8.1,0.19,0.17,0.0,0.01,0.01,2009-10-20,
Daigasso! Band Brothers,DS,Misc,Nintendo,Nintendo R&D2,8.0,0.19,,0.19,,,2004-12-02,
Arcania: Gothic 4,PC,Role-Playing,JoWood Productions,Spellbound Entertainment AG,5.8,0.18,0.09,,0.08,0.02,2010-10-19,
.hack//Quarantine Part 4: The Final Chapter,PS2,Role-Playing,Bandai,CyberConnect2,6.8,0.18,0.09,,0.07,0.02,2004-01-14,
Disgaea DS,DS,Role-Playing,NIS America,Nippon Ichi Software,8.0,0.18,0.11,0.05,0.01,0.01,2008-09-23,
Ar tonelico 2: Melody of Metafalica,PS2,Role-Playing,NIS America,Gust,7.2,0.18,0.04,0.11,0.03,0.01,2009-01-20,
Trinity Universe,PS3,Role-Playing,NIS America,Nippon Ichi Software / Gust,6.2,0.18,0.07,0.03,0.06,0.02,2010-06-29,
Shadow The Hedgehog,XB,Platform,Sega,Sonic Team,5.0,0.18,0.13,,0.04,0.01,2005-11-15,
Alone In The Dark,Wii,Adventure,Atari,Hydravision Entertainment,3.1,0.18,0.09,,0.08,0.02,2008-06-23,
de Blob 2,Wii,Platform,THQ,Blue Tongue,8.1,0.18,0.11,,0.06,0.02,2011-02-22,
Call of Juarez,X360,Shooter,Ubisoft,Techland,6.9,0.18,0.14,0.0,0.02,0.01,2007-06-07,
Call of Duty: World at War,PC,Shooter,Activision,Treyarch,8.6,0.18,0.02,,0.14,0.02,2008-11-10,
PlayStation Move Heroes,PS3,Platform,Sony Computer Entertainment,Nihilistic Software,4.8,0.18,0.09,,0.06,0.03,2011-03-22,
Ty the Tasmanian Tiger,XB,Platform,Electronic Arts,Krome Studios,7.0,0.18,0.14,,0.04,0.01,2002-09-10,
Otomedius Excellent,X360,Shooter,Konami,Konami,7.0,0.18,0.13,0.04,,0.01,2011-11-01,
MindJack,PS3,Shooter,Square Enix,FeelPlus,4.6,0.18,0.07,,0.08,0.03,2011-01-18,
How to Train Your Dragon,PS3,Action,Activision,Etranges Libellules,4.6,0.18,0.12,,0.03,0.02,2010-03-23,
Metal Gear Ac!d 2,PSP,Strategy,Konami,Kojima Productions,8.3,0.18,0.11,0.05,0.01,0.01,2006-03-21,
Backbreaker,X360,Sports,505 Games,NaturalMotion Games,5.2,0.18,0.17,,,0.01,2010-06-01,
FIFA 07 Soccer,GC,Sports,EA Sports,EA Canada,8.3,0.18,0.14,,0.04,0.0,2006-10-03,
Pure Futbol,X360,Sports,Ubisoft,Ubisoft Vancouver,3.8,0.18,0.08,,0.08,0.02,2010-06-01,
Brunswick Circuit Pro Bowling,PS,Sports,THQ,Adrenalin Entertainment,8.2,0.18,0.1,,0.07,0.01,1998-09-30,
Backyard Basketball,GBA,Sports,Atari,Mistic Software,6.0,0.18,0.13,,0.05,0.0,2004-09-22,
Velvet Assassin,X360,Shooter,SouthPeak Interactive,Replay Studios,5.3,0.18,0.14,0.01,0.02,0.01,2009-04-30,
Charlie and the Chocolate Factory,GC,Adventure,Global Star Software,High Voltage Software,3.9,0.18,0.14,,0.04,0.0,2005-07-11,
Jurassic Park III: Island Attack,GBA,Adventure,Konami,Konami,4.9,0.18,0.13,,0.05,0.0,2001-11-26,
The Chronicles of Narnia: Prince Caspian,X360,Adventure,Disney Interactive Studios,Traveller's Tales,6.3,0.18,0.16,,0.01,0.01,2008-05-15,
Gun,GC,Shooter,Activision,Neversoft Entertainment,7.9,0.18,0.14,,0.04,0.0,2005-11-08,
Brink,PC,Shooter,Bethesda Softworks,Splash Damage,7.0,0.18,0.06,,0.09,0.03,2011-05-10,
NARC,XB,Shooter,Midway Games,Point of View,5.5,0.18,0.14,,0.04,0.01,2005-03-22,
You Don't Know Jack,PS3,Misc,THQ,"Jellyvision, Inc.",8.2,0.18,0.16,,,0.02,2011-02-08,
ESPN X Games Skateboarding,GBA,Sports,Konami,Konami Computer Entertainment Hawaii,5.7,0.18,0.13,,0.05,0.0,2001-09-12,
Star Trek: Legacy,X360,Simulation,Bethesda Softworks,Mad Doc Software,6.4,0.18,0.14,,0.02,0.01,2006-12-14,
Naruto Shippuden: Dragon Blade Chronicles,Wii,Action,Atlus,8ing/Raizing,4.3,0.18,0.11,0.05,0.02,0.01,2010-11-16,
Dynasty Warriors: Gundam 3,X360,Action,Tecmo Koei,Omega Force,6.5,0.18,0.11,0.02,0.03,0.01,2011-06-28,
All Grown Up! Express Yourself,GBA,Misc,THQ,Altron,3.7,0.18,0.13,,0.05,0.0,2004-10-19,
Mushroom Men: The Spore Wars,Wii,Action,SouthPeak Interactive,Red Fly Studio,7.3,0.18,0.16,,0.01,0.01,2008-12-02,
The Munchables,Wii,Action,Namco Bandai,Namco Bandai Games,8.0,0.18,0.17,0.0,0.0,0.01,2009-05-26,
Resident Evil: Revelations,PS4,Action,Capcom,Capcom,7.2,0.18,0.06,0.04,0.06,0.02,2017-08-29,2018-03-16
SoulCalibur Legends,Wii,Action,Namco Bandai,Project Soul,4.8,0.18,0.16,,0.01,0.01,2007-11-20,
Batman: Vengeance,GBA,Action,Ubisoft,Ubisoft,6.2,0.18,0.13,,0.05,0.0,2001-10-30,
Spider-Man: Friend or Foe,PSP,Action,Activision,Artificial Mind and Movement,5.0,0.18,0.16,,0.0,0.01,2007-10-02,
College Hoops 2K7,PS3,Sports,2K Sports,Visual Concepts,8.2,0.18,0.16,,,0.01,2007-03-13,
FIFA Soccer 11,PC,Sports,EA Sports,HB Studios,8.4,0.18,,,0.15,0.03,2010-09-28,
Atari Anniversary Advance,GBA,Misc,Atari,Digital Eclipse,7.7,0.18,0.13,,0.05,0.0,2002-03-25,
F1 2011,PC,Racing,Codemasters,Codemasters Birmingham,8.1,0.18,,,0.15,0.04,2011-09-19,
Burnout Legends,DS,Racing,Electronic Arts,Visual Impact,3.8,0.18,0.15,,0.02,0.01,2005-11-29,
Full Auto 2: Battlelines,PS3,Racing,Sega,Pseudo Interactive,6.7,0.18,0.14,,0.02,0.02,2006-12-07,
Dead or Alive,SAT,Fighting,Tecmo,Team Ninja,7.9,0.18,,0.18,,0.0,1997-10-09,
Bloody Roar: Primal Fury,GC,Fighting,Activision,Eighting / Raizing,7.9,0.18,0.14,,0.04,0.0,2002-03-18,
The Elder Scrolls IV: Shivering Isles,X360,Role-Playing,Bethesda Softworks,Bethesda Softworks,8.9,0.18,0.17,,,0.01,2007-10-16,
Might & Magic: Clash of Heroes,DS,Role-Playing,Ubisoft,Capybara Games,8.6,0.18,0.15,,0.02,0.01,2009-12-01,
.hack//G.U. Vol.3//Redemption,PS2,Role-Playing,Namco Bandai,CyberConnect2,5.7,0.17,,0.17,,,2007-09-10,
Classic NES Series: Donkey Kong,GBA,Platform,Nintendo,Nintendo,6.5,0.17,,0.17,,,2004-06-02,
Clock Tower II: The Struggle Within,PS,Adventure,Agetec,Human Entertainment,4.4,0.17,0.02,0.12,0.01,0.01,1999-10-31,
Fairytale Fights,X360,Action,Playlogic Game Factory,Playlogic Game Factory,4.9,0.17,0.14,,0.02,0.01,2009-10-27,
Green Lantern: Rise of the Manhunters,PS3,Action,Warner Bros. Interactive,Griptonite Games,6.5,0.17,0.09,,0.05,0.02,2011-06-07,
Axiom Verge,NS,Action,Thomas Happ Games,Thomas Happ Games,7.5,0.17,0.12,,0.03,0.02,2017-11-21,2018-01-12
Catwoman,PS2,Action,Electronic Arts,Argonaut Games,4.6,0.17,0.08,,0.06,0.02,2004-07-20,
G-Force,X360,Action,Disney Interactive Studios,Eurocom Entertainment Software,7.4,0.17,0.11,,0.05,0.02,2009-07-21,
Bomberman Land,Wii,Misc,Hudson Soft,Hudson Soft,6.0,0.17,0.11,0.03,0.02,0.01,2008-01-29,
Midway Arcade Treasures,GC,Misc,Midway Games,Digital Eclipse,6.8,0.17,0.13,,0.03,0.0,2003-12-18,
Iron Chef America: Supreme Cuisine,Wii,Simulation,Destineer,Black Lantern Studios,2.0,0.17,0.16,,,0.01,2008-11-25,
Trauma Team,Wii,Simulation,Atlus,Atlus Co.,8.1,0.17,0.14,0.02,,0.01,2010-05-18,
Pursuit Force,PSP,Racing,Sony Computer Entertainment,Bigbig Studios,7.4,0.17,0.14,,0.01,0.02,2006-03-07,
Let's TAP,Wii,Misc,Sega,PROPE,7.0,0.17,0.08,0.01,0.06,0.02,2009-06-16,
James Bond 007: Everything or Nothing,GBA,Shooter,Electronic Arts,Griptonite Games,7.1,0.17,0.12,,0.04,0.0,2003-11-17,
The Grim Adventures of Billy & Mandy,GC,Action,Midway Games,High Voltage Software,7.2,0.17,0.13,,0.03,0.0,2006-09-25,
Gunvalkyrie,XB,Shooter,Sega,Smilebit,6.1,0.17,0.13,,0.04,0.01,2002-03-18,
Dementium: The Ward,DS,Shooter,Gamecock,Renegade Kid,7.5,0.17,0.15,,0.01,0.01,2007-10-26,
X-Men: The Official Game,X360,Action,Activision,"Z-Axis, Ltd.",4.9,0.17,0.16,,0.0,0.01,2006-05-16,
Katamari Damacy Reroll,NS,Action,Bandai Namco Entertainment,Bandai Namco Games,8.8,0.17,0.14,0.02,,0.02,2018-12-07,2018-09-13
Transformers: Dark of the Moon,Wii,Action,Activision,Behaviour Interactive Inc.,3.0,0.17,0.09,,0.06,0.02,2011-06-14,
Captain America: Super Soldier,X360,Action,Sega,Next Level Games,5.9,0.17,0.11,,0.05,0.01,2011-07-19,
Mercury Meltdown Revolution,Wii,Action,Ignition Entertainment,Unknown,8.0,0.17,0.16,,0.0,0.01,2007-08-14,
True Crime: New York City,GC,Action,Activision,EXAKT Entertainment,6.4,0.17,0.13,,0.03,0.0,2005-11-15,
ESPN Final Round Golf 2002,GBA,Sports,Konami,Konami Computer Entertainment Nagoya,6.0,0.17,0.12,,0.05,0.0,2001-08-28,
Cubivore: Survival of the Fittest,GC,Adventure,Atlus,Saru Brunei / Intelligent Systems,7.1,0.17,0.01,0.15,0.0,0.0,2002-11-05,
Top Spin 2,X360,Sports,2K Sports,Indie Built,7.7,0.17,0.15,,0.0,0.01,2006-03-29,
Bee Movie Game,X360,Action,Activision,Beenox,6.8,0.17,0.16,,0.0,0.01,2007-10-30,
Rise of the Argonauts,X360,Action,Codemasters,Codemasters,5.2,0.17,0.03,,0.12,0.01,2008-12-16,
Disney's Home on the Range,GBA,Action,Disney Interactive Studios,Artificial Mind and Movement,5.0,0.17,0.12,,0.04,0.0,2004-03-31,
Fairytale Fights,PS3,Action,Playlogic Game Factory,Playlogic Game Factory,4.8,0.17,0.11,,0.04,0.02,2009-10-27,
The Cursed Crusade,PS3,Action,Atlus,Kylotonn Entertainment,4.0,0.17,0.07,0.01,0.07,0.02,2011-10-25,
Major League Baseball 2K6,GC,Sports,2K Sports,Kush Games,6.2,0.17,0.13,,0.03,0.0,2006-06-12,
Borderlands,PC,Shooter,2K Games,Gearbox Software,8.3,0.17,0.01,,0.14,0.03,2009-10-20,
The Hobbit,GC,Adventure,Sierra Entertainment,Midway Studios - Austin,5.0,0.17,0.13,,0.03,0.0,2003-11-11,
NHL 07,PSP,Sports,EA Sports,EA Montreal,7.6,0.17,0.13,,0.02,0.02,2006-09-12,
Batman Begins,GBA,Action,Electronic Arts,Vicarious Visions,6.3,0.17,0.12,,0.05,0.0,2005-06-14,
Resident Evil,SAT,Action,Capcom,Nextech,7.3,0.17,,0.17,,,1997-08-31,
Aliens: Infestation,DS,Action,Sega,Way Forward,8.5,0.17,0.09,,0.05,0.02,2011-10-11,
NBA 09: The Inside,PSP,Sports,Sony Computer Entertainment,SCE San Diego Studio,8.2,0.17,0.16,,,0.01,2008-10-07,2018-12-04
Ashes Cricket 2009,PS3,Sports,Codemasters,Transmission Games,6.8,0.17,,,0.16,0.01,2009-08-07,
Blood Bowl,X360,Sports,SouthPeak Interactive,Cyanide Studio,6.4,0.17,0.13,,0.02,0.01,2010-01-26,
Lost Kingdoms,GC,Role-Playing,Activision,From Software,7.3,0.17,0.1,0.04,0.02,0.0,2002-05-27,
Backyard Wrestling: Don't Try This at Home,XB,Fighting,Eidos Interactive,Paradox Development,6.0,0.17,0.13,,0.04,0.01,2003-10-09,
Shrek Extra Large,GC,Platform,TDK Mediactive,Digital Illusions,3.0,0.17,0.13,,0.03,0.0,2002-10-31,
Driver: San Francisco,Wii,Racing,Ubisoft,Ubisoft Reflections,7.0,0.17,0.06,,0.09,0.02,2011-09-06,
F1 2011,3DS,Racing,Codemasters,Codemasters,5.5,0.17,0.07,,0.09,0.01,2011-12-06,
Open Season,GC,Platform,Ubisoft,Ubisoft Montreal,6.4,0.17,0.13,,0.03,0.0,2006-09-19,
Monsters vs. Aliens,X360,Platform,Activision,Beenox,6.5,0.17,0.12,,0.03,0.02,2009-03-24,
Pursuit Force: Extreme Justice,PSP,Racing,Sony Computer Entertainment,Bigbig Studios,7.4,0.17,0.07,,0.07,0.03,2008-01-29,
MotoGP 10/11,PS3,Racing,Capcom,Monumental Games,6.0,0.17,0.04,,0.1,0.03,2011-03-15,
Street Fighter Alpha 2,SNES,Fighting,Capcom,Capcom,8.0,0.17,,0.17,,,1996-12-19,
MotoGP 09/10,X360,Racing,Capcom,Monumental Games,7.0,0.17,0.07,,0.09,0.02,2010-03-23,
F1 2018,XOne,Racing,Codemasters,Codemasters Birmingham,8.5,0.17,0.05,,0.1,0.01,2018-08-24,2018-09-26
Zoo Keeper,DS,Puzzle,Ignition Entertainment,"Buddiez, Inc.",7.2,0.17,0.1,0.05,0.01,0.01,2005-01-18,
Goblin Commander: Unleash the Horde,PS2,Strategy,Jaleco,Jaleco Entertainment,7.4,0.17,0.08,,0.07,0.02,2003-11-11,
Xenoblade Chronicles 2: Torna ~ The Golden Country,NS,Role-Playing,Nintendo,Monolith Soft,7.5,0.16,0.08,0.02,0.05,0.01,2018-09-21,2018-09-26
Naruto: Ultimate Ninja Heroes 2 - The Phantom Fortress,PSP,Fighting,Namco Bandai,CyberConnect2,6.2,0.16,0.14,,0.0,0.01,2008-06-24,
TNA iMPACT!,Wii,Fighting,Midway Games,Midway Studios Los Angeles,5.3,0.16,0.14,,0.01,0.01,2008-09-16,
Castlevania Judgment,Wii,Fighting,Konami,Konami / Eighting,4.6,0.16,0.12,0.01,0.02,0.01,2008-11-18,
Guilty Gear Judgment,PSP,Fighting,Majesco,Arc System Works,7.5,0.16,0.13,0.02,0.0,0.01,2006-09-05,
Custom Robo Arena,DS,Fighting,Nintendo,Noise Inc.,7.4,0.16,0.01,0.12,0.02,0.0,2007-03-19,
We Dance,Wii,Misc,Nordic Games,Nordic Games,3.5,0.16,,,0.14,0.02,2011-09-02,
Create,PS3,Misc,Electronic Arts,EA Bright Light,6.4,0.16,0.11,,0.03,0.02,2010-11-16,
World Series of Poker: Tournament of Champions 2007 Edition,X360,Misc,Activision,Left Field Productions,6.9,0.16,0.15,,0.0,0.01,2006-09-21,
Innocent Life: A Futuristic Harvest Moon,PSP,Simulation,Natsume,ArtePiazza,6.5,0.16,0.08,0.03,0.03,0.02,2007-05-15,
Hot Wheels Velocity X,GBA,Racing,THQ,Saffire Corporation,5.2,0.16,0.12,,0.04,0.0,2002-10-31,
Arcana Heart,PS2,Fighting,Atlus,Examu Inc.,8.1,0.16,0.06,0.04,0.05,0.02,2008-04-10,
Godzilla Unleashed,Wii,Fighting,Atari,"Pipeworks Software, Inc.",4.5,0.16,0.14,,0.0,0.01,2007-12-05,
Amped 3,X360,Sports,2K Sports,2K Sports,7.2,0.16,0.13,,0.02,0.01,2005-11-16,
Ready 2 Rumble Revolution,Wii,Sports,Atari,10tacle Studios AG,3.1,0.16,0.15,,0.0,0.01,2009-03-17,
Blitz: The League,X360,Sports,Midway Games,Midway Games,6.5,0.16,0.15,,0.0,0.01,2006-11-13,
NCAA Football 09 All-Play,Wii,Sports,EA Sports,Team Fusion,5.3,0.16,0.15,,,0.01,2008-07-15,
NBA 2K12,PC,Sports,2K Sports,Visual Concepts,8.5,0.16,0.09,,0.05,0.02,2011-10-04,
Taz Wanted,PS2,Platform,Atari,Blitz Games,5.5,0.16,0.08,,0.06,0.02,2002-09-17,
Shaun White Skateboarding,X360,Sports,Ubisoft,Ubisoft Montreal,6.1,0.16,0.1,,0.05,0.01,2010-10-24,
Marble Saga: Kororinpa,Wii,Puzzle,Konami,Hudson Soft,7.4,0.16,0.09,0.0,0.05,0.01,2009-03-17,
Zapper: One Wicked Cricket!,PS2,Platform,Infogrames,Blitz Games,5.7,0.16,0.08,,0.06,0.02,2002-11-03,
The King of Fighters XII,PS3,Fighting,Ignition Entertainment,SNK Playmore Corporation,6.0,0.16,0.11,0.03,0.01,0.01,2009-07-28,
Klonoa,Wii,Platform,Namco Bandai,Paon Corporation,7.6,0.16,0.1,0.03,0.02,0.01,2009-05-05,
Robotech: Battlecry,GC,Shooter,TDK Mediactive,Vicious Cycle,7.2,0.16,0.13,,0.03,0.0,2002-10-11,
Asteroids Hyper 64,N64,Shooter,Crave Entertainment,Syrox Developments,5.6,0.16,0.13,,0.03,0.0,1999-12-14,
Buck Bumble,N64,Action,Ubisoft,Argonaut Games,6.8,0.16,0.13,,0.03,0.0,1998-09-30,
The Incredibles: Rise of the Underminer,GC,Action,THQ,Heavy Iron Studios,6.7,0.16,0.12,,0.03,0.0,2005-11-01,
El Shaddai: Ascension of the Metatron,X360,Action,Ignition Entertainment,Ignition Entertainment,8.0,0.16,0.07,0.03,0.05,0.01,2011-08-16,
Spider-Man: Web of Shadows - Amazing Allies Edition,PSP,Action,Activision,Shaba Games,7.7,0.16,0.12,,0.02,0.02,2008-10-21,
Fatal Frame II: Crimson Butterfly,PS2,Action,Tecmo,Tecmo,7.8,0.16,0.08,,0.06,0.02,2003-12-10,
Scarface: Money. Power. Respect.,PSP,Strategy,Sierra Entertainment,Radical Entertainment,6.4,0.16,0.15,,0.0,0.01,2006-10-08,
Field Commander,PSP,Strategy,Sony Online Entertainment,Sony Online Entertainment,7.7,0.16,0.14,,0.0,0.01,2006-05-23,
Midway Arcade Treasures 2,GC,Misc,Midway Games,Backbone Entertainment,7.2,0.16,0.13,,0.03,0.0,2004-10-11,
Sid Meier's Pirates!,Wii,Strategy,2K Games,Firaxis Games,6.5,0.16,0.13,,0.02,0.01,2010-10-05,
Starcraft 64,N64,Strategy,Nintendo,Mass Media,8.0,0.16,0.13,,0.03,0.0,2000-06-13,
James Noir's Hollywood Crimes,3DS,Adventure,Ubisoft,Ubisoft,7.0,0.16,0.07,,0.07,0.01,2011-11-01,
Alone in the Dark: The New Nightmare,PS,Adventure,Infogrames,Darkworks,7.2,0.16,0.09,,0.06,0.01,2001-06-18,
Ghost in the Shell: Stand Alone Complex,PS2,Adventure,Bandai,Cavia Inc.,6.6,0.16,0.08,,0.06,0.02,2004-11-08,
Gravity Rush Remastered,PS4,Action-Adventure,Sony Computer Entertainment,Bluepoint Games,7.9,0.16,0.02,0.05,0.06,0.02,2016-02-02,2018-09-23
Naruto Powerful Shippuden,3DS,Action-Adventure,Namco Bandai Games,Namco Bandai Games,8.0,0.16,0.08,0.04,0.02,0.01,2013-03-05,2018-11-06
Darksiders II,WiiU,Action-Adventure,THQ,Vigil Games,8.2,0.16,0.07,,0.07,0.01,2012-11-18,2018-03-14
Castlevania: Lords of Shadow - Mirror of Fate,3DS,Action-Adventure,Konami Digital Entertainment,Mercury Steam,7.2,0.16,0.04,0.03,0.08,0.01,2013-03-05,2018-11-06
Just Cause 3,PC,Action-Adventure,Square Enix,Avalanche Studios,7.6,0.16,0.03,,0.12,0.01,2015-12-01,2018-04-04
Clash of the Titans: The Videogame,X360,Action,Namco Bandai,Game Republic,3.8,0.16,0.08,0.0,0.06,0.02,2010-07-27,
Curious George,GBA,Action,Namco,Torus Games,6.6,0.16,0.12,,0.04,0.0,2006-02-01,
Fist of the North Star: Ken's Rage,X360,Action,Tecmo Koei,Tecmo Koei Games,5.4,0.16,0.07,0.06,0.02,0.01,2010-11-02,2018-07-30
Fracture,PS3,Shooter,LucasArts,Day 1 Studios,4.0,0.16,0.11,,0.04,0.02,2008-10-07,
Bulletstorm,PC,Shooter,Electronic Arts,People Can Fly,8.7,0.16,0.07,,0.08,0.02,2011-02-22,
Dragon Ball: Origins 2,DS,Action,Namco Bandai,Game Republic,6.9,0.16,0.05,0.08,0.02,0.01,2010-06-22,
Chaotic: Shadow Warriors,X360,Action,Activision,Activision,6.2,0.16,0.14,,,0.01,2009-11-17,
Pillars of Eternity,PS4,Role-Playing,Paradox Interactive,Obsidian Entertainment,8.3,0.16,0.11,,0.02,0.03,2017-08-29,2018-04-15
King's Field,PS,Role-Playing,ASCII Entertainment,From Software,7.1,0.16,0.09,,0.06,0.01,1995-12-31,
Culdcept SAGA,X360,Role-Playing,Namco Bandai,OmiyaSoft,7.7,0.16,0.12,0.03,,0.01,2008-02-05,
Apache: Air Assault,X360,Simulation,Activision,Gaijin Entertainment,6.8,0.16,0.12,,0.03,0.01,2010-11-16,
Lufia: Curse of the Sinistrals,DS,Role-Playing,Natsume,Neverland Company,7.8,0.16,0.11,0.03,,0.01,2010-10-12,
Eragon,DS,Role-Playing,Sierra Entertainment,Amaze Entertainment,6.8,0.16,0.13,,0.02,0.01,2006-11-14,
Konami Krazy Racers,GBA,Racing,Konami,KCEK,7.7,0.16,0.09,0.04,0.03,0.0,2001-06-10,
F-Zero: GP Legend,GBA,Racing,Nintendo,Suzak,7.1,0.16,0.11,,0.04,0.0,2004-09-20,
All-Star Baseball 2003,GBA,Sports,Acclaim Entertainment,Software Creations,7.7,0.15,0.11,,0.04,0.0,2002-05-31,
XGIII: Extreme G Racing,GC,Racing,Acclaim Entertainment,Acclaim Studios Cheltenham,8.6,0.15,0.12,,0.03,0.0,2001-11-27,
Boktai: The Sun is in Your Hand,GBA,Role-Playing,Konami,Kojima Productions,7.8,0.15,0.1,,0.04,0.0,2003-09-16,
Darkstalkers Chronicle: The Chaos Tower,PSP,Fighting,Capcom,Capcom,7.5,0.15,0.13,,0.0,0.01,2005-03-24,
Ridge Racer DS,DS,Racing,Namco,Nintendo Software Technology Corporation,6.3,0.15,0.14,,0.0,0.01,2004-12-07,
DiRT 3,PC,Racing,Codemasters,Codemasters,9.0,0.15,,,0.13,0.02,2011-05-24,
Cardinal Syn,PS,Fighting,989 Studios,Kronos Digital Entertainment,5.2,0.15,0.08,,0.06,0.01,1998-06-30,
The Sims Medieval: Pirates and Nobles,PC,Simulation,Electronic Arts,The Sims Studio,5.5,0.15,0.05,,0.08,0.01,2011-08-30,
Infected,PSP,Shooter,Majesco,Planet Moon Studios,7.3,0.15,0.14,,0.0,0.01,2005-11-15,
Shenmue II,DC,Adventure,Sega,Sega-AM2,8.7,0.15,,0.15,,0.0,2001-11-23,
Prince of Persia: The Two Thrones,GC,Adventure,Ubisoft,Ubisoft Montreal,8.7,0.15,0.11,,0.03,0.0,2005-12-01,
Wolfenstein: The Old Blood,XOne,Shooter,Bethesda Softworks,MachineGames,8.0,0.15,0.07,,0.07,0.01,2015-05-05,2018-04-21
Metroid Prime: Federation Force,3DS,Action,Nintendo,Next Level Games,6.3,0.15,0.08,0.03,0.02,0.01,2016-08-19,2018-07-02
Thor: God of Thunder,PS3,Action,Sega,Liquid Entertainment,3.7,0.15,0.07,,0.06,0.02,2011-05-03,
Saw II: Flesh & Blood,X360,Action,Konami,Zombie Studios,4.9,0.15,0.1,,0.04,0.01,2010-10-19,
Killer7,GC,Action,Capcom,Grasshopper Manufacture,7.2,0.15,0.12,,0.03,0.0,2005-07-07,
Blazing Dragons,PS,Adventure,Mindscape,Illusions Game Company,6.6,0.15,0.08,,0.06,0.01,1996-10-31,
SNK Arcade Classics Vol. 1,PSP,Misc,SNK Playmore,Terminal Reality,6.7,0.15,0.13,0.01,,0.01,2008-05-05,
Zoids: Battle Legends,GC,Action,Atari,Tomy Corporation,5.0,0.15,0.12,,0.03,0.0,2004-09-04,
Thor: God of Thunder,Wii,Action,Sega,Red Fly Studio,6.4,0.15,0.1,,0.04,0.01,2011-05-03,
Darksiders,PC,Action,THQ,Vigil Games,8.0,0.15,0.07,,0.06,0.01,2010-09-23,
FIFA 06: Road to FIFA World Cup,X360,Sports,EA Sports,EA Canada,6.1,0.15,0.11,0.01,0.02,0.01,2005-11-16,
Project Sylpheed: Arc of Deception,X360,Shooter,Microsoft,Game Arts / Seta Corporation,6.7,0.15,0.12,0.02,0.01,0.01,2007-07-10,
Major League Baseball 2K10,DS,Sports,2K Sports,Visual Concepts,2.8,0.15,0.14,,,0.01,2010-03-02,
NHL 2K10,PS3,Sports,2K Sports,Visual Concepts,6.5,0.15,0.13,,0.01,0.01,2009-09-15,
Armored Core: For Answer,X360,Simulation,Ubisoft,From Software,6.5,0.15,0.06,0.07,0.01,0.01,2008-09-16,
WordJong,DS,Puzzle,Destineer,Magellan Interactive,7.5,0.15,0.13,,0.01,0.01,2007-11-16,
Bomberman,PSP,Puzzle,Konami,Hudson Soft,7.3,0.15,0.14,,0.0,0.01,2006-09-12,
Blazing Angels 2: Secret Missions of WWII,PS3,Simulation,Ubisoft,Ubisoft Romania,7.2,0.15,0.1,,0.03,0.02,2007-11-06,
Chessmaster II,PS,Strategy,Mindscape,Starsphere Interactive,7.5,0.15,0.08,,0.06,0.01,1999-05-31,
Stormrise,X360,Strategy,Sega,The Creative Assembly,4.4,0.15,0.11,,0.03,0.01,2009-03-24,
Space Invaders Extreme,DS,Shooter,Square Enix,Taito Corporation,8.3,0.15,0.12,0.01,0.01,0.01,2008-06-17,
The Godfather: Blackhand Edition,Wii,Adventure,Electronic Arts,EA Redwood Shores,7.4,0.15,0.14,,0.0,0.01,2007-03-20,
Cave Story 3D,3DS,Platform,NIS America,Nicalis,8.2,0.15,0.09,0.01,0.03,0.01,2011-11-08,
MLB 13: The Show,PSV,Sports,Sony Computer Entertainment America,SCE San Diego Studio,7.6,0.15,0.11,,,0.04,2013-03-05,2018-03-14
All-Star Baseball 2003,GC,Sports,Acclaim Entertainment,Acclaim Entertainment,8.7,0.15,0.12,,0.03,0.0,2002-02-25,
Ice Age 2: The Meltdown,DS,Platform,Sierra Entertainment,Amaze Entertainment,5.5,0.15,0.13,,0.01,0.01,2006-03-14,
Digimon Battle Spirit 2,GBA,Fighting,Bandai,Dimps Corporation,7.0,0.15,0.11,,0.04,0.0,2003-09-24,
Naruto Shippuden: Legends: Akatsuki Rising,PSP,Fighting,Namco Bandai,CyberConnect2,5.8,0.15,0.14,,0.0,0.01,2009-10-06,
de Blob 2,X360,Platform,THQ,Blue Tongue,7.8,0.15,0.1,,0.04,0.01,2011-02-22,
NCAA Football 2004,GC,Sports,EA Sports,EA Tiburon,8.7,0.15,0.12,,0.03,0.0,2003-07-16,
NHL 2K10,X360,Sports,2K Sports,Visual Concepts,6.6,0.15,0.11,,0.02,0.01,2009-09-15,
Blinx 2: Masters of Time & Space,XB,Platform,Microsoft Game Studios,Artoon,6.8,0.15,0.12,,0.03,0.01,2004-11-16,
Crush3D,3DS,Platform,Sega,Zoë Mode,6.5,0.15,0.1,,0.04,0.01,2012-03-06,
Blitz: The League II,PS3,Sports,Midway Games,Midway Games,6.3,0.15,0.11,,0.03,0.02,2008-10-13,
Geist,GC,Adventure,Nintendo,n-Space,6.6,0.15,0.11,,0.03,0.0,2005-08-15,
Space Station Silicon Valley,N64,Adventure,Take-Two Interactive,DMA Design,8.3,0.15,0.12,,0.03,0.0,1998-01-01,
RiME,NS,Adventure,Grey Box,Tequila Works,4.5,0.15,0.11,,0.03,0.01,2017-11-21,2018-08-11
Ys: The Oath in Felghana,PSP,Role-Playing,Xseed Games,Nihon Falcom Corporation,8.2,0.15,0.09,0.04,,0.01,2010-11-02,
Phantasy Star Online Episode I & II,XB,Role-Playing,Sega,Sonic Team,8.2,0.15,0.11,,0.03,0.01,2003-04-15,
The Fairly Odd Parents: Clash with the Anti-World,GBA,Adventure,THQ,THQ,3.5,0.15,0.11,,0.04,0.0,2005-10-18,
Gear.Club Unlimited,NS,Racing,Microids,Eden Games,6.1,0.15,0.1,0.01,0.03,0.01,2017-11-21,2018-01-07
Sam & Max: Season One,Wii,Adventure,The Adventure Company,Telltale Games,7.1,0.15,0.13,,0.01,0.01,2008-10-15,
The Incredible Hulk: Ultimate Destruction,GC,Action,VU Games,Radical Entertainment,8.7,0.15,0.11,,0.03,0.0,2005-08-23,
Kingdom of Paradise,PSP,Role-Playing,Sony Computer Entertainment,Climax Entertainment,7.0,0.15,0.14,,0.0,0.02,2005-11-15,
The Wizard of Oz: Beyond The Yellow Brick Road,DS,Role-Playing,Xseed Games,Media.Vision,6.4,0.15,0.13,0.0,,0.01,2009-09-29,
Atelier Iris: Eternal Mana,PS2,Role-Playing,NIS America,Gust,7.2,0.15,0.08,,0.06,0.02,2005-06-28,
Z.H.P. Unlosing Ranger vs Darkdeath Evilman,PSP,Role-Playing,NIS America,Nippon Ichi Software,8.0,0.15,0.08,0.06,,0.01,2010-10-26,
World Championship Poker 2: Featuring Howard Lederer,PSP,Misc,Crave Entertainment,Point of View,7.0,0.14,0.12,,0.0,0.01,2005-12-11,
Hard Rock Casino,PSP,Misc,Crave Entertainment,Crave Entertainment,3.8,0.14,0.12,,0.0,0.01,2007-04-24,
Scene It? Bright Lights! Big Screen!,X360,Misc,Warner Bros. Interactive,Screenlife Games,6.2,0.14,0.12,,0.0,0.01,2009-11-17,
Risen,PC,Role-Playing,Deep Silver,Piranha Bytes,7.8,0.14,,,0.12,0.02,2009-10-02,
Baldur's Gate: Dark Alliance,GC,Role-Playing,Interplay,Snowblind Studios,7.7,0.14,0.11,,0.03,0.0,2002-11-18,
"Holy Invasion of Privacy, Badman! What Did I Do to Deserve This?",PSP,Role-Playing,NIS America,Acquire,6.9,0.14,,0.13,0.0,0.0,2009-07-16,
Metal Slug 7,DS,Shooter,Ignition Entertainment,SNK Playmore Corporation,6.9,0.14,0.12,0.01,0.0,0.01,2008-11-18,
The Operative: No One Lives Forever,PS2,Shooter,Sierra Entertainment,Monolith Productions,6.8,0.14,0.07,,0.05,0.02,2002-04-16,
The Orange Box,PC,Shooter,Electronic Arts,Valve Software,9.7,0.14,,,0.11,0.02,2007-10-10,
Vampire Night,PS2,Shooter,Namco,Wow Entertainment,6.4,0.14,0.07,,0.05,0.02,2001-11-14,
Doshin the Giant,GC,Simulation,Nintendo,Param,6.8,0.14,,0.14,,0.0,2002-09-20,
Just Cause,X360,Action,Eidos Interactive,Avalanche Studios,7.3,0.14,0.1,0.01,0.03,0.01,2006-09-27,
Jim Henson's the Muppets: On With the Show!,GBA,Action,TDK Mediactive,Vicarious Visions,6.3,0.14,0.1,,0.04,0.0,2003-03-18,
Hitman: Blood Money,XB,Action,Eidos Interactive,IO Interactive,8.1,0.14,0.11,,0.03,0.01,2006-05-30,
Second Sight,PS2,Adventure,Codemasters,Free Radical Design,7.9,0.14,0.07,,0.05,0.02,2004-09-21,
X-Blades,X360,Action,SouthPeak Interactive,Gaijin Entertainment,6.0,0.14,0.1,0.02,0.02,0.01,2009-02-10,
The Fifth Element,PS,Action,Activision,Kalisto,3.7,0.14,0.08,,0.05,0.01,1998-09-30,
G.I. Joe: The Rise of Cobra,PS2,Action,Electronic Arts,Double Helix Games,5.2,0.14,0.11,,0.0,0.03,2009-08-04,
Fear Factor: Unleashed,GBA,Action,Hip Interactive,Arush Entertainment,3.0,0.14,0.1,,0.04,0.0,2004-11-17,
Robots,DS,Action,VU Games,Amaze Entertainment,4.5,0.14,0.12,,0.0,0.01,2005-02-24,
Has-Been Heroes,NS,Action,GameTrust,Frozenbyte,4.8,0.14,0.13,,,0.02,2017-03-28,
G.I. Joe: The Rise of Cobra,DS,Action,Electronic Arts,Fall Line Studio,5.6,0.14,0.11,,0.01,0.01,2009-08-04,
Naruto Shippuden: Kizuna Drive,PSP,Action,Namco Bandai,Bandai Namco Games,7.0,0.14,0.04,0.05,0.03,0.02,2011-03-22,
X-Blades,PS3,Action,SouthPeak Interactive,Gaijin Entertainment,5.9,0.14,0.07,0.02,0.03,0.01,2009-02-10,
G.I. Joe: The Rise of Cobra,PSP,Action,Electronic Arts,Double Helix Games,5.2,0.14,0.11,,0.02,0.02,2009-08-04,
Thor: God of Thunder,X360,Action,Sega,Liquid Entertainment,3.8,0.14,0.09,,0.04,0.01,2011-05-03,
Fatal Frame,PS2,Action,Tecmo,Tecmo,7.6,0.14,0.07,,0.06,0.02,2002-03-04,
Rodea the Sky Soldier,WiiU,Action-Adventure,NIS America,Kadokawa Games,7.0,0.14,0.1,0.01,0.02,0.01,2015-11-10,2018-04-06
Metal Gear Solid V: Ground Zeroes,X360,Action-Adventure,Konami Digital Entertainment,Kojima Productions,8.3,0.14,0.06,0.01,0.05,0.01,2014-03-18,2018-03-22
Spider-Man: Friend or Foe,Wii,Action,Activision,Next Level Games,5.6,0.14,0.13,,0.0,0.01,2007-10-02,
Rayman Arena,GC,Racing,Ubisoft,Ubisoft,6.2,0.14,0.11,,0.03,0.0,2002-09-24,
4X4 EVO 2,GC,Racing,VU Games,Terminal Reality,5.1,0.14,0.11,,0.03,0.0,2002-09-09,
Power Stone,DC,Fighting,Capcom,Capcom,8.6,0.14,,0.14,,0.0,1999-08-31,
Victorious Boxers: Revolution,Wii,Fighting,Xseed Games,Cavia Inc.,5.8,0.14,0.07,0.06,0.0,0.01,2007-10-23,
MotoGP '06,X360,Racing,THQ,Climax Studios,8.3,0.14,0.11,,0.01,0.01,2006-06-12,
World Championship Poker: Howard Lederer - All In,PSP,Misc,Crave Entertainment,Point of View,5.1,0.14,0.13,,,0.01,2006-09-05,
Eragon,X360,Action,Sierra Entertainment,Stormfront Studios,4.2,0.14,0.12,,0.01,0.01,2006-11-14,
How to Train Your Dragon,X360,Action,Activision,Etranges Libellules,4.6,0.14,0.11,,0.02,0.01,2010-03-23,
Bio FREAKS,N64,Action,Midway Games,Saffire Corporation,6.2,0.14,0.11,,0.03,0.0,1998-05-31,
Bust-A-Move Deluxe,PSP,Puzzle,Majesco,Dreams,7.1,0.14,0.13,,0.0,0.01,2006-04-04,
Disney's Chicken Little,XB,Platform,Buena Vista,Avalanche Software,7.0,0.14,0.1,,0.03,0.0,2005-10-18,
Secret Agent Clank,PSP,Platform,Sony Computer Entertainment,High Impact Games,7.0,0.14,0.04,0.04,0.04,0.02,2008-06-17,
Mega Man Powered Up,PSP,Platform,Capcom,Capcom,8.7,0.14,0.12,,0.01,0.02,2006-03-14,
Rayman 3,GBA,Platform,Ubisoft,Ubisoft,7.9,0.14,0.1,,0.04,0.0,2003-03-02,
Ratatouille,GC,Platform,THQ,Asobo Studio,6.1,0.14,0.11,,0.03,0.0,2007-06-26,
Klonoa: Empire of Dreams,GBA,Platform,Namco,Namco,8.6,0.14,0.1,,0.04,0.0,2001-09-11,
Virtua Tennis 4,Wii,Sports,Sega,Sega-AM2,5.2,0.14,0.05,,0.08,0.01,2011-05-10,
Top Spin 4,Wii,Sports,2K Sports,2K Czech,4.0,0.14,0.04,,0.08,0.02,2011-03-15,
Doom,GBA,Shooter,Activision,David A. Palmer Productions,8.3,0.14,0.1,,0.04,0.0,2001-10-28,
Disney's Cinderella: Magical Dreams,GBA,Platform,Buena Vista,Culture Brain,6.0,0.14,0.1,,0.04,0.0,2005-09-20,
Bravo Air Race,PS,Racing,THQ,Xing Entertainment,5.3,0.14,0.08,,0.05,0.01,1997-09-30,
BIT.TRIP SAGA,3DS,Platform,Aksys Games,Gaijin Games Inc.,7.5,0.14,0.09,,0.04,0.01,2011-09-13,2019-01-14
Marvel vs. Capcom 2,DC,Fighting,Capcom,Capcom,9.0,0.14,,0.14,,,2000-06-29,
Dead or Alive 2,DC,Fighting,Tecmo,Team Ninja,9.0,0.14,,0.14,,,2000-02-29,
Championship Motocross 2001 featuring Ricky Carmichael,PS,Racing,THQ,Funcom,6.8,0.14,0.08,,0.05,0.01,2001-01-30,
Ultimate Muscle - The Kinnikuman Legacy: Legends vs New Generation,GC,Fighting,Bandai,Aki Corporation,8.0,0.14,0.04,0.08,0.01,0.0,2003-06-05,
Adrenalin Misfits,X360,Racing,Konami,Konami,4.7,0.14,0.12,,0.02,0.01,2010-11-04,
Gretzky NHL 06,PSP,Sports,Sony Computer Entertainment,Page 44 Studios,5.8,0.14,0.13,,,0.01,2005-10-04,
FIFA Street 2,PSP,Sports,EA Sports BIG,EA Canada,4.9,0.14,0.07,,0.06,0.02,2006-02-28,
Class of Heroes,PSP,Role-Playing,Atlus,ZeroDiv,5.4,0.14,0.06,0.08,,0.01,2009-06-09,
Gungnir,PSP,Role-Playing,Atlus,Sting,7.4,0.14,0.08,0.04,,0.02,2012-06-12,2018-01-17
Wild ARMs 4,PS2,Role-Playing,Xseed Games,Media.Vision,6.6,0.14,0.07,,0.06,0.02,2006-01-10,
Etrian Odyssey 2 Untold: Knight of Fafnir,3DS,Role-Playing,Atlus,Atlus,8.0,0.14,0.09,,0.02,0.03,2015-08-04,2018-01-30
South Park: The Fractured But Whole,NS,Role-Playing,Ubisoft,Ubisoft San Francisco,9.5,0.14,0.08,,0.05,0.01,2018-04-24,2018-04-06
Risen 2: Dark Waters,X360,Role-Playing,Deep Silver,Piranha Bytes,5.5,0.14,0.05,,0.08,0.01,2012-07-31,2018-01-03
TRINITY: Souls of Zill O'll,PS3,Role-Playing,Tecmo Koei,Omega Force,5.5,0.14,0.06,0.03,0.03,0.01,2011-02-08,
The Granstream Saga,PS,Role-Playing,THQ,Shade,7.6,0.14,0.08,,0.05,0.01,1998-06-30,
Hexyz Force,PSP,Role-Playing,Atlus,Sting,6.7,0.14,0.07,0.06,,0.01,2010-05-25,
Create,X360,Misc,Electronic Arts,EA Bright Light,6.3,0.14,0.1,,0.03,0.01,2010-11-16,
Power Gig: Rise of the SixString,PS3,Misc,Unknown,Seven45 Studios,3.9,0.14,0.13,,,0.01,2010-10-19,
Blazing Angels 2: Secret Missions of WWII,X360,Simulation,Ubisoft,Ubisoft Romania,7.6,0.14,0.11,,0.02,0.01,2007-09-18,
Sphinx and the Cursed Mummy,GC,Adventure,THQ,Eurocom Entertainment Software,8.4,0.14,0.11,,0.03,0.0,2003-11-10,
Ecco the Dolphin: Defender of the Future,PS2,Adventure,Acclaim Entertainment,Appaloosa Interactive,7.8,0.14,0.07,,0.05,0.02,2002-03-03,
NBA 2K13,WiiU,Sports,2K Sports,Visual Concepts,7.6,0.14,0.08,,0.04,0.01,2012-11-18,2018-01-04
Shadow Hearts: From The New World,PS2,Role-Playing,Xseed Games,Nautilus,7.6,0.14,0.07,,0.06,0.02,2006-03-07,
Bottom of the 9th,PS,Sports,Konami,Konami,8.0,0.14,0.08,,0.05,0.01,1996-04-04,
NFL Blitz 20-03,GC,Sports,Midway Games,Point of View,7.8,0.14,0.11,,0.03,0.0,2002-08-12,
Kelly Slater's Pro Surfer,GBA,Sports,Activision,HotGen Studios,8.0,0.13,0.09,,0.03,0.0,2002-08-21,
Baseball Advance,GBA,Sports,THQ,Smilebit,8.3,0.13,0.1,,0.04,0.0,2002-03-20,
Chicken Run,PS,Adventure,Eidos Interactive,Blitz Games,6.3,0.13,0.07,,0.05,0.01,2000-11-15,
Mega Man X Collection,GC,Misc,Capcom,Capcom,7.5,0.13,0.1,,0.03,0.0,2006-01-10,
DJ Max Fever,PSP,Misc,PM Studios,Pentavision Entertainment,7.7,0.13,0.11,,,0.02,2009-01-27,
Ys: The Ark of Napishtim,PS2,Role-Playing,Konami,Konami Software Shanghai,7.4,0.13,0.07,,0.05,0.02,2005-02-22,
Azure Dreams,PS,Role-Playing,Konami,Konami Computer Entertainment Tokyo,7.4,0.13,0.07,,0.05,0.01,1998-07-12,
Monopoly Party,GC,Misc,Infogrames,Runecraft,7.3,0.13,0.1,,0.03,0.0,2002-11-20,
My Spanish Coach,PSP,Misc,Ubisoft,Sensory Sweep Studios,7.0,0.13,0.12,,,0.01,2008-10-07,
Summon Night: Twin Age,DS,Role-Playing,Atlus,Flight-Plan,7.3,0.13,0.07,0.05,,0.01,2008-06-03,
Shin Megami Tensei: Devil Survivor 2 Record Breaker,3DS,Role-Playing,Atlus,Atlus,8.4,0.13,,0.1,0.02,0.0,2015-05-05,2018-01-31
Phantom Brave: We Meet Again,Wii,Role-Playing,NIS America,Nippon Ichi Software,7.6,0.13,0.12,0.01,,0.01,2009-08-11,
Divinity II: The Dragon Knight Saga,X360,Role-Playing,Atlus,Larian Studios,7.5,0.13,0.11,,0.02,0.01,2011-04-12,
Shin Megami Tensei: Digital Devil Saga,PS2,Role-Playing,Atlus,Atlus Co.,7.6,0.13,0.06,,0.05,0.02,2005-04-05,
Dokapon Kingdom,Wii,Role-Playing,Atlus,Sting,7.2,0.13,0.12,,,0.01,2008-10-14,
Dragon Age Origins: Awakening,PC,Role-Playing,Electronic Arts,BioWare Corp.,8.3,0.13,0.01,,0.1,0.02,2010-03-16,
Venetica,X360,Role-Playing,Atari,DECK13 Interactive,5.2,0.13,0.09,,0.03,0.01,2011-01-11,2018-05-10
King Arthur,PS2,Adventure,Konami,Krome Studios,6.7,0.13,0.07,,0.05,0.02,2004-11-17,
Kung Fu Panda 2,Wii,Action,THQ,THQ,3.0,0.13,0.07,,0.05,0.01,2011-05-24,
Everybody Dance,PS3,Music,Sony Computer Entertainment,SCEE London Studio,6.5,0.13,0.11,,,0.02,2011-10-18,2018-09-14
The Legend of Heroes: Trails of Cold Steel III,PS4,Role-Playing,NIS America,Nihon Falcom Corporation,7.0,0.13,,0.13,,,2019-09-24,2018-07-03
Tom Clancy's Splinter Cell: Blacklist,WiiU,Action-Adventure,Ubisoft,Ubisoft Shanghai,9.2,0.13,0.04,,0.07,0.01,2013-08-20,2018-03-08
Star Wars: Lethal Alliance,PSP,Adventure,Ubisoft,Ubisoft Montreal,6.3,0.13,0.11,,0.01,0.01,2006-12-07,
Yu-Gi-Oh! GX: Tag Force,PSP,Strategy,Konami,Konami,6.0,0.13,0.09,,0.03,0.02,2006-11-14,
RollerCoaster Tycoon,XB,Strategy,Atari,Atari,5.5,0.13,0.1,,0.03,0.0,2003-03-25,
Fat Princess: Fistful of Cake,PSP,Action,Sony Computer Entertainment,SuperVillain Studios,7.0,0.13,0.08,,0.02,0.02,2010-05-04,
Castrol Honda Superbike Racing,PS,Racing,Electronic Arts,Midas Interactive Entertainment,3.9,0.13,0.07,,0.05,0.01,1999-05-25,
Eat Lead: The Return of Matt Hazard,PS3,Shooter,D3 Publisher,Vicious Cycle,5.3,0.13,0.09,0.0,0.02,0.01,2009-02-26,
Iridion II,GBA,Shooter,Majesco,Shin'en GmbH,7.9,0.13,0.09,,0.03,0.0,2003-05-29,
Dead to Rights: Reckoning,PSP,Shooter,Namco,Rebellion Developments,5.2,0.13,0.12,,,0.01,2005-06-28,
Brothers in Arms: Double Time,Wii,Shooter,Ubisoft,Gearbox Software,4.6,0.13,0.11,,0.0,0.01,2008-09-23,
The House of the Dead,SAT,Shooter,Sega,Tantalus Interactive,7.5,0.13,,0.13,,0.0,1998-03-31,
Rogue Warrior,PS3,Shooter,Bethesda Softworks,Rebellion Developments,2.5,0.13,0.11,,0.02,0.01,2009-12-01,
James Bond 007: Nightfire,GBA,Shooter,Electronic Arts,JV Games,7.2,0.13,0.1,,0.04,0.0,2003-03-17,
Red Orchestra 2: Heroes of Stalingrad,PC,Shooter,Tripwire Interactive,Tripwire Interactive,7.7,0.13,0.04,,0.07,0.02,2011-09-13,
Freedom Fighters,GC,Shooter,Electronic Arts,IO Interactive,8.8,0.13,0.1,,0.03,0.0,2003-10-01,
Legendary,PS3,Shooter,Gamecock,Spark Unlimited,4.0,0.13,0.08,,0.03,0.02,2008-10-31,
007 Legends,WiiU,Shooter,Activision,Eurocom,4.2,0.13,0.06,,0.06,0.01,2012-12-11,2018-03-16
Sega GT,DC,Racing,Sega,TOSE Software,7.8,0.13,,0.13,,0.0,2000-08-29,
Digimon Racing,GBA,Racing,Bandai,Griptonite Games,6.0,0.13,0.09,,0.03,0.0,2004-09-13,
Nickelodeon Kart Racers,NS,Racing,GameMill Entertainment,Bamtang,2.0,0.13,0.08,,0.04,0.01,2018-10-23,2020-09-21
Little Dragons Café,NS,Simulation,Aksys Games,Aksys Games,7.0,0.13,0.09,0.02,,0.01,2018-08-24,2018-09-26
Anno 1701: Dawn of Discovery,DS,Simulation,Ubisoft,Sunflower Studios,8.0,0.13,0.07,,0.05,0.01,2008-03-04,
007: Quantum of Solace,DS,Action,Activision,Vicarious Visions,6.3,0.13,0.11,,0.01,0.01,2008-11-04,
New Gundam Breaker,PS4,Action,Namco Bandai Games,Bandai Namco Games,2.8,0.13,0.03,0.1,,0.01,2018-06-22,2018-04-21
Destroy All Humans! Path of the Furon,X360,Action,THQ,Sandblast Games,4.1,0.13,0.08,,0.04,0.01,2008-12-02,
Street Fighter IV,PC,Fighting,Capcom,Capcom / Dimps Corporation,9.1,0.13,0.07,,0.05,0.02,2009-07-07,
X-Men: Next Dimension,GC,Fighting,Activision,EXAKT Entertainment,7.0,0.13,0.1,,0.03,0.0,2002-10-15,
Fire ProWrestling,GBA,Fighting,BAM! Entertainment,Spike,8.0,0.13,0.09,,0.03,0.0,2001-06-10,
Open Season,DS,Platform,Ubisoft,Ubisoft Montreal,7.4,0.13,0.12,,0.0,0.01,2006-09-19,
Record of Agarest War Zero,PS3,Strategy,Aksys Games,Compile Heart,6.2,0.13,0.09,0.03,,0.01,2011-06-14,
Warriors Orochi 2,PS2,Action,KOEI,Omega Force,4.3,0.13,0.06,,0.05,0.02,2008-09-23,
Tomb Raider: Legend,XB,Action,Eidos Interactive,Crystal Dynamics,8.3,0.13,0.1,,0.03,0.0,2006-04-11,
Teenage Mutant Ninja Turtles: Arcade Attack,DS,Action,Ubisoft,Ubisoft,4.3,0.13,0.12,,0.0,0.01,2009-11-10,
Hitman 2: Silent Assassin,GC,Action,Eidos Interactive,IO Interactive,8.3,0.13,0.1,,0.03,0.0,2003-06-19,
Spartan: Total Warrior,XB,Action,Sega,The Creative Assembly,7.0,0.13,0.1,,0.03,0.0,2005-10-25,
Lord of the Rings: Tactics,PSP,Strategy,Electronic Arts,Amaze Entertainment,6.9,0.13,0.11,,0.02,0.01,2005-11-08,
Destroy All Humans! Big Willy Unleashed,Wii,Action,THQ,Locomotive Games,5.3,0.13,0.12,,0.0,0.01,2008-02-25,
Ape Escape 3,PS2,Platform,Sony Computer Entertainment,SCE Japan Studio,7.8,0.13,0.06,,0.05,0.02,2006-01-17,2018-09-16
Castlevania Chronicles,PS,Platform,Konami,Konami Computer Entertainment Tokyo,7.2,0.13,0.07,,0.05,0.01,2001-10-08,
BlazBlue: Continuum Shift II,PSP,Fighting,Aksys Games,Arc System Works,7.5,0.13,0.03,0.07,0.02,0.01,2011-05-31,
Dynasty Warriors 5 Empires,X360,Action,KOEI,Omega Force,6.4,0.13,0.11,,0.01,0.01,2006-03-28,
Thor: God of Thunder,DS,Action,Sega,WayForward Technologies,6.4,0.13,0.08,,0.03,0.01,2011-05-03,
Classic NES Series: Dr. Mario,GBA,Puzzle,Nintendo,Nintendo EAD,6.1,0.13,,0.13,,,2004-10-25,
Supremacy MMA,PS3,Fighting,505 Games,Kung Fu Factory,5.0,0.13,0.08,,0.04,0.02,2011-09-20,
Zapper: One Wicked Cricket!,GC,Platform,Infogrames,Blitz Games,6.6,0.13,0.1,,0.03,0.0,2002-11-06,
Portal Runner,PS2,Platform,3DO,3DO,6.7,0.13,0.06,,0.05,0.02,2001-09-10,
Green Lantern: Rise of the Manhunters,X360,Action,Warner Bros. Interactive,Griptonite Games,6.0,0.13,0.07,,0.04,0.01,2011-06-07,
Rumble Roses XX,X360,Fighting,Konami,Yuke's Future Media Creators,6.5,0.13,0.07,0.04,0.01,0.01,2006-03-28,
FIFA World Cup Germany 2006,GC,Sports,EA Sports,EA Canada,7.7,0.13,0.1,,0.03,0.0,2006-04-24,
NHL 2K7,PS3,Sports,2K Sports,2K Sports,8.2,0.13,0.11,,0.0,0.01,2006-11-13,
Football Manager Classic 2014,PSV,Sports,Sega,Sports Interactive,5.8,0.12,,,0.1,0.03,2014-04-11,2018-03-21
Dance Paradise,X360,Misc,THQ,Smackdown Productions,7.0,0.12,0.1,,0.01,0.01,2011-02-15,
Mega Man X: Command Mission,GC,Role-Playing,Capcom,Capcom,7.2,0.12,0.1,,0.02,0.0,2004-09-21,
Makai Kingdom: Chronicles of the Sacred Tome,PS2,Role-Playing,NIS America,Nippon Ichi Software,7.9,0.12,0.06,,0.05,0.02,2005-07-26,
Echo Night,PS,Adventure,Agetec,From Software,6.3,0.12,0.03,0.07,0.02,0.01,1999-07-31,
Pryzm Chapter One: The Dark Unicorn,PS2,Adventure,TDK Mediactive,Digital Illusions,6.3,0.12,0.06,,0.05,0.02,2002-06-10,
Phantasy Star Universe,X360,Role-Playing,Sega,Sonic Team,6.6,0.12,0.09,,0.01,0.01,2006-10-25,
X2: Wolverine's Revenge,GC,Action,Activision,GenePool,6.0,0.12,0.09,,0.02,0.0,2003-04-14,
Tenchu: Shadow Assassins,PSP,Action,Ubisoft,From Software,7.5,0.12,0.03,0.05,0.03,0.01,2009-03-24,
Jaws: Ultimate Predator,3DS,Action,Majesco,n-Space,4.0,0.12,0.11,,,0.01,2011-12-01,
Castlevania: Curse of Darkness,XB,Action,Konami,Konami,7.2,0.12,0.09,,0.03,0.0,2005-11-01,
EA Replay,PSP,Action,Electronic Arts,Unknown,5.0,0.12,0.1,,0.0,0.02,2006-11-14,
Diner Dash: Sizzle & Serve,PSP,Puzzle,Eidos Interactive,Game Lab / Play First,5.9,0.12,0.11,,0.0,0.01,2007-05-22,
Rocket: Robot on Wheels,N64,Platform,Ubisoft,Sucker Punch,8.3,0.12,0.1,,0.02,0.0,1999-11-17,
Disney's Atlantis: The Lost Empire,GBA,Platform,THQ,3d6 Games,6.0,0.12,0.09,,0.03,0.0,2001-09-19,
"Snipperclips Plus: Cut It Out, Together!",NS,Puzzle,Nintendo,SFB Games,8.2,0.12,,0.1,0.02,0.0,2017-03-03,2018-03-31
PixelJunk Monsters Deluxe,PSP,Strategy,Sony Computer Entertainment,Q-Games,8.7,0.12,0.11,,,0.02,2010-04-27,
Lost in Shadow,Wii,Platform,Hudson Soft,Hudson Soft,6.7,0.12,0.09,0.01,0.0,0.01,2011-01-04,
Akuji the Heartless,PS,Platform,Eidos Interactive,Crystal Dynamics,6.7,0.12,0.07,,0.04,0.01,1998-12-31,
Psychonauts,XB,Platform,Majesco,Double Fine Productions,8.8,0.12,0.09,,0.03,0.0,2005-04-19,
Sonic Adventure 2,DC,Platform,Sega,Sonic Team,8.9,0.12,,0.12,,,2001-06-18,
Battles of Prince of Persia,DS,Strategy,Ubisoft,Ubisoft Montreal,5.6,0.12,0.1,,0.01,0.01,2005-12-06,
The Sky Crawlers: Innocent Aces,Wii,Simulation,Xseed Games,Project ACES,7.3,0.12,0.08,0.01,0.02,0.01,2010-01-12,
SimAnimals Africa,Wii,Simulation,Electronic Arts,The Sims Studio,5.5,0.12,0.1,,0.01,0.01,2009-10-27,
Red Faction II,XB,Shooter,THQ,Outrage Games,7.9,0.12,0.09,,0.03,0.0,2003-03-31,
Geometry Wars: Galaxies,Wii,Shooter,Sierra Entertainment,Kuju Entertainment,8.0,0.12,0.11,,0.0,0.01,2007-11-20,
NPPL Championship Paintball 2009,X360,Shooter,Activision,FUN Labs,4.9,0.12,0.1,,0.01,0.01,2008-11-18,
Colony Wars III: Red Sun,PS,Simulation,Midway Games,Psygnosis,8.1,0.12,0.07,,0.05,0.01,2000-06-02,
Eat Lead: The Return of Matt Hazard,X360,Shooter,D3 Publisher,Vicious Cycle,5.5,0.12,0.1,0.0,0.01,0.01,2009-02-26,
Classic NES Series: Xevious,GBA,Shooter,Nintendo,Nintendo,6.4,0.12,,0.12,,,2004-06-02,
Conduit 2,Wii,Shooter,Sega,High Voltage Software,6.3,0.12,0.07,,0.04,0.01,2011-04-19,
Galidor: Defenders of the Outer Dimension,GBA,Action,Electronic Arts,Tiertex Design Studios,5.9,0.12,0.09,,0.03,0.0,2002-10-29,
Call of Juarez: The Cartel,PC,Shooter,Ubisoft,Techland,4.5,0.12,0.05,,0.05,0.01,2011-09-13,
College Hoops 2K6,X360,Sports,2K Sports,Visual Concepts,6.5,0.12,0.11,,,0.01,2006-03-07,
Major League Baseball 2K6,PSP,Sports,2K Sports,Visual Concepts,7.4,0.12,0.11,,,0.01,2006-04-13,
Disney's Extreme Skate Adventure,GC,Sports,Activision,Toys for Bob,7.4,0.12,0.09,,0.02,0.0,2003-09-04,
Raiden IV,X360,Shooter,UFO Interactive,Moss,7.0,0.12,0.1,0.01,,0.01,2009-09-08,
Payday 2,NS,Shooter,505 Games,Overkill Software,5.0,0.12,0.08,,0.02,0.01,2018-02-27,2018-01-08
NBA 2K2,GC,Sports,Sega,Visual Concepts,8.8,0.12,0.09,,0.02,0.0,2002-03-20,
Academy of Champions: Soccer,Wii,Sports,Ubisoft,Ubisoft Vancouver,7.1,0.12,0.09,,0.02,0.01,2009-11-03,
Nintendo Pocket Football Club,3DS,Sports,Nintendo,ParityBit,7.0,0.12,,0.12,,,2012-07-12,2018-08-30
Zero Escape: Zero Time Dilemma,3DS,Adventure,Aksys Games,Chime,7.7,0.12,0.08,0.03,,0.01,2016-06-28,2018-07-03
Spider-Man: Edge of Time,3DS,Adventure,Activision,Beenox,5.5,0.12,0.08,,0.03,0.01,2011-10-04,
Cel Damage,XB,Racing,Electronic Arts,Pseudo Interactive,5.7,0.12,0.09,,0.03,0.0,2001-11-14,
MLB 14 The Show,PSV,Sports,Sony Computer Entertainment America,SCE San Diego Studio,7.1,0.12,0.09,,,0.03,2014-04-01,2018-03-16
Burning Road,PS,Racing,Playmates,Toka,6.0,0.12,0.07,,0.05,0.01,1996-11-12,
Jeremy McGrath Supercross World,GC,Racing,Acclaim Entertainment,Acclaim Entertainment,2.7,0.12,0.09,,0.02,0.0,2002-02-27,
Lunar: Dragon Song,DS,Role-Playing,Ubisoft,Game Arts / Japan Art Media (JAM),5.9,0.12,0.11,,0.0,0.01,2005-09-27,
Venetica,PS3,Role-Playing,Atari,DECK13 Interactive,5.0,0.12,0.07,,0.03,0.01,2011-01-11,2018-05-10
Alice: Madness Returns,PC,Adventure,Electronic Arts,Spicy Horse,6.7,0.12,,,0.1,0.01,2011-06-14,
FIFA Soccer,PSP,Sports,Electronic Arts,EA Canada,7.8,0.12,0.11,,,0.01,2005-04-25,
The Bible Game,GBA,Misc,Crave Entertainment,Crave Entertainment,3.5,0.12,0.09,,0.03,0.0,2005-10-30,
Bomberman Party Edition,PS,Puzzle,Vatical Entertainment,Metro,7.9,0.12,0.07,,0.05,0.01,2000-09-19,
Picross 3D Round 2,3DS,Puzzle,Nintendo,HAL Laboratory,8.6,0.12,,0.12,0.0,0.0,2016-09-01,2018-04-23
Ice Age: Dawn of the Dinosaurs,X360,Platform,Activision,Eurocom Entertainment Software,6.7,0.12,0.09,,0.03,0.01,2009-06-30,
Are You Smarter than a 5th Grader? Game Time,X360,Puzzle,THQ,THQ,4.0,0.12,0.12,,,0.01,2009-10-26,
Go! Sudoku,PSP,Puzzle,Ubisoft,Sumo Digital,6.8,0.12,0.11,,0.0,0.01,2006-03-21,
Undead Knights,PSP,Action,Tecmo,Team Tachyon,6.6,0.12,0.05,0.06,0.01,0.01,2009-09-29,
Power Gig: Rise of the SixString,X360,Misc,Unknown,Seven45 Studios,3.0,0.12,0.11,,,0.01,2010-10-19,
Rocket League,PC,Sports,Psyonix Studios,Psyonix Studios,9.2,0.12,0.03,,0.08,0.01,2015-07-07,2018-04-04
Dawn of Discovery,DS,Simulation,Ubisoft,Sunflowers Interactive,7.9,0.11,0.07,,0.03,0.01,2009-06-23,
Trauma Center: Under the Knife 2,DS,Simulation,Atlus,Atlus Co.,8.2,0.11,0.1,,,0.01,2008-07-02,
Overcooked Special Edition,NS,Simulation,Team 17,Ghost Town Games,8.4,0.11,0.08,,0.01,0.01,2018-02-13,2018-01-08
The BIGS,PSP,Sports,2K Sports,Blue Castle Games,7.6,0.11,0.1,,,0.01,2007-06-25,
FIFA World Cup Germany 2006,PSP,Sports,EA Sports,EA Canada,6.5,0.11,0.1,,,0.01,2006-05-22,
NBA 2K18,X360,Sports,2K Sports,Visual Concepts,7.0,0.11,0.09,,0.0,0.01,2017-09-19,2018-04-02
"Grand Theft Auto: Mission Pack #1, London 1969",PS,Adventure,Rockstar Games,DMA Design,6.7,0.11,0.06,,0.04,0.01,1999-04-30,
Rogue Warrior,X360,Shooter,Bethesda Softworks,Rebellion Developments,3.0,0.11,0.09,,0.01,0.01,2009-12-01,
Burnout Paradise Remastered,XOne,Racing,Electronic Arts,Stellar Entertainment,8.0,0.11,0.06,,0.04,0.01,2018-03-16,2018-02-24
BoomBots,PS,Fighting,SouthPeak Interactive,The Neverhood,4.5,0.11,0.06,,0.04,0.01,1999-12-02,
The King of Fighters XII,X360,Fighting,Ignition Entertainment,SNK Playmore Corporation,6.4,0.11,0.09,0.01,0.0,0.01,2009-07-28,
Starsky & Hutch,GC,Racing,BAM! Entertainment,Minds-Eye Productions,6.0,0.11,0.08,,0.02,0.0,2004-08-24,
NASCAR '14,PS3,Racing,Deep Silver,Eutechnyx,7.0,0.11,0.09,,,0.02,2014-02-18,2018-11-04
Prinny: Can I Really Be the Hero?,PSP,Platform,NIS America,Nippon Ichi Software,7.2,0.11,0.04,0.05,0.01,0.01,2009-02-17,
Namco Museum Arcade Pac,NS,Misc,Bandai Namco Entertainment,Bandai Namco,7.8,0.11,0.08,,0.02,0.01,2018-09-28,2019-02-11
Arcade Party Pak,PS,Misc,Midway Games,Digital Eclipse,7.6,0.11,0.06,,0.04,0.01,1999-09-30,
Pimp My Ride,X360,Racing,Activision,Eutechnyx,3.8,0.11,0.1,,0.01,0.01,2006-12-06,
BlazBlue: Continuum Shift II,3DS,Fighting,Aksys Games,Arc System Works,6.0,0.11,0.05,0.04,0.02,0.01,2011-05-31,
Sonic Generations,PC,Platform,Sega,Sega,8.3,0.11,0.02,,0.07,0.02,2011-11-03,
Mortal Kombat: Deception,GC,Fighting,Midway Games,Midway Games,7.2,0.11,0.09,,0.02,0.0,2005-03-01,
BlazBlue: Calamity Trigger Portable,PSP,Fighting,Aksys Games,Arc System Works,7.9,0.11,0.07,0.03,0.01,0.01,2010-03-09,
"Prinny 2: Dawn of Operation Panties, Dood!",PSP,Platform,NIS America,Nippon Ichi Software,6.3,0.11,0.06,0.03,,0.01,2011-01-11,
de Blob 2,DS,Platform,THQ,Blue Tongue,7.5,0.11,0.08,,0.02,0.01,2011-02-22,
Ty the Tasmanian Tiger 2: Bush Rescue,XB,Platform,Electronic Arts,Krome Studios,6.9,0.11,0.08,,0.02,0.0,2004-10-12,
Zubo,DS,Misc,Electronic Arts,EA Bright Light,7.5,0.11,0.08,,0.02,0.01,2009-03-10,
Pro Evolution Soccer 2014,PC,Sports,Konami Digital Entertainment,Konami,8.3,0.11,,,0.1,0.01,2013-09-20,2018-03-02
RiME,PS4,Adventure,Grey Box,Tequila Works,7.1,0.11,0.02,,0.07,0.02,2017-05-26,2018-04-08
Death Jr.: Root of Evil,Wii,Platform,Eidos Interactive,Backbone Entertainment,7.3,0.11,0.1,,0.0,0.01,2008-05-27,
Disney's Peter Pan: Return to Never Land,GBA,Platform,Disney Interactive Studios,Crawfish Interactive,4.0,0.11,0.08,,0.03,0.0,2002-02-22,
Open Season,X360,Platform,Ubisoft,Ubisoft Montreal,5.7,0.11,0.1,,0.0,0.01,2006-09-19,
The King of Fighters '99,PS,Fighting,Agetec,SNK Corporation,7.0,0.11,,0.11,,0.01,2001-04-22,
Classic NES Series: Bomberman,GBA,Puzzle,Nintendo,Hudson Soft,5.4,0.11,,0.11,,,2004-06-02,
Calling,Wii,Adventure,Hudson Soft,Hudson Soft,4.8,0.11,0.06,0.0,0.04,0.01,2010-03-09,
Dead Cells,NS,Action,Merge Games,Motion Twin,9.3,0.11,0.08,,0.02,0.01,2018-08-15,2018-08-06
Retro Game Challenge,DS,Action,Xseed Games,Bandai Namco Games,8.1,0.11,,0.11,,,2009-02-10,
Breakout,PS,Puzzle,Hasbro Interactive,Supersonic Software,4.9,0.11,0.06,,0.04,0.01,2000-09-22,
GT Advance 2: Rally Racing,GBA,Racing,THQ,MTO,7.6,0.11,0.08,,0.03,0.0,2002-06-30,
18 Wheeler: American Pro Trucker,GC,Racing,Acclaim Entertainment,Acclaim Studios Cheltenham,5.0,0.11,0.09,,0.02,0.0,2002-02-18,
Astro Boy: The Video Game,PS2,Action,D3 Publisher,High Voltage Software,5.0,0.11,0.05,,0.04,0.01,2009-10-20,
Green Lantern: Rise of the Manhunters,DS,Action,Warner Bros. Interactive,Griptonite Games,5.5,0.11,0.07,,0.03,0.01,2011-06-07,
Phantom Dust,XB,Action,Majesco,Microsoft Game Studios,8.2,0.11,0.08,,0.02,0.0,2005-03-15,2018-10-02
Tom Clancy's Splinter Cell Trilogy,PS3,Action,Ubisoft,Ubisoft,6.5,0.11,,,0.09,0.02,2011-09-27,
TMNT,PSP,Action,Ubisoft,Ubisoft Montreal,3.6,0.11,0.1,,0.0,0.01,2007-03-20,
Rengoku: The Tower of Purgatory,PSP,Action,Konami,Neverland,4.7,0.11,0.1,,0.0,0.01,2005-04-26,
Dynasty Warriors Advance,GBA,Action,Nintendo,Koei,5.2,0.11,0.08,,0.03,0.0,2005-08-29,
The Scorpion King: Rise of the Akkadian,GC,Action,Universal Interactive,Point of View,5.2,0.11,0.08,,0.02,0.0,2002-09-11,
Deus Ex: Human Revolution,WiiU,Shooter,Square Enix,Eidos Interactive,8.6,0.11,0.05,,0.05,0.01,2013-10-22,2018-03-16
Bionicle Heroes,GC,Shooter,Eidos Interactive,Traveller's Tales,5.4,0.11,0.08,,0.02,0.0,2006-11-14,
Dementium II,DS,Shooter,SouthPeak Interactive,Renegade Kid,7.5,0.11,0.09,,0.02,0.01,2010-05-04,
BloodRayne,GC,Shooter,Majesco,Terminal Reality,7.9,0.11,0.09,,0.02,0.0,2002-10-15,
Eragon,PSP,Action,Sierra Entertainment,Amaze Entertainment,6.2,0.11,0.1,,0.0,0.01,2006-11-14,
Batman & Robin,PS,Action,Acclaim Entertainment,Probe,5.4,0.11,0.06,,0.04,0.01,1998-07-31,
Spyborgs,Wii,Action,Capcom,Bionic Games,6.3,0.11,0.09,,0.01,0.01,2009-09-22,
Night at the Museum: Battle of the Smithsonian,X360,Action,Majesco,"Pipeworks Software, Inc.",5.4,0.11,0.07,,0.03,0.01,2009-05-05,
Pokémon Rumble World,3DS,Action,Nintendo,Ambrella,7.0,0.11,,0.09,0.02,0.0,2015-04-08,2018-08-03
Planet 51,X360,Action,Sega,Pyro Studios,5.7,0.11,0.07,,0.03,0.01,2009-11-17,
Army Men: RTS,PS2,Strategy,3DO,Pandemic Studios,6.1,0.11,0.05,,0.04,0.01,2002-03-27,
Wolfenstein II: The New Colossus,NS,Shooter,Bethesda Softworks,MachineGames,8.3,0.11,0.05,,0.05,0.01,2018-06-29,2018-07-28
Bodycount,X360,Shooter,Codemasters,Guildford Studio,4.8,0.11,0.07,,0.03,0.01,2011-08-30,
Bodycount,PS3,Shooter,Codemasters,Guildford Studio,4.9,0.11,0.05,,0.05,0.02,2011-08-30,
Contra Advance: The Alien Wars EX,GBA,Shooter,Konami,Konami,6.7,0.11,0.08,,0.03,0.0,2002-11-03,
Star Trek: Conquest,PS2,Strategy,Bethesda Softworks,Bethesda Softworks,6.3,0.11,0.06,,0.04,0.01,2007-11-20,
FIFA Soccer 06,PSP,Sports,EA Sports,EA Canada,7.6,0.11,0.1,,0.01,0.01,2005-10-11,
Beaterator,PSP,Misc,Rockstar Games,Rockstar Leeds,7.9,0.11,0.07,,0.02,0.02,2009-10-01,
Astro Boy: The Video Game,Wii,Action,D3 Publisher,High Voltage Software,5.3,0.11,0.1,,0.0,0.01,2009-10-20,
Fighting Force 64,N64,Action,Crave Entertainment,Core Design Ltd.,5.2,0.11,0.09,,0.02,0.0,1999-04-30,
Panzer Dragoon Saga,SAT,Role-Playing,Sega,Team Andromeda,9.1,0.11,,0.11,,,1998-04-30,
Ys VIII: Lacrimosa of Dana,NS,Role-Playing,NIS America,Nihon Falcom Corporation,8.5,0.11,0.03,0.03,0.03,0.01,2018-06-26,2018-01-11
Master of the Monster Lair,DS,Role-Playing,Atlus,Global A Entertainment,6.9,0.11,0.1,,0.0,0.01,2008-10-31,
Brave Story: New Traveler (US sales),PSP,Role-Playing,Xseed Games,Game Republic,7.5,0.11,0.11,,,,2007-07-31,
A Witch's Tale,DS,Role-Playing,NIS America,Hit Maker,5.0,0.11,0.08,0.03,,0.01,2009-10-06,
The Alliance Alive,3DS,Role-Playing,Atlus,Cattle Call,7.3,0.11,0.04,0.06,,0.01,2018-03-27,2019-03-16
Phantasy Star Collection,GBA,Role-Playing,THQ,Digital Eclipse,7.9,0.11,0.08,,0.03,0.0,2002-11-24,
Mana Khemia: Student Alliance,PSP,Role-Playing,Nippon Ichi Software,Gust,3.2,0.11,0.06,0.03,0.0,0.01,2009-03-10,
Darkspore,PC,Role-Playing,Electronic Arts,Maxis,6.6,0.11,0.07,,0.03,0.01,2011-04-26,
Odama,GC,Misc,Nintendo,VIVARIUM Inc.,6.5,0.11,0.07,0.02,0.02,0.0,2006-04-10,
Pinball Hall of Fame: The Williams Collection,PSP,Misc,Crave Entertainment,FarSight Studios,8.0,0.11,0.09,,0.01,0.01,2008-02-26,
"Sakura Wars: So Long, My Love",Wii,Role-Playing,NIS America,RED Entertainment,7.4,0.11,0.05,,0.04,0.01,2010-03-30,
Dark Souls: Remastered,XOne,Role-Playing,Bandai Namco Entertainment,From Software,8.0,0.11,0.07,,0.03,0.01,2018-05-25,2018-06-05
Tom Clancy's EndWar,PSP,Strategy,Ubisoft,Funatics Software,6.7,0.11,0.1,,0.01,0.01,2008-11-04,
Railroad Tycoon II,PS,Strategy,Take-Two Interactive,Take-Two Interactive,6.6,0.11,0.06,,0.04,0.01,2000-01-31,
Rome: Total War,PC,Strategy,Activision,The Creative Assembly,9.0,0.11,,,0.09,0.01,2004-09-22,
Carnage Heart,PS,Strategy,Sony Computer Entertainment,ArtDink,7.1,0.11,0.01,0.09,0.01,0.01,1997-01-31,
Ring of Red,PS2,Strategy,Konami,Konami,8.0,0.11,0.06,,0.04,0.01,2001-03-12,
Brunswick Circuit Pro Bowling 2,PS,Sports,THQ,Adrenalin Entertainment,7.0,0.11,0.06,,0.04,0.01,2000-01-31,
Cloudy With A Chance of Meatballs,Wii,Adventure,Ubisoft,Ubisoft Shanghai,6.7,0.11,0.1,,0.0,0.01,2009-09-15,
Shadow of Destiny,PSP,Adventure,Konami,Konami,6.8,0.11,0.09,0.0,,0.02,2010-01-26,
The Polar Express,GC,Adventure,THQ,Blue Tongue,3.3,0.11,0.08,,0.02,0.0,2004-11-02,
Gabrielle's Ghostly Groove 3D,3DS,Adventure,Natsume,Natsume,7.5,0.11,0.08,,0.02,0.01,2011-10-04,
Frogger: Helmet Chaos,PSP,Platform,Konami,Konami Computer Entertainment Hawaii,7.0,0.11,0.1,,0.0,0.01,2005-09-29,
Sakura Wars,DC,Adventure,Sega,Overworks,7.6,0.11,,0.11,,,2000-05-25,
Patapon 2,PSP,Platform,Sony Computer Entertainment,Pyramid/JAPAN Studio,8.2,0.11,,0.06,0.03,0.01,2009-05-05,
Avatar: The Last Airbender,PSP,Adventure,THQ,AWE Games,6.0,0.11,0.1,,0.0,0.01,2006-10-10,
JU-ON: The Grudge,Wii,Adventure,Xseed Games,FeelPlus,4.0,0.1,0.07,0.01,0.01,0.01,2009-10-13,
Disgaea Infinite,PSP,Adventure,NIS America,Nippon Ichi Software,6.8,0.1,0.08,0.01,,0.02,2010-06-08,
The Book of Unwritten Tales,PC,Adventure,DreamCatcher Interactive,KING Art Games,7.9,0.1,0.0,,0.08,0.02,2011-10-28,
Miami Law,DS,Adventure,Hudson Entertainment,Gaijinworks,5.5,0.1,0.09,,0.0,0.01,2009-06-09,
Agatha Christie: The ABC Murders,DS,Adventure,DreamCatcher Interactive,DreamCatcher Interactive,6.0,0.1,0.08,,0.01,0.01,2009-11-04,
Blue Stinger,DC,Adventure,Activision,Climax Entertainment,6.7,0.1,,0.1,,,1999-08-31,
The First Templar,X360,Adventure,Kalypso,Haemimont Games,7.0,0.1,0.06,,0.04,0.01,2011-05-10,
Cloudy With a Chance of Meatballs,PS3,Adventure,Ubisoft,Ubisoft Shanghai,6.7,0.1,0.09,,0.01,0.01,2009-09-15,
Blitz: The League II,X360,Sports,Midway Games,Midway Games,6.6,0.1,0.08,,0.01,0.01,2008-10-13,
Guitar Hero: Van Halen,PS2,Misc,Activision,Neversoft Entertainment,4.9,0.1,0.05,,0.04,0.01,2009-12-22,
Castlevania Double Pack,GBA,Platform,Konami,KCET,9.0,0.1,0.07,,0.03,0.0,2006-01-11,
Baten Kaitos Origins,GC,Role-Playing,Nintendo,tri-Crescendo / Monolith Soft,7.5,0.1,0.06,0.02,0.02,0.0,2006-09-25,
Phantom Brave: The Hermuda Triangle,PSP,Role-Playing,NIS America,Nippon Ichi Software,7.2,0.1,0.06,0.03,,0.01,2011-03-08,
Astro Boy: The Video Game,DS,Action,D3 Publisher,Art Corporation,4.4,0.1,0.09,,0.0,0.01,2009-10-20,
Tom Clancy's Splinter Cell: Chaos Theory,GC,Action,Ubisoft,Ubisoft Montreal,7.8,0.1,0.08,,0.02,0.0,2005-03-29,
The Godfather: Mob Wars,PSP,Action,Electronic Arts,Page 44,6.2,0.1,0.09,,0.0,0.01,2006-09-19,
Marvel Super Hero Squad: The Infinity Gauntlet,3DS,Action,THQ,THQ,4.8,0.1,0.07,,0.03,0.01,2011-10-11,
Vandal Hearts II,PS,Strategy,Konami,Konami,7.2,0.1,0.06,,0.04,0.01,1999-11-30,2018-04-10
World Series of Poker: Tournament of Champions 2007 Edition,PSP,Misc,Activision,Left Field Productions,6.4,0.1,0.1,,0.0,0.01,2006-09-21,
Harry Potter and the Deathly Hallows - Part 2,PC,Action,Electronic Arts,EA Bright Light,4.3,0.1,0.05,,0.04,0.01,2011-07-12,
X-Men: The Official Game,XB,Action,Activision,"Z-Axis, Ltd.",4.8,0.1,0.08,,0.02,0.0,2006-05-16,
Spider-Man: Web of Shadows,DS,Action,Activision,Griptonite Games,7.9,0.1,0.09,,0.0,0.01,2008-10-21,
Thor: God of Thunder,3DS,Action,Sega,WayForward Technologies,6.0,0.1,0.06,,0.03,0.01,2011-09-13,
X-Men: Destiny,Wii,Action,Activision,Silicon Knights,3.3,0.1,0.07,,0.02,0.01,2011-09-27,
Yu-Gi-Oh! 5D's Wheelie Breakers,Wii,Racing,Konami,Konami,7.5,0.1,0.09,,0.01,0.01,2009-05-19,
NASCAR,PSP,Racing,EA Sports,EA Tiburon,7.2,0.1,0.09,,,0.01,2006-09-06,
Classic NES Series: Excitebike,GBA,Racing,Nintendo,Nintendo,6.4,0.1,,0.1,,,2004-06-02,
Banjo-Pilot,GBA,Racing,THQ,Rare Ltd.,6.2,0.1,0.07,,0.03,0.0,2005-01-12,
Ridge Racer 2,PSP,Racing,Unknown,Namco Bandai Games,7.5,0.1,,0.07,0.03,0.01,2020-12-31,
The BIGS 2,PSP,Sports,2K Sports,Blue Castle Games,6.8,0.1,0.09,,,0.01,2009-07-07,
NBA Ballers: Rebound,PSP,Sports,Midway Games,Backbone Entertainment,7.3,0.1,0.09,,,0.01,2006-05-09,
Hunter: The Reckoning,GC,Action,Interplay,High Voltage Software,7.1,0.1,0.08,,0.02,0.0,2002-11-18,
The Lord of the Rings: Conquest,DS,Action,Electronic Arts,Artificial Mind and Movement,5.9,0.1,0.09,,0.01,0.01,2009-01-13,
Tom Clancy's Splinter Cell: Conviction,PC,Action,Ubisoft,Ubisoft Montreal,8.0,0.1,,,0.08,0.02,2010-04-27,
The Elder Scrolls Online: Summerset,PS4,MMO,Bethesda Softworks,ZeniMax Online Studios,7.5,0.1,0.08,,,0.02,2018-05-21,2018-09-15
NHL 2K6,X360,Sports,2K Sports,Kush Games,7.3,0.1,0.09,,0.0,0.01,2005-11-16,
College Hoops 2K6,XB,Sports,2K Sports,Visual Concepts,8.3,0.1,0.07,,0.02,0.0,2005-11-21,
Puzzle Chronicles,PSP,Puzzle,Konami,Infinite Interactive,6.5,0.1,0.08,,0.0,0.02,2010-02-02,
Harvest Moon: Frantic Farming,DS,Puzzle,Natsume,Natsume,7.0,0.1,0.08,,0.01,0.01,2009-08-25,
Gretzky NHL,PSP,Sports,Sony Computer Entertainment,989 Sports,6.0,0.1,0.1,,,0.01,2005-03-14,
Ice Age 2: The Meltdown,XB,Platform,Vivendi Games,Eurocom Entertainment Software,6.8,0.1,0.07,,0.02,0.0,2006-03-14,
Shantae and the Pirate's Curse,3DS,Platform,WayForward Technologies,WayForward Technologies,7.7,0.1,0.05,0.04,,0.01,2016-10-18,2018-01-31
Cubic Ninja,3DS,Platform,Ubisoft,AQ Interactive,5.5,0.1,0.05,,0.04,0.01,2011-06-14,
Lode Runner 3-D,N64,Action,Infogrames,Big Bang,7.0,0.1,0.08,,0.02,0.0,1999-01-01,
Marvel vs. Capcom: Clash of Super Heroes,DC,Fighting,Capcom,Capcom,8.5,0.1,,0.1,,,1999-10-07,
Disney's The Jungle Book,GBA,Platform,Ubisoft,Visual Impact,5.0,0.1,0.07,,0.03,0.0,2003-02-11,
Over the Hedge,XB,Platform,Activision,Edge of Reality,6.6,0.1,0.07,,0.02,0.0,2006-05-09,
Universal Studios Theme Parks Adventure,GC,Misc,Kemco,Kemco,5.1,0.1,0.08,,0.02,0.0,2001-12-18,
Surf's Up,X360,Sports,Ubisoft,Ubisoft Montreal,6.2,0.1,0.09,,0.0,0.01,2007-05-30,
Cartoon Network: Punch Time Explosion,3DS,Fighting,Crave Entertainment,Papaya Studios,5.6,0.1,0.07,,0.02,0.01,2011-06-02,
Dead or Alive 5 Plus,PSV,Fighting,Tecmo Koei,Team Ninja,8.0,0.1,,0.03,0.06,0.02,2013-03-19,2018-11-20
Dead or Alive 5 Last Round,XOne,Fighting,Tecmo Koei,Team Ninja,7.5,0.1,0.05,0.01,0.03,0.01,2015-02-17,2018-11-20
Dragon Ball: Evolution,PSP,Fighting,Namco Bandai,Dimps Corporation,3.4,0.1,0.09,,,0.01,2009-04-08,
The King of Fighters: Dream Match 1999,DC,Fighting,SNK,SNK Corporation,7.2,0.1,,0.1,,0.0,1999-09-30,
Heatseeker,Wii,Simulation,Codemasters,IR Gurus,5.5,0.1,0.08,,0.0,0.01,2007-05-01,
Steel Battalion,XB,Simulation,Capcom,"Capcom Production Studio 4 / Nude Maker Co., Ltd.",7.7,0.1,0.05,0.02,0.02,0.0,2002-11-21,
Disney's Chicken Little: Ace In Action,Wii,Shooter,Buena Vista,Avalanche Software,7.6,0.1,0.09,,0.0,0.01,2006-12-11,
Darkest of Days,X360,Shooter,Phantom EFX,8MonkeyLabs,4.6,0.1,0.09,,,0.01,2009-09-08,
MindJack,X360,Shooter,Square Enix,FeelPlus,4.5,0.1,0.07,,0.02,0.01,2011-01-18,
Ballistic: Ecks vs. Sever,GBA,Shooter,BAM! Entertainment,Crawfish Interactive,7.3,0.1,0.07,,0.03,0.0,2002-09-14,
"Blast Works: Build, Trade, Destroy",Wii,Shooter,Majesco,BudCat Creations,8.2,0.1,0.09,,0.0,0.01,2008-06-11,
Bullet Witch,X360,Shooter,Atari,Cavia Inc.,6.6,0.1,0.07,0.02,0.01,0.01,2007-02-27,
Stardew Valley,PS4,Simulation,505 Games,ConcernedApe,8.8,0.1,0.04,,0.04,0.02,2017-04-11,2019-02-11
Beach Spikers: Virtua Beach Volleyball,GC,Sports,Sega,Sega-AM2,7.1,0.1,0.08,,0.02,0.0,2002-08-12,
Blue Dragon: Awakened Shadow,DS,Role-Playing,D3 Publisher,Mistwalker Corporation / tri-Crescendo / Bird Studio,5.7,0.1,0.06,0.03,0.0,0.0,2010-05-18,
Shadow Tower,PS,Role-Playing,Agetec,From Software,5.7,0.1,0.01,0.07,0.01,0.01,1999-10-31,
The Legend of Heroes: Trails in the Sky,PSP,Role-Playing,Xseed Games,Nihon Falcom Corporation,8.1,0.1,0.06,0.03,0.0,,2011-03-29,
Ar tonelico: Melody of Elemia,PS2,Role-Playing,Nippon Ichi Software,Gust,7.0,0.1,,0.1,,,2007-02-06,
Aidyn Chronicles: The First Mage,N64,Role-Playing,THQ,H2O Interactive,6.0,0.1,0.08,,0.02,0.0,2001-03-14,
Riviera: The Promised Land,GBA,Role-Playing,Atlus,Sting,8.7,0.1,0.07,,0.03,0.0,2005-06-28,
Opoona,Wii,Role-Playing,KOEI,ArtePiazza,6.4,0.1,0.08,0.01,0.0,0.01,2008-03-25,
Dungeons & Dragons Tactics,PSP,Strategy,Atari,Kuju Entertainment,5.2,0.1,0.09,,0.0,0.01,2007-08-14,
Record of Agarest War Zero,X360,Strategy,Aksys Games,Compile Heart,6.5,0.1,0.09,,,0.01,2011-06-14,
"Warhammer 40,000: Dawn of War II - Chaos Rising",PC,Strategy,THQ,Relic,8.6,0.1,0.08,,0.01,0.01,2010-03-11,
Vexx,XB,Platform,Acclaim Entertainment,Acclaim Studios Austin,6.8,0.1,0.08,,0.02,0.0,2003-02-10,
Attack on Titan 2,XOne,Action,Koei Tecmo,Omega Force,7.0,0.09,0.08,,,0.01,2018-03-20,2018-03-30
Mystic Heroes,GC,Action,KOEI,Koei,6.8,0.09,0.03,0.04,0.01,0.0,2002-09-30,
Ty the Tasmanian Tiger 3: Night of the Quinkan,GC,Action,Activision,Krome Studios,6.2,0.09,0.07,,0.02,0.0,2005-10-12,
LEGO Star Wars II: The Original Trilogy,GBA,Action,LucasArts,Amaze Entertainment,6.0,0.09,0.06,,0.02,0.0,2006-09-12,
Obscure: The Aftermath,PSP,Adventure,Playlogic Game Factory,Hydravision Entertainment,6.5,0.09,0.05,,0.03,0.01,2009-09-29,
Rock Band 3,DS,Misc,MTV Games,Harmonix Music Systems,8.5,0.09,0.07,,0.01,0.01,2010-10-26,
Cloudy With a Chance of Meatballs,X360,Adventure,Ubisoft,Ubisoft Shanghai,6.7,0.09,0.07,,0.0,0.01,2009-09-15,
Data East Arcade Classics,Wii,Misc,Majesco,G1M2,5.0,0.09,0.08,,,0.01,2010-02-16,
LEGO Batman: The Videogame,PC,Adventure,Warner Bros. Interactive,Traveller's Tales,7.4,0.09,0.04,,0.03,0.01,2008-09-23,
Space Invaders Extreme,PSP,Shooter,Square Enix,"GULTI co.,ltd.",8.2,0.09,0.06,0.01,0.02,0.01,2008-06-17,
Alien Hominid,GC,Shooter,O3 Entertainment,The Behemoth,8.3,0.09,0.07,,0.02,0.0,2004-11-23,
Halo 2,PC,Shooter,Microsoft Game Studios,Hired Gun,6.9,0.09,0.01,,0.06,0.01,2007-05-31,
Ikaruga,GC,Shooter,Atari,"Treasure Co., Ltd.",8.0,0.09,0.07,,0.02,0.0,2003-04-15,
F.E.A.R. 2: Project Origin,PC,Shooter,Warner Bros. Interactive,Monolith Productions,8.2,0.09,0.04,,0.05,0.01,2009-02-10,
I-Ninja,GC,Platform,Namco,Argonaut Games,7.2,0.09,0.07,,0.02,0.0,2003-12-04,
Ultimate Mortal Kombat,DS,Fighting,Midway Games,Other Ocean Interactive,7.3,0.09,0.07,,0.01,0.01,2007-11-12,
Rocky,GC,Fighting,Ubisoft,Steel Monkeys,7.0,0.09,0.07,,0.02,0.0,2002-11-17,
Brain Age: Concentration Training,3DS,Education,Nintendo,Nintendo,7.5,0.09,0.08,,,0.01,2013-02-10,2019-01-15
Psychonauts,PS2,Platform,Majesco,Double Fine Productions,8.6,0.09,0.05,,0.04,0.01,2005-06-21,
Battle Fantasia,X360,Fighting,Aksys Games,Arc System Works,7.0,0.09,0.07,0.01,0.0,0.01,2008-09-16,
Astro Boy: Omega Factor,GBA,Action,Sega,Hitmaker,8.8,0.09,0.06,,0.02,0.0,2004-08-18,
Batman Beyond: Return of the Joker,N64,Action,Ubisoft,Kemco,2.0,0.09,0.07,,0.02,0.0,2000-12-13,
Jimmie Johnson's Anything With an Engine,X360,Racing,Konami,Isopod Labs,7.3,0.09,0.08,,,0.01,2011-11-01,
ChuChu Rocket!,GBA,Puzzle,Sega,Sonic Team,8.1,0.09,0.06,,0.02,0.0,2001-06-10,
Import Tuner Challenge (American sales),X360,Racing,Ubisoft,Genki,6.4,0.09,0.07,,0.01,0.01,2006-09-26,
Driver: Renegade,3DS,Racing,Ubisoft,Ubisoft,3.5,0.09,0.05,,0.04,0.01,2011-09-06,
GripShift,PSP,Racing,Sony Computer Entertainment,Sidhe Interactive,7.1,0.09,0.08,,0.0,0.01,2005-09-12,
echochrome,PSP,Puzzle,Sony Computer Entertainment,SCE Japan Studio,7.6,0.09,,0.08,0.01,0.0,2008-05-01,2018-09-17
Bomberman Max 2: Blue Advance,GBA,Puzzle,Majesco,Hudson Soft,7.3,0.09,0.07,,0.02,0.0,2002-05-30,
Mahjong Cub3D,3DS,Puzzle,Atlus,SunSoft,6.9,0.09,0.07,0.02,,0.01,2011-10-11,
Puchi Puchi Virus,DS,Puzzle,NIS America,Keys Factory,7.4,0.09,0.08,,,0.01,2009-05-20,
Ninja Gaiden Black,XB,Action,Tecmo,Team Ninja,9.5,0.09,0.07,,0.02,0.0,2005-09-20,
Bladestorm: The Hundred Years' War,X360,Action,KOEI,Omega Force,6.9,0.09,0.08,,0.01,0.01,2007-11-06,
Altered Beast: Guardian of the Realms,GBA,Action,THQ,3d6 Games,6.5,0.09,0.07,,0.02,0.0,2002-11-23,
Green Lantern: Rise of the Manhunters,Wii,Action,Warner Bros. Interactive,Griptonite Games,5.5,0.09,0.05,,0.03,0.01,2011-06-07,
Harvest Moon: Boy & Girl,PSP,Simulation,Natsume,Marvelous Interactive,6.1,0.09,0.08,,,0.01,2007-07-31,
Major League Baseball 2K7,PSP,Sports,2K Sports,Visual Concepts,6.3,0.09,0.08,,,0.01,2007-02-26,
Pro Evolution Soccer 2012,PC,Sports,Konami,Konami,7.0,0.09,,,0.07,0.02,2011-10-14,
Major League Baseball 2K9,PSP,Sports,2K Sports,Visual Concepts,6.0,0.09,0.08,0.0,,0.01,2009-03-23,
NBA 2K18,PS3,Sports,2K Sports,Visual Concepts,7.0,0.09,0.06,0.01,0.01,0.01,2017-09-19,2018-04-02
The Incredibles: Rise of the Underminer,XB,Action,THQ,Heavy Iron Studios,6.5,0.09,0.06,,0.02,0.0,2005-11-01,
Captain America: Super Soldier,3DS,Action,Sega,Sega,5.0,0.09,0.05,,0.03,0.01,2011-10-25,
Destroy All Humans! Path of the Furon,PS3,Action,Unknown,Sandblast Games,5.0,0.09,,,0.08,0.01,2020-12-31,
Hearts of Iron III,PC,Strategy,Paradox Interactive,Paradox Interactive,7.9,0.09,0.04,,0.04,0.01,2009-08-11,
Def Jam Fight For NY: The Takeover,PSP,Action,Electronic Arts,Aki Corp,8.0,0.09,0.08,,0.0,0.01,2006-08-29,
Killer7,PS2,Action,Capcom,Grasshopper Manufacture,6.5,0.09,0.04,0.0,0.03,0.01,2005-07-07,
50 Cent: Bulletproof,PSP,Action,Vivendi Games,High Voltage Software,5.5,0.09,0.08,,0.0,0.01,2006-08-29,
Shin Megami Tensei: Devil Summoner - Raidou Kuzunoha vs the Soulless Army,PS2,Role-Playing,Atlus,Atlus Co.,7.4,0.09,,0.09,,,2006-10-10,
Damnation,PS3,Shooter,Codemasters,Blue Omega Entertainment,3.6,0.09,0.07,,0.01,0.01,2009-05-26,
ShellShock 2: Blood Trails,X360,Shooter,Eidos Interactive,Rebellion Developments,3.2,0.09,0.05,,0.03,0.01,2009-02-24,
F.E.A.R. Files,X360,Shooter,Sierra Entertainment,TimeGate Studios/Day 1 Studios,6.9,0.09,0.07,,0.01,0.01,2007-11-06,
Codename Tenka,PS,Shooter,Sony Computer Entertainment,Psygnosis,7.0,0.09,0.05,,0.03,0.01,1997-05-31,
The Amazing Spider-Man (2012),WiiU,Action-Adventure,Activision,Beenox,6.0,0.09,0.05,,0.04,0.01,2013-03-05,2018-03-15
Dungeons,PC,Strategy,Kalypso,Kalypso Media,6.5,0.09,0.07,,0.02,0.01,2011-02-10,
Supreme Commander,X360,Strategy,Aspyr,Gas Powered Games,5.7,0.09,0.07,,0.01,0.01,2008-06-23,
Theme Hospital,PS,Strategy,Electronic Arts,Krisalis Software,7.2,0.09,0.03,0.03,0.02,0.01,1998-03-31,
MetropolisMania,PS2,Strategy,Natsume,Indi Software,6.8,0.09,0.04,,0.03,0.01,2002-10-03,
Wild ARMs: Alter Code F,PS2,Role-Playing,Agetec,Media.Vision,7.2,0.09,0.05,,0.04,0.01,2005-11-15,
Skies of Arcadia,DC,Role-Playing,Sega,Overworks,9.2,0.09,,0.09,,,2000-11-13,
Last Rebellion,PS3,Role-Playing,NIS America,Hit Maker,4.8,0.09,0.06,0.01,0.01,0.01,2010-02-23,
Dark Angel: Vampire Apocalypse,PS2,Role-Playing,Metro 3D,Metro3D,4.6,0.09,0.04,,0.03,0.01,2001-07-08,
Knights in the Nightmare,PSP,Role-Playing,Atlus,Sting,8.0,0.09,0.06,0.02,,0.01,2010-11-09,
Ys I & II Chronicles,PSP,Role-Playing,Xseed Games,Nihon Falcom Corporation,6.4,0.09,0.05,0.03,,0.01,2011-02-22,
Spectral Force 3,X360,Role-Playing,Atlus,XPEC Entertainment,5.9,0.09,0.08,,,0.01,2008-07-29,
Digimon World 4,GC,Role-Playing,Bandai,Bandai,5.2,0.09,0.07,,0.02,0.0,2005-06-01,
Arcania: Gothic 4,X360,Role-Playing,JoWood Productions,Spellbound Entertainment AG,6.2,0.09,0.04,0.01,0.04,0.01,2010-10-19,
Zoids Assault,X360,Strategy,Atlus,Atlus Co.,5.2,0.09,0.08,,,0.01,2008-09-09,
Henry Hatsworth in the Puzzling Adventure,DS,Puzzle,Electronic Arts,EA Tiburon,9.1,0.09,0.08,,0.0,0.01,2009-03-17,
The Legend of Heroes: A Tear of Vermillion,PSP,Role-Playing,Bandai,Microvision,6.9,0.09,0.08,,,0.01,2005-11-15,
Harvest Moon: Skytree Village,3DS,Simulation,Natsume,Natsume,5.0,0.09,0.06,,0.02,0.01,2016-11-08,
BIT.TRIP COMPLETE,Wii,Misc,Aksys Games,Gaijin Games Inc.,8.1,0.09,0.06,,0.02,0.01,2011-09-13,
Supremacy MMA,X360,Fighting,505 Games,Kung Fu Factory,5.0,0.08,0.05,,0.02,0.01,2011-09-20,
The King of Fighters EX2: Howling Blood,GBA,Fighting,Atlus,Marvelous Interactive,7.9,0.08,0.06,,0.02,0.0,2003-12-11,
Gundam Seed: Battle Assault,GBA,Fighting,Bandai,Bandai,6.5,0.08,0.06,,0.02,0.0,2004-08-10,
Armorines: Project S.W.A.R.M.,PS,Shooter,Acclaim Entertainment,Probe Entertainment,3.2,0.08,0.05,,0.03,0.01,2000-05-03,
Nano Assault,3DS,Shooter,Majesco,Shin'en Multimedia,6.0,0.08,0.08,,,0.01,2011-12-01,
ARK: Survival Evolved,NS,Action-Adventure,Studio Wildcard,Studio Wildcard,4.0,0.08,0.07,,,0.01,2018-11-30,2018-09-22
Darksiders II: Deathinitive Edition,XOne,Action-Adventure,Nordic Games,Gunfire Games,7.5,0.08,0.05,,0.03,0.01,2015-10-30,2018-10-02
Carol Vorderman's Sudoku,PSP,Puzzle,Eidos Interactive,Empire Interactive,7.4,0.08,0.06,,0.0,0.01,2007-03-06,
"Warhammer 40,000: Dawn of War II - Retribution",PC,Strategy,THQ,Relic Entertainment,7.9,0.08,,,0.06,0.02,2011-03-01,
Evolution Worlds,GC,Role-Playing,Ubisoft,Sting,6.5,0.08,0.06,,0.02,0.0,2002-12-02,
A-Train,PS,Strategy,Maxis,ArtDink,6.0,0.08,0.02,0.04,0.01,0.01,1996-01-01,
7 Wonders of the Ancient World,PSP,Puzzle,Mumbo Jumbo,Hot Lava Games,5.4,0.08,0.07,,,0.01,2007-04-23,
Soul Bubbles,DS,Puzzle,Eidos Interactive,Mekensleep,7.0,0.08,0.05,,0.02,0.01,2008-06-10,
Bomberman Jetters,GC,Puzzle,Majesco,Hudson Soft,7.2,0.08,0.06,,0.02,0.0,2004-03-10,
TimeSplitters: Future Perfect,GC,Shooter,Electronic Arts,Free Radical Design,8.4,0.08,0.06,,0.02,0.0,2005-03-21,
America's Army: True Soldiers,X360,Shooter,Ubisoft,Red Storm Entertainment,4.5,0.08,0.08,,,0.01,2007-11-15,
Earth Defense Force 2017,X360,Shooter,D3 Publisher,Sandlot,7.4,0.08,0.04,0.03,0.01,0.0,2007-03-20,
GoldenEye 007,DS,Shooter,Activision,n-Space,5.5,0.08,0.08,,0.0,,2010-11-02,
Infernal: Hell's Vengeance,X360,Shooter,Playlogic Game Factory,Metropolis Software,4.4,0.08,0.06,,0.01,0.01,2009-06-30,
Gradius Galaxies,GBA,Shooter,Konami,Mobile 21,7.8,0.08,0.06,,0.02,0.0,2001-11-12,
Conflict: Desert Storm,GC,Shooter,Gotham Games,Pivotal Games,6.3,0.08,0.06,,0.02,0.0,2003-04-22,
P.N.03 - Product Number Three,GC,Shooter,Capcom,Capcom Production Studio 4,6.3,0.08,0.06,,0.02,0.0,2003-09-09,
Bangai-O Spirits,DS,Shooter,D3 Publisher,"Treasure Co., Ltd.",8.4,0.08,0.07,,0.0,0.01,2008-08-12,
Tom Clancy's Splinter Cell: Pandora Tomorrow,GC,Action,Ubisoft,Ubisoft,6.7,0.08,0.06,,0.02,0.0,2004-07-20,
Knights Contract,X360,Action,Namco Bandai,Game Republic,5.0,0.08,0.05,,0.03,0.01,2011-02-22,
Knights in the Nightmare,DS,Role-Playing,Atlus,Sting,7.5,0.08,0.06,0.02,,0.0,2009-06-03,
Ephemeral Fantasia,PS2,Role-Playing,Konami,Konami,5.7,0.08,0.04,,0.03,0.01,2001-07-09,
Koudelka,PS,Role-Playing,SNK,Sacnoth,6.5,0.08,0.05,,0.03,0.01,1999-11-30,
Ogre Battle Series: Tactics Ogre,PS,Role-Playing,Atlus,Quest Corporation,7.9,0.08,0.04,,0.03,0.01,1998-05-01,
Shining Force: Resurrection of the Dark Dragon,GBA,Role-Playing,Atlus,Amusement Vision,7.8,0.08,0.06,,0.02,0.0,2004-06-08,
Shin Megami Tensei: Digital Devil Saga 2,PS2,Role-Playing,Atlus,Atlus Co.,8.1,0.08,0.04,,0.03,0.01,2005-10-03,
Resident Evil 3: Nemesis,GC,Action,Capcom,Capcom,5.7,0.08,0.06,,0.02,0.0,2003-01-15,
Batman: Dark Tomorrow,GC,Action,Kemco,"HotGen, Ltd.",2.3,0.08,0.06,,0.02,0.0,2003-03-25,
Tomb Raider: Legend,GC,Action,Eidos Interactive,Crystal Dynamics,7.9,0.08,0.06,,0.02,0.0,2006-11-14,
Fatal Frame III: The Tormented,PS2,Action,Tecmo,Tecmo,7.7,0.08,0.04,,0.03,0.01,2005-11-08,
Zero: Tsukihami no Kamen,Wii,Action,Unknown,Grasshopper Manufacture,7.5,0.08,,0.08,,,,
C.O.P.: The Recruit,DS,Action,Ubisoft,Ubisoft,5.7,0.08,0.05,,0.02,0.01,2009-11-03,
Tony Hawk's Pro Skater 3,N64,Sports,Activision,Edge of Reality,8.1,0.08,0.06,,0.02,0.0,2002-08-20,
Boxing Fever,GBA,Sports,Majesco,Digital Fiction,7.2,0.08,0.06,,0.02,0.0,2001-10-11,
New International Track & Field,DS,Sports,Konami,Sumo Digital,7.4,0.08,0.07,0.0,0.0,0.01,2008-07-22,
Stella Deus: The Gate of Eternity,PS2,Strategy,Atlus,Pinegrow,7.3,0.08,0.04,,0.03,0.01,2005-04-26,
Madden NFL 08,GC,Sports,EA Sports,EA Tiburon,7.6,0.08,0.06,,0.02,0.0,2007-08-14,
NHL 2K7,X360,Sports,2K Sports,2K Sports,8.0,0.08,0.07,,0.0,0.01,2006-09-12,
FIFA Soccer 2005,GBA,Sports,EA Sports,EA Canada,8.1,0.08,0.06,,0.02,0.0,2004-10-12,
FIFA 18,PC,Sports,EA Sports,EA Vancouver,8.0,0.08,,,0.08,0.0,2017-09-29,2018-04-02
Knights Contract,PS3,Action,Namco Bandai,Game Republic,5.8,0.08,0.04,,0.03,0.01,2011-02-22,
Blazing Angels: Squadrons of WWII,XB,Simulation,Ubisoft,Ubisoft Romania,7.0,0.08,0.06,,0.02,0.0,2006-03-23,
Alien Syndrome,PSP,Role-Playing,Sega,Totally Games,4.9,0.08,0.07,,0.0,0.01,2007-07-24,
Phantasy Star Online Episode III: C.A.R.D. Revolution,GC,Role-Playing,Sega,Sonic Team,7.4,0.08,0.06,,0.02,0.0,2004-03-02,
NBA 10 The Inside,PSP,Sports,Sony Computer Entertainment,SCEA San Diego Studios,6.5,0.08,0.07,,,0.01,2009-10-06,
Baroque,Wii,Role-Playing,Atlus,Sting,5.2,0.08,0.07,0.0,0.0,0.01,2008-04-08,
TrackMania DS,DS,Racing,Atlus,Firebrand Games,7.5,0.08,0.06,,0.01,0.01,2009-03-17,
GT Advance 3: Pro Concept Racing,GBA,Racing,THQ,MTO,7.7,0.08,0.05,,0.02,0.0,2002-04-26,
R: Racing Evolution,GC,Racing,Namco,Namco,6.1,0.08,0.06,,0.02,0.0,2003-12-09,
Wetrix,N64,Puzzle,Ocean,Zed Two Limited,8.6,0.08,0.06,,0.02,0.0,1998-06-12,
Iggy's Reckin' Balls,N64,Racing,Acclaim Entertainment,Iguana Entertainment,6.8,0.08,0.06,,0.02,0.0,1998-08-24,
Air Conflicts: Secret Wars,X360,Simulation,Kalypso,Games Farm,6.0,0.08,0.06,,0.02,0.01,2011-09-28,
Tomb Raider: Underworld,PC,Adventure,Eidos Interactive,Crystal Dynamics,8.0,0.08,,,0.07,0.01,2008-11-18,
Mario vs. Donkey Kong: Tipping Stars,3DS,Puzzle,Nintendo,Nintendo Software Technology Corporation,6.5,0.08,,0.08,,,2015-03-05,2019-01-15
Cloudy With a Chance of Meatballs,PSP,Adventure,Ubisoft,Ubisoft Shanghai,6.0,0.08,0.07,,0.0,0.01,2009-09-15,
Gray Matter,PC,Adventure,Viva Media,Wizarbox Studios,7.3,0.08,0.02,,0.05,0.01,2011-02-22,
Elebits: The Adventures of Kai and Zero,DS,Adventure,Konami,Konami,7.5,0.08,0.07,0.0,0.0,0.01,2009-01-06,
Godzilla Generations,DC,Action,Sega,General Entertainment,3.2,0.08,,0.08,,0.0,1998-11-27,
Hammerin' Hero,PSP,Action,Atlus,Irem Software Engineering,7.0,0.08,0.07,,,0.01,2009-04-07,
Samurai Warriors 2,X360,Action,KOEI,Omega Force,5.4,0.08,0.07,,0.01,0.01,2006-09-19,
Urban Reign,PS2,Action,Namco,Namco,7.5,0.08,0.04,,0.03,0.01,2005-09-13,
Exit,PSP,Puzzle,Ubisoft,Taito Corporation,7.9,0.08,0.07,,0.0,0.01,2006-02-14,
Frantix,PSP,Puzzle,Sony Online Entertainment,Killer Game,5.4,0.08,0.08,,0.0,0.01,2005-09-19,
Ice Age 2: The Meltdown,Wii,Platform,Vivendi Games,Eurocom Entertainment Software,6.5,0.08,0.06,,0.01,0.01,2006-12-06,
Taz Wanted,GC,Platform,Atari,Blitz Games,5.7,0.08,0.06,,0.02,0.0,2002-10-10,
Ultimate Ghosts 'n Goblins,PSP,Platform,Capcom,Capcom,7.3,0.08,0.07,,0.0,0.01,2006-08-29,
Super Street Fighter IV: Arcade Edition,PC,Fighting,Capcom,Capcom / Dimps Corporation,8.5,0.08,0.04,,0.02,0.01,2011-07-05,
Line Rider 2: Unbound,DS,Puzzle,"Genius Products, Inc.",InXile Entertainment,5.0,0.08,0.07,,0.0,0.01,2008-09-16,
Crush,PSP,Puzzle,Sega,Zoe Mode,8.5,0.08,0.07,,0.0,0.01,2007-05-29,
Ultimate Fighting Championship: Throwdown,GC,Fighting,Crave Entertainment,Opus Studio,6.7,0.08,0.06,,0.02,0.0,2002-07-29,
Samurai Shodown Sen,X360,Fighting,Xseed Games,K2 LLC,4.8,0.08,0.07,,0.01,0.01,2010-03-30,
Shonen Jump's One Piece: Pirates Carnival,GC,Misc,Namco Bandai,High Horse Entertainment,4.6,0.08,0.06,,0.02,0.0,2006-09-12,
Superman Returns,DS,Action,Electronic Arts,EA Tiburon,3.8,0.07,0.07,,0.0,0.01,2006-11-20,
Far Cry 5,PC,Action,Ubisoft,Ubisoft,6.3,0.07,,,0.07,0.0,2018-02-27,2018-07-19
The King of Fighters: Evolution,DC,Fighting,Agetec,SNK Corporation,7.6,0.07,,0.07,,0.0,2001-05-10,
Kengo: Legend of The 9,X360,Fighting,Majesco,Genki,4.8,0.07,0.06,,0.01,0.01,2007-09-11,
TMNT: Mutant Melee,GC,Fighting,Konami,Konami Computer Entertainment Hawaii,4.2,0.07,0.06,,0.01,0.0,2005-03-16,
Xbox Live Arcade Unplugged Volume 1,X360,Misc,Microsoft,Various,7.4,0.07,0.05,,0.01,0.01,2006-09-05,
Tank! Tank! Tank!,WiiU,Misc,Namco Bandai Games,Namco Bandai Games,4.7,0.07,0.02,0.05,0.01,0.0,2012-11-18,2018-01-18
You Don't Know Jack,DS,Misc,THQ,"Jellyvision, Inc.",6.0,0.07,0.07,,,0.01,2011-02-08,
Disaster: Day of Crisis,Wii,Action,Nintendo,Monolith Soft,6.4,0.07,,0.04,0.03,0.0,2008-10-24,
Blast Radius,PS,Action,Psygnosis,Pitbull Syndicate,6.6,0.07,0.04,,0.03,0.0,1999-02-24,
Centipede / Breakout / Warlords,GBA,Misc,"Destination Software, Inc",Epicenter Interactive,5.6,0.07,0.05,,0.02,0.0,2005-08-21,
Disney's Party,GBA,Misc,Hudson Entertainment,Jupiter Corporation,4.0,0.07,0.05,,0.02,0.0,2003-09-16,
Haunting Ground,PS2,Action,Capcom,Capcom Production Studio 1,6.6,0.07,0.03,,0.03,0.01,2005-05-10,
Ride 3,PS4,Racing,Bandai Namco Entertainment,Milestone S.r.l.,7.3,0.07,0.03,,0.03,0.01,2018-11-30,2019-03-21
Smashing Drive,GC,Racing,Namco,Point of View,4.7,0.07,0.06,,0.01,0.0,2002-02-18,
WRC 2: FIA World Rally Championship,X360,Racing,Ubisoft,Milestone S.r.l,5.8,0.07,,,0.06,0.01,2011-10-14,
Need for Speed: Most Wanted (2012),PC,Racing,Electronic Arts,Criterion Games,8.5,0.07,,,0.06,0.01,2012-10-30,2018-12-19
Crazy Taxi 2,DC,Racing,Sega,Hitmaker,8.3,0.07,,0.07,,,2001-05-28,
WipEout HD Fury,PS3,Racing,Sony Computer Entertainment,Studio Liverpool,9.1,0.07,,,0.06,0.01,2009-10-14,
Gunstar Super Heroes,GBA,Shooter,Sega,"Treasure Co., Ltd.",8.0,0.07,0.05,,0.02,0.0,2005-10-25,
C: The Contra Adventure,PS,Shooter,Konami,Appaloosa Interactive,4.2,0.07,0.04,,0.02,0.0,1998-09-01,
Aero Gauge,N64,Racing,ASCII Entertainment,Locomotive Games,4.5,0.07,0.06,,0.01,0.0,1998-05-21,
Circuit Breakers,PS,Racing,Mindscape,Supersonic Software,5.9,0.07,0.04,,0.03,0.0,1998-09-02,
Burnout Paradise: The Ultimate Box,PS3,Racing,Electronic Arts,Criterion Games,9.0,0.07,,0.01,0.05,0.01,2009-02-06,
Rayman Arena,XB,Racing,Ubisoft,Ubisoft,5.0,0.07,0.05,,0.01,0.0,2002-09-24,
Dream Trigger 3D,3DS,Shooter,D3 Publisher,Art Corporation,5.7,0.07,0.04,,0.02,0.01,2011-05-10,
Tom Clancy's Ghost Recon 2,GC,Shooter,Ubisoft,Red Storm Entertainment,5.7,0.07,0.06,,0.01,0.0,2005-03-15,
Operation Flashpoint: Dragon Rising,PC,Shooter,Codemasters,Codemasters,7.6,0.07,0.03,,0.03,0.01,2009-10-06,
Damnation,X360,Shooter,Codemasters,Blue Omega Entertainment,3.1,0.07,0.06,,0.01,0.01,2009-05-26,
Operation Flashpoint: Red River,PC,Shooter,Codemasters,Codemasters,7.0,0.07,0.01,,0.04,0.01,2011-06-07,
Spartan: Total Warrior,GC,Action,Sega,The Creative Assembly,7.1,0.07,0.05,,0.01,0.0,2005-10-27,
Bionicle Heroes,X360,Shooter,Eidos Interactive,Traveller's Tales,6.1,0.07,0.05,,0.01,0.01,2006-11-15,
Football Manager 2010,PC,Sports,Sega,Sports Interactive,8.7,0.07,,,0.06,0.01,2009-11-03,
All-Star Baseball 2004,GBA,Sports,Acclaim Entertainment,Acclaim Entertainment,7.4,0.07,0.05,,0.02,0.0,2003-02-23,
Alexi Lalas International Soccer,PS,Sports,Take-Two Interactive,Z-Axis,4.4,0.07,0.04,,0.03,0.0,1999-04-30,
Firefighter F.D.18,PS2,Action,Konami,Konami Computer Entertainment Tokyo,5.9,0.07,0.03,,0.03,0.01,2004-03-09,
Zombi,PS4,Action,Ubisoft,Ubisoft Montpellier,7.5,0.07,,0.01,0.04,0.01,2015-08-18,2018-01-17
Frogger Advance: The Great Quest,GBA,Action,Konami,KCEA,5.5,0.07,0.05,,0.02,0.0,2002-05-26,
Catwoman,GC,Action,Electronic Arts,Argonaut Games,5.3,0.07,0.05,,0.01,0.0,2004-07-20,
Rogue Trooper: Quartz Zone Massacre,Wii,Shooter,Graffiti,Rebellion Developments,8.0,0.07,0.06,,0.0,0.01,2009-11-24,
Rayman 3: Hoodlum Havoc,XB,Platform,Ubisoft,Ubisoft,7.3,0.07,0.06,,0.02,0.0,2003-03-18,
Taz Wanted,XB,Platform,Atari,Blitz Games,5.8,0.07,0.05,,0.02,0.0,2002-09-18,
Open Season,PSP,Platform,Ubisoft,Ubisoft Montreal,6.7,0.07,0.07,,0.0,0.01,2006-09-19,
I-Ninja,XB,Platform,Namco,Argonaut Games,7.8,0.07,0.05,,0.02,0.0,2003-12-04,
Spot Goes to Hollywood,PS,Platform,Virgin Interactive,Eurocom Entertainment Software,4.4,0.07,0.04,,0.03,0.0,1996-11-30,
Anubis II,Wii,Platform,UFO Interactive,Data Design Interactive,1.5,0.07,0.06,,0.0,0.01,2007-09-18,
Dino Master: Dig Discover Duel,DS,Strategy,Majesco,Creative Office,2.5,0.07,0.06,,0.0,0.0,2006-05-25,
Disney Sports Skateboarding,GBA,Sports,Konami,Konami,3.6,0.07,0.05,,0.02,0.0,2002-11-15,
Culdcept Revolt,3DS,Strategy,NIS America,OmiyaSoft,7.3,0.07,,0.07,,,2017-10-03,2018-04-02
Gladius,GC,Strategy,LucasArts,LucasArts,8.3,0.07,0.06,,0.01,0.0,2003-11-03,
Poi,NS,Platform,Polykid,Polykid,5.0,0.07,0.05,,0.01,0.01,2017-02-01,2019-02-15
Wallace & Gromit in Project Zoo,GC,Platform,BAM! Entertainment,Frontier Developments,6.6,0.07,0.05,,0.01,0.0,2003-10-14,
Rayman 3: Hoodlum Havoc,GC,Platform,Ubisoft,Ubisoft,7.4,0.07,0.05,,0.01,0.0,2003-03-02,
Disney's Donald Duck Advance,GBA,Platform,Ubisoft,Ubisoft,6.5,0.07,0.05,,0.02,0.0,2001-11-15,
Open Season,Wii,Platform,Ubisoft,Ubisoft Montreal,5.0,0.07,0.06,,0.0,0.01,2006-11-30,
Sushi Striker: The Way of Sushido,NS,Puzzle,Nintendo,Indies Zero,7.9,0.07,0.02,0.03,0.01,0.0,2018-06-08,2020-07-23
Cooking Mama: Sweet Shop,3DS,Simulation,Rising Star Games,Office Create,6.0,0.07,0.03,0.04,,0.0,2017-05-16,2018-01-16
FIFA Soccer 2004,GC,Sports,EA Sports,EA Canada,8.2,0.07,0.05,,0.01,0.0,2003-11-04,
Dave Mirra BMX Challenge,PSP,Sports,Crave Entertainment,Left Field Productions,3.5,0.07,0.06,,0.0,0.01,2006-11-02,
Buster Bros. Collection,PS,Puzzle,Capcom,Mitchell,6.9,0.07,0.04,,0.03,0.0,1997-04-18,
Bomberman Max 2: Red Advance,GBA,Puzzle,Majesco,Hudson Soft,7.5,0.07,0.05,,0.02,0.0,2002-05-30,
The Rub Rabbits!,DS,Puzzle,Sega,Sonic Team,7.3,0.07,0.03,0.04,0.0,0.0,2006-02-13,
Risen 3: Titan Lords Enhanced Edition,PS4,Role-Playing,Deep Silver,Piranha Bytes,1.0,0.07,,,0.06,0.01,2015-08-21,2018-01-03
Ghost in the Shell: Stand Alone Complex,PSP,Role-Playing,Bandai,G-Artists,5.7,0.07,0.06,,,0.01,2005-10-26,
Fable: The Lost Chapters,PC,Role-Playing,Microsoft Game Studios,Lionhead Studios,8.3,0.07,0.01,,0.05,0.01,2005-09-20,
Dragon Valor,PS,Role-Playing,Namco,Namco,6.1,0.07,0.04,,0.03,0.0,2000-10-16,
Dragoneer's Aria,PSP,Role-Playing,NIS America,Hit Maker,5.2,0.07,0.02,0.05,0.0,0.0,2007-08-21,
RPG Maker: Fes,3DS,Role-Playing,NIS America,Kadokawa Games,7.0,0.07,0.03,0.02,0.0,0.0,2017-06-27,2018-04-22
Batman: Rise of Sin Tzu,GBA,Action,Ubisoft,Ubisoft Montreal,5.5,0.07,0.05,,0.02,0.0,2003-10-27,
Alex Rider: Stormbreaker,DS,Action,THQ,Altron,4.0,0.07,0.06,,0.0,0.0,2006-10-02,
Divinity II: Ego Draconis,PC,Role-Playing,CDV Software Entertainment,Larian Studios,6.8,0.07,0.01,,0.05,0.01,2010-01-05,
Torchlight,PC,Role-Playing,Perfect World Entertainment,Runic Games,8.4,0.07,,,0.06,0.01,2009-10-27,
Full Spectrum Warrior: Ten Hammers,PS2,Strategy,THQ,Pandemic Studios,5.5,0.07,0.03,,0.02,0.01,2006-03-28,
Vanguard Bandits,PS,Strategy,Working Designs,S-Neo,6.4,0.07,0.04,,0.03,0.0,2000-04-29,
Battlezone: Rise of the Black Dogs,N64,Strategy,Crave Entertainment,Climax Group,7.3,0.07,0.06,,0.01,0.0,2000-03-30,
Army Men: RTS,GC,Strategy,Global Star Software,Pandemic Studios,6.9,0.07,0.05,,0.01,0.0,2004-11-02,
Worms 3D,GC,Strategy,Acclaim Entertainment,Team17 Software,7.5,0.07,0.05,,0.01,0.0,2004-03-11,
MotorStorm RC,PSV,Racing,Sony Computer Entertainment,Evolution Studios,8.1,0.07,,,0.05,0.01,2012-03-06,2019-07-17
"Flower, Sun, and Rain",DS,Adventure,Marvelous Interactive,High Horse Entertainment,5.7,0.07,0.06,,0.0,0.01,2009-06-15,
Obscure,PS2,Adventure,DreamCatcher Interactive,Hydravision Entertainment,6.8,0.07,0.03,,0.03,0.01,2005-04-06,
Classic NES Series: Metroid,GBA,Adventure,Nintendo,Nintendo R&D1,5.2,0.07,,0.07,,,2004-10-25,
Shadowgate 64: Trials of the Four Towers,N64,Adventure,Kemco,Infinite Ventures,5.4,0.07,0.06,,0.01,0.0,1999-05-31,
Again,DS,Adventure,KOEI,Cing,6.0,0.07,0.07,0.0,,0.01,2010-03-30,
Second Sight,XB,Adventure,Codemasters,Free Radical Design,7.8,0.07,0.05,,0.02,0.0,2004-09-21,
Tomb Raider: Legend,DS,Adventure,Eidos Interactive,Crystal Dynamics,6.5,0.07,0.04,,0.02,0.01,2006-11-14,
BlazBlue: Cross Tag Battle,NS,Fighting,Arc System Works,Arc System Works,8.0,0.07,0.04,0.01,0.01,0.01,2018-06-05,2018-06-06
Ultimate Marvel vs. Capcom 3,X360,Fighting,Capcom,Capcom,8.3,0.07,,0.04,0.03,0.0,2011-11-15,
Boxing,PS,Fighting,Agetec,A1 Games,5.9,0.07,0.04,,0.03,0.0,2001-05-14,
Midway Arcade Treasures 3,GC,Misc,Midway Games,Digital Eclipse,6.1,0.07,0.05,,0.01,0.0,2005-10-26,
Create,PC,Misc,Electronic Arts,EA Bright Light,6.0,0.06,0.04,,0.01,0.0,2010-11-16,
Rooms: The Main Building,Wii,Adventure,Hudson Soft,Hudson Soft,7.0,0.06,0.05,,,0.0,2010-03-23,
Broken Sword II: The Smoking Mirror,PS,Adventure,Crave Entertainment,Revolution Software,7.3,0.06,0.03,,0.02,0.0,1999-11-14,
Amazing Island,GC,Strategy,Sega,Hitmaker,7.1,0.06,0.04,,0.01,0.0,2004-08-25,
PenPen TriIceLon,DC,Racing,Infogrames,Team Land Ho!,5.8,0.06,,0.06,,0.0,1999-09-09,
Cartoon Network: Battle Crashers,PS4,Action,GameMill Entertainment,Magic Pockets,1.5,0.06,0.05,,,0.01,2016-11-08,2020-09-25
Tom Clancy's Splinter Cell: Double Agent,GC,Action,Ubisoft,Ubisoft Montreal,5.6,0.06,0.04,,0.01,0.0,2006-10-26,
3D Lemmings,PS,Puzzle,Psygnosis,Clockwork Games,7.0,0.06,0.03,,0.02,0.0,1995-11-01,
Ivy the Kiwi?,Wii,Puzzle,Xseed Games,PROPE,7.5,0.06,0.04,,0.02,0.0,2010-08-24,
One Piece: Pirate Warriors 3 - Deluxe Edition,NS,Action,Bandai Namco Entertainment,Omega Force,8.5,0.06,,0.05,0.01,0.0,2018-05-11,2019-02-20
Viewtiful Joe: Red Hot Rumble,GC,Action,Capcom,Clover Studio,6.2,0.06,0.04,,0.01,0.0,2005-11-08,
Men of War: Assault Squad,PC,Strategy,1C Company,Digitalmindsoft,8.0,0.06,0.01,,0.04,0.01,2011-02-25,2019-03-29
BattleBots: Beyond the BattleBox,GBA,Action,Majesco,Cave Barn Studios,5.8,0.06,0.04,,0.01,0.0,2002-12-10,
MotoGP 10/11,X360,Racing,Capcom,Monumental Games,6.0,0.06,,,0.05,0.01,2011-03-15,
Cities XL 2012,PC,Strategy,Focus Home Interactive,Monte Cristo Multimedia,6.0,0.06,0.01,,0.05,0.01,2011-10-20,
Neon Genesis Evangelion,N64,Action,Bandai,Bandai,5.6,0.06,,0.06,,0.0,1999-06-25,
The Saboteur,PC,Action,Electronic Arts,Pandemic Studios,7.1,0.06,,,0.05,0.01,2009-12-08,
Brave: A Warrior's Tale,Wii,Action,SouthPeak Interactive,Collision Studios,4.7,0.06,0.05,,0.0,0.0,2009-08-04,
Vampire Rain: Altered Species,PS3,Action,Ignition Entertainment,Artoon,3.5,0.06,0.05,0.0,0.0,0.01,2008-09-02,
Resident Evil - Code: Veronica X,GC,Action,Capcom,Capcom,5.6,0.06,0.05,,0.01,0.0,2003-12-03,
Disney's Magical Quest 2 Starring Mickey and Minnie,GBA,Action,Capcom,Capcom,5.6,0.06,0.05,,0.02,0.0,2003-11-12,
Brave: A Warrior's Tale,X360,Action,SouthPeak Interactive,Collision Studios,4.4,0.06,0.05,,0.01,0.0,2009-08-04,
Fatal Frame,XB,Action,Tecmo,Tecmo,7.9,0.06,0.04,,0.01,0.0,2002-11-22,
X-Men: Destiny,DS,Action,Activision,Other Ocean Interactive,2.0,0.06,0.05,,0.01,0.0,2011-09-27,
Atelier Iris 2: The Azoth Of Destiny,PS2,Role-Playing,NIS America,Gust,6.8,0.06,0.03,,0.02,0.01,2006-04-25,
From The Abyss,DS,Role-Playing,Aksys Games,Sonic Powered,7.3,0.06,0.06,,,0.0,2008-08-26,
Lord of Magna: Maiden Heaven,3DS,Role-Playing,Xseed Games,Marvelous,7.0,0.06,,0.06,,,2015-06-02,2019-01-03
Cartoon Network: Battle Crashers,3DS,Action,GameMill Entertainment,Magic Pockets,3.5,0.06,0.04,,0.01,0.01,2016-11-08,2020-09-25
Alien Syndrome,Wii,Role-Playing,Sega,Totally Games,5.2,0.06,0.05,,0.0,0.0,2007-07-24,
Crimson Gem Saga,PSP,Role-Playing,Atlus,"IronNos Co., Ltd.",7.3,0.06,0.06,,,0.0,2009-05-26,
IL-2 Sturmovik: Birds of Prey,DS,Simulation,505 Games,Gaijin Entertainment,5.0,0.06,0.06,,0.0,0.0,2009-09-08,
Desert Strike Advance,GBA,Simulation,Electronic Arts,BudCat Creations,6.8,0.06,0.05,,0.02,0.0,2002-05-08,
Kabuki Warriors,XB,Action,Crave Entertainment,Light Weight,1.0,0.06,0.05,,0.01,0.0,2001-11-19,
Lost Kingdoms II,GC,Role-Playing,Activision,From Software,6.6,0.06,0.04,,0.01,0.0,2003-05-21,
Izuna 2: The Unemployed Ninja Returns,DS,Role-Playing,Atlus,Ninja Studio,6.9,0.06,0.05,,,0.0,2008-07-22,
Generation of Chaos,PSP,Role-Playing,NIS America,Neverland,5.9,0.06,0.05,,0.0,0.0,2006-02-28,
RPG Maker 3,PS2,Role-Playing,Agetec,Runtime,7.0,0.06,0.03,,0.02,0.01,2005-09-21,
Disgaea 1 Complete,NS,Role-Playing,NIS America,Nippon Ichi Software,8.0,0.06,0.03,0.01,0.01,0.0,2018-10-09,2019-02-19
Octomania,Wii,Puzzle,Conspiracy Entertainment,Compile Heart,6.7,0.06,0.06,,0.0,0.0,2008-03-31,
Bubble Bobble: Old & New,GBA,Puzzle,Empire Interactive,Taito Corporation,5.5,0.06,0.04,,0.02,0.0,2004-09-28,
Mana Khemia: Alchemists of Al-Revis,PS2,Role-Playing,NIS America,Gust,6.6,0.06,0.03,,0.02,0.01,2008-04-01,
Sudoku Ball Detective,DS,Puzzle,Playlogic Game Factory,WhiteBear Studios,5.0,0.06,0.06,,0.0,0.0,2009-09-22,
Dance Dance Revolution: Mario Mix (JP sales),GC,Simulation,Nintendo,Konami,7.5,0.06,,0.05,,0.0,2005-10-24,
Zoo Tycoon 2,PC,Strategy,Microsoft Game Studios,Blue Fang Games,7.2,0.06,,,0.05,0.01,2004-11-11,
Age of Mythology: The Titans,PC,Strategy,Microsoft Game Studios,Ensemble Studios,8.2,0.06,0.03,,0.02,0.01,2003-09-30,
Age of Empires Online,PC,Strategy,Microsoft Game Studios,Microsoft Game Studios,7.0,0.06,0.01,,0.04,0.01,2011-08-16,
Vexx,GC,Platform,Acclaim Entertainment,Acclaim Studios Austin,6.4,0.06,0.05,,0.01,0.0,2003-02-10,
Monster Tale,DS,Platform,Majesco,DreamRift,7.7,0.06,0.06,,,0.0,2011-03-22,
Kelly Slater's Pro Surfer,GC,Sports,Activision,Treyarch,8.0,0.06,0.05,,0.01,0.0,2002-09-16,
Aggressive Inline,XB,Sports,Acclaim Entertainment,"Z-Axis, Ltd.",9.0,0.06,0.05,,0.01,0.0,2002-07-29,
Call of Duty 2,PC,Shooter,Activision,Infinity Ward,7.0,0.06,0.0,,0.05,0.01,2005-10-25,
James Bond 007: Blood Stone,DS,Action,Activision,n-Space,7.0,0.06,0.05,,0.01,0.0,2010-11-02,
Rayman: Hoodlum's Revenge,GBA,Platform,Ubisoft,Ubisoft,6.2,0.06,0.05,,0.02,0.0,2005-03-15,
LEGO Bionicle,GBA,Platform,LEGO Media,Saffire Corporation,6.4,0.06,0.04,,0.02,0.0,2001-10-03,
Blood Bowl,PC,Sports,SouthPeak Interactive,Cyanide Studio,6.5,0.06,0.04,,0.02,0.01,2010-01-26,
Need for Speed: Shift,PC,Racing,Electronic Arts,Slightly Mad Studios,8.3,0.06,,,0.05,0.01,2009-09-15,
Wreckless: ThE YaKuza MisSiOns,GC,Racing,Activision,Stealth Studios,6.4,0.06,0.04,,0.01,0.0,2002-11-13,
Championship Surfer,PS,Sports,Mattel Interactive,Krome Studios,7.2,0.06,0.03,,0.02,0.0,2000-12-04,
Disney Sports Skateboarding,GC,Sports,Konami,KCEO,2.6,0.06,0.05,,0.01,0.0,2002-11-17,
Cel Damage,GC,Racing,Electronic Arts,Pseudo Interactive,6.0,0.06,0.05,,0.01,0.0,2002-01-07,
Hot Wheels: Burnin' Rubber,GBA,Racing,THQ,Altron,8.0,0.06,0.05,,0.02,0.0,2001-11-21,
FIFA 07 Soccer,DS,Sports,EA Sports,EA Canada,7.5,0.06,0.05,,0.01,0.0,2006-10-03,
Pro Evolution Soccer 2011,PC,Sports,Konami,Konami,6.0,0.06,,,0.05,0.01,2010-10-05,
NBA Live 07,XB,Sports,EA Sports,EA Canada,6.4,0.06,0.04,,0.01,0.0,2006-09-25,
Aggressive Inline,GC,Sports,Acclaim Entertainment,"Z-Axis, Ltd.",8.9,0.06,0.04,,0.01,0.0,2002-07-31,
Unreal Tournament III,PC,Shooter,Midway Games,Epic Games,8.4,0.06,,,0.05,0.01,2007-11-19,
Bionicle Heroes,DS,Shooter,Eidos Interactive,Amaze Entertainment,7.8,0.06,0.06,,0.0,0.0,2006-11-14,
Disney's Chicken Little: Ace In Action,DS,Shooter,Buena Vista,Avalanche Software,6.0,0.06,0.06,,0.0,0.0,2006-11-09,
Blur,PC,Racing,Activision,Bizarre Creations,8.1,0.06,0.01,,0.04,0.01,2010-05-25,
Big Bang Mini,DS,Shooter,SouthPeak Interactive,Arkedo Studio,8.0,0.06,0.05,,0.0,0.0,2009-01-21,
Spy Games: Elevator Mission,Wii,Shooter,Tommo,Tommo,2.0,0.06,0.06,,,0.0,2007-11-16,
Tom Clancy's Rainbow Six 3,GC,Shooter,Ubisoft,Ubisoft Montreal / Red Storm Entertainment,6.5,0.06,0.04,,0.01,0.0,2004-06-17,
Asterix and Obelix XXL2,NS,Action-Adventure,Microids,Microids,6.5,0.06,,,0.06,0.0,2018-11-29,2019-02-19
Broken Sword: The Shadow of the Templars,GBA,Adventure,BAM! Entertainment,Revolution Software Ltd.,8.1,0.06,0.04,,0.02,0.0,2002-03-17,
Another Code R: A Journey into Lost Memories,Wii,Adventure,Nintendo,Cing,5.9,0.06,,0.03,0.03,0.0,2009-06-26,
S.T.A.L.K.E.R.: Call of Pripyat,PC,Shooter,Viva Media,GSC Game World,8.0,0.06,0.0,,0.05,0.01,2010-02-02,
Bomberman Land,PSP,Misc,Hudson Entertainment,Hudson Soft,6.5,0.06,0.06,,0.0,0.0,2008-01-29,
Intellivision Lives!,GC,Misc,Crave Entertainment,Realtime Associates,6.4,0.06,0.05,,0.01,0.0,2004-11-04,
Hail to the Chimp,X360,Misc,Gamecock,Wideload Games,7.0,0.06,0.05,,,0.0,2008-06-24,
July,DC,Adventure,Fortyfive,Fortyfive,4.8,0.06,,0.06,,0.0,1998-11-27,
Catwoman,XB,Action,Electronic Arts,Argonaut Games,4.7,0.06,0.04,,0.01,0.0,2004-07-20,
Warriors Orochi 2,X360,Action,KOEI,Omega Force,4.6,0.06,0.04,0.01,0.0,0.0,2008-09-23,
Resident Evil 2,GC,Action,Capcom,Capcom,5.9,0.06,0.04,,0.01,0.0,2003-01-16,
Guilty Gear X: Advance Edition,GBA,Fighting,Sammy Corporation,Arc System Works,7.3,0.06,0.04,,0.02,0.0,2002-08-29,
The Next BIG Thing,PC,Adventure,Focus Home Interactive,Pendulo Studio,6.8,0.06,,,0.05,0.01,2011-04-21,
Zatch Bell! Mamodo Battles,GC,Fighting,Bandai,Eighting,7.0,0.06,0.05,,0.01,0.0,2005-10-19,
Animorphs: Shattered Reality,PS,Action,Infogrames,Single Trac,3.5,0.06,0.03,,0.02,0.0,2000-09-06,
Wonder Boy: The Dragon's Trap (Remake),NS,Platform,DotEmu,Lizardcube,7.4,0.05,0.04,,,0.01,2017-04-18,2018-08-10
Devil's Third,WiiU,Action,Nintendo,Valhalla Game Studios,3.8,0.05,0.03,,0.02,0.0,2015-12-11,2018-01-22
Around the World in 80 Days,GBA,Action,Hip Interactive,Saffire Corporation,3.5,0.05,0.03,,0.01,0.0,2004-07-05,
Activision Anthology,GBA,Misc,Activision,Aspyr,8.0,0.05,0.03,,0.01,0.0,2003-12-08,
Double Dragon Advance,GBA,Action,Atlus,Million,7.9,0.05,0.03,,0.01,0.0,2003-11-14,
Disney's PK: Out of the Shadows,GC,Platform,Ubisoft,Ubisoft,4.0,0.05,0.04,,0.01,0.0,2002-12-03,
Rave Master,GC,Fighting,Konami,Konami,6.8,0.05,,0.05,,0.0,2005-03-08,
Fate/Unlimited Codes Portable,PSP,Fighting,Capcom,Eighting,7.6,0.05,,0.05,,,2009-06-18,
ESPN Great Outdoor Games Bass 2002,GBA,Sports,Konami,Konami,5.5,0.05,0.03,,0.01,0.0,2001-11-29,
DuckTales: Remastered,PS3,Platform,Capcom,WayForward,8.6,0.05,0.01,,0.04,0.01,2013-08-13,2019-02-17
Rogue Ops,GC,Action,Kemco,Bits Studios,6.1,0.05,0.04,,0.01,0.0,2003-10-29,
Blues Brothers 2000,N64,Platform,Titus,Player 1,4.9,0.05,0.04,,0.01,0.0,2000-11-16,
Capcom vs. SNK: Millennium Fight 2000 Pro,DC,Fighting,Capcom,Capcom,6.9,0.05,,0.05,,0.0,2001-06-14,
TNA iMPACT: Cross the Line,PSP,Fighting,SouthPeak Interactive,Point of View,3.5,0.05,0.05,,0.0,0.0,2010-06-22,
Rock of the Dead,X360,Shooter,Conspiracy Entertainment,Epicenter Studios,5.0,0.05,0.04,,,0.0,2010-10-19,
Bad Boys: Miami Takedown,GC,Shooter,Crave Entertainment,Blitz Games,4.3,0.05,0.03,,0.01,0.0,2004-09-14,
The Typing of the Dead,DC,Shooter,Sega,Smilebit,8.6,0.05,,0.05,,,2001-01-23,
Rez,PS2,Shooter,Sega,United Game Artists,9.0,0.05,0.03,,0.02,0.01,2002-01-07,
Singularity,PC,Shooter,Activision,Raven Software,7.5,0.05,,,0.04,0.01,2010-06-29,
Moon,DS,Shooter,Mastiff,Renegade Kid,6.7,0.05,0.04,,0.0,0.0,2009-01-13,
Philosoma,PS,Shooter,Sony Computer Entertainment,G Artist,5.0,0.05,0.03,,0.02,0.0,1996-02-26,
Legend of Kay,PS2,Action,Capcom,Neon Studios,7.2,0.05,0.03,,0.02,0.01,2005-09-21,
Jenga World Tour,Wii,Misc,Atari,Atomic Planet Entertainment,2.0,0.05,0.05,,0.0,0.0,2007-12-07,
Activision Hits: Remixed,PSP,Misc,Activision,Digital Eclipse Software,7.4,0.05,0.05,,0.0,0.0,2006-11-08,
Shrek Super Party,GC,Misc,TDK Mediactive,Mass Media,4.9,0.05,0.04,,0.01,0.0,2003-05-30,
Disney's Party,GC,Misc,Electronic Arts,Neverland Company,4.4,0.05,0.04,,0.01,0.0,2003-09-16,
Sega 3D Classics Collection,3DS,Misc,Sega,M2,7.0,0.05,0.05,,,0.01,2016-04-26,2019-01-11
Second Sight,GC,Adventure,Codemasters,Free Radical Design,7.9,0.05,0.04,,0.01,0.0,2004-09-21,
Back to the Future: The Game,Wii,Adventure,Telltale Games,Telltale Games,7.0,0.05,0.05,,0.0,0.0,2011-10-25,2018-04-23
LEGO Indiana Jones 2: The Adventure Continues,PC,Adventure,LucasArts,Traveller's Tales,6.8,0.05,0.02,,0.03,0.01,2009-11-17,
Major Minor's Majestic March,Wii,Misc,Majesco,NanaOn-Sha,4.5,0.05,0.05,,0.0,0.0,2009-04-02,
Hail to the Chimp,PS3,Misc,Gamecock,Wideload Games,7.0,0.05,0.05,,,0.01,2008-06-24,
World Series of Poker: Tournament of Champions 2007 Edition,Wii,Misc,Activision,Left Field Productions,4.6,0.05,0.04,,0.0,0.0,2006-12-12,
Cartoon Network Block Party,GBA,Misc,Majesco,One Man Band,4.0,0.05,0.03,,0.01,0.0,2004-08-05,
World Series of Poker,GC,Misc,Activision,Activision Value,4.7,0.05,0.04,,0.01,0.0,2005-09-14,
Unsolved Crimes,DS,Adventure,Atari,Now Production,6.0,0.05,0.04,,0.01,,2008-09-30,
LEGO Harry Potter: Years 1-4,PC,Adventure,Warner Bros. Interactive,Telltale Games,8.2,0.05,0.04,,0.01,0.01,2010-06-29,
King Arthur,XB,Adventure,Konami,Krome Studios,6.5,0.05,0.04,,0.01,0.0,2004-11-16,
The Sims,PC,Simulation,Maxis,Maxis,8.9,0.05,0.01,,0.03,0.0,2000-01-31,
Drill Dozer,GBA,Platform,Nintendo,Game Freak,7.9,0.05,0.04,,0.01,0.0,2006-02-06,
Death Jr. II: Root of Evil,PSP,Platform,Konami,Backbone Entertainment,6.9,0.05,0.05,,0.0,0.0,2006-10-31,
Owlboy,NS,Platform,Soedesco,D-Pad Studios,9.0,0.05,0.03,,0.01,0.01,2018-05-29,2018-11-06
Air Conflicts: Aces of World War II,PSP,Simulation,Graffiti,Cowboy Rodeo,3.3,0.05,0.05,,,0.0,2009-04-07,
Zapper: One Wicked Cricket!,XB,Platform,Infogrames,Blitz Games,5.2,0.05,0.04,,0.01,0.0,2002-11-03,
Hellblade: Senua's Sacrifice,PS4,Action-Adventure,505 Games,Ninja Theory,8.3,0.05,0.03,,0.01,0.01,2018-12-04,2018-11-02
Top Spin 2,DS,Sports,2K Sports,Indie Built,5.2,0.05,0.05,,0.0,0.0,2006-03-29,
NBA 2K,DC,Sports,Sega,Visual Concepts,8.9,0.05,,0.05,,,1999-11-10,
IL-2 Sturmovik: Cliffs of Dover,PC,Simulation,Ubisoft,1C: Maddox Games,5.0,0.05,,,0.05,0.01,2011-04-26,
Air Traffic Chaos,DS,Simulation,Majesco,TechnoBrain,6.8,0.05,0.05,,0.0,0.0,2008-09-09,
Armored Core: Formula Front Extreme Battle,PSP,Simulation,Agetec,From Software,6.7,0.05,0.05,,,0.0,2005-12-15,
Bottom of the 9th '99,PS,Sports,Konami,Konami,5.0,0.05,0.03,,0.02,0.0,1998-07-01,
All Star Tennis 99,N64,Sports,Ubisoft,Smart Dog,5.1,0.05,0.04,,0.01,0.0,1999-08-31,
2002 FIFA World Cup,GC,Sports,EA Sports,EA Canada,7.4,0.05,0.04,,0.01,0.0,2002-04-30,
FIFA Soccer 2004,GBA,Sports,EA Sports,Exient Entertainment,8.5,0.05,0.04,,0.01,0.0,2003-11-04,
Virtua Striker 2002,GC,Sports,Sega,Amusement Vision,6.6,0.05,0.01,0.03,0.0,0.0,2002-05-20,
American Bass Challenge,GBA,Sports,Ubisoft,Starfish,6.7,0.05,0.03,,0.01,0.0,2001-12-05,
FIFA Soccer 2003,GBA,Sports,EA Sports,Exient Entertainment,6.9,0.05,0.04,,0.01,0.0,2002-11-19,
Ivy the Kiwi?,DS,Puzzle,Xseed Games,PROPE,7.3,0.05,0.04,,0.0,0.0,2010-08-24,
Super Bubble Pop,GC,Puzzle,Jaleco,Runecraft,4.2,0.05,0.04,,0.01,0.0,2003-01-03,
ZooCube,GBA,Puzzle,Acclaim Entertainment,PuzzleKings,8.6,0.05,0.03,,0.01,0.0,2002-05-14,
Barnyard,GBA,Action,THQ,Halfbrick Studios,5.6,0.05,0.03,,0.01,0.0,2006-08-01,
The Grim Adventures Of Billy & Mandy,Wii,Action,Midway Games,High Voltage Software,6.6,0.05,0.04,,0.0,0.0,2006-11-16,
Fatal Frame II: Crimson Butterfly Director's Cut,XB,Action,Tecmo,Tecmo,8.7,0.05,0.04,,0.01,0.0,2004-11-01,
Captain America: Super Soldier,Wii,Action,Sega,Sega,6.0,0.05,0.05,,,0.0,2011-07-19,
F1 2010,PC,Racing,Codemasters,Codemasters Birmingham,8.0,0.05,,,0.05,0.01,2010-09-22,
GRID,DS,Racing,Codemasters,Codemasters,7.9,0.05,0.04,,0.0,0.0,2008-08-05,
Need for Speed Carbon,PC,Racing,Electronic Arts,EA Black Box,7.9,0.05,,,0.04,0.01,2006-10-31,
Battle Chasers: Nightwar,NS,Role-Playing,THQ Nordic,Airship Syndicate,8.5,0.05,0.03,,0.01,0.0,2018-05-15,2018-09-22
Venetica,PC,Role-Playing,Atari,DECK13 Interactive,6.0,0.05,,,0.04,0.01,2011-01-11,2018-05-10
Summoner: A Goddess Reborn,GC,Role-Playing,THQ,Cranky Pants Games,8.0,0.05,0.04,,0.01,0.0,2003-01-31,
I am Setsuna,NS,Role-Playing,Square Enix,Tokyo RPG Factory,7.0,0.05,,0.05,,,2017-03-03,2018-07-04
DiRT 2,PC,Racing,Codemasters,Codemasters,9.0,0.05,,,0.04,0.01,2009-09-08,
Black Sigil: Blade of the Exiled,DS,Role-Playing,Graffiti,Studio Archcraft,6.0,0.05,0.05,,,0.0,2009-06-09,
GrimGrimoire,PS2,Strategy,NIS America,Vanillaware,7.7,0.05,0.01,0.03,0.01,0.0,2007-06-26,2019-01-10
Worms Reloaded,PC,Strategy,Team17 Software,Team17 Software,8.5,0.05,,,0.04,0.01,2010-08-26,
Dual Hearts,PS2,Role-Playing,Atlus,Matrix Software,7.5,0.05,0.03,,0.02,0.01,2002-09-23,
Medabots: Infinity,GC,Role-Playing,Natsume,"Imagineer Co., Ltd.",5.4,0.05,0.04,,0.01,0.0,2003-12-14,
Rhapsody: A Musical Adventure,DS,Role-Playing,NIS America,Nippon Ichi Software,6.7,0.05,0.05,,0.0,0.0,2008-09-23,
The Nightmare of Druaga: Fushigino Dungeon,PS2,Role-Playing,Namco,Arika,6.4,0.05,0.03,,0.02,0.01,2004-10-26,
Hunted: The Demon's Forge,PC,Role-Playing,Bethesda Softworks,InXile Entertainment,6.1,0.05,0.03,,0.01,0.0,2011-05-31,
Monster 4x4: Masters of Metal,GC,Racing,Ubisoft,Ubisoft Barcelona / Inland Productions,5.1,0.05,0.04,,0.01,0.0,2003-12-10,
The Lord of the Rings: The Battle for Middle-Earth II,X360,Strategy,Electronic Arts,EA Los Angeles,8.0,0.05,,,0.04,0.0,2006-07-05,
Ys: The Ark of Napishtim,PSP,Role-Playing,Konami,Konami Software Shanghai,6.1,0.05,0.04,,,0.0,2006-02-28,
Assassin's Creed: Altair's Chronicles,DS,Action,Ubisoft,Gameloft,5.7,0.05,0.03,,0.01,0.0,2008-02-05,
MLB SlugFest 20-04,GC,Sports,Midway Games,Criterion Games,8.0,0.04,0.03,,0.01,0.0,2003-03-16,
The Ant Bully,GBA,Platform,Midway Games,Artificial Mind and Movement,5.2,0.04,0.03,,0.01,0.0,2006-07-24,
Scaler,GC,Platform,Global Star Software,Artificial Mind & Movement,7.3,0.04,0.03,,0.01,0.0,2004-11-17,
Company of Heroes,PC,Strategy,THQ,Relic,9.4,0.04,,,0.04,0.0,2006-09-13,
Supreme Commander,PC,Strategy,THQ,Gas Powered Games,8.7,0.04,,,0.04,0.01,2007-02-20,
James Cameron's Avatar: The Game,PC,Action,Ubisoft,Ubisoft Montreal,6.4,0.04,,,0.04,0.0,2009-12-01,
Pocket Pool,PSP,Action,Eidos Interactive,Hyper-Devbox,3.4,0.04,0.04,,,0.0,2007-04-18,
Sine Mora EX,NS,Action,THQ Nordic,Digital Reality,8.0,0.04,,,0.04,0.0,2017-09-26,2018-08-15
Empire Earth III,PC,Strategy,Sierra Entertainment,Mad Doc Software,4.8,0.04,,,0.03,0.0,2007-11-06,
Rhapsody: A Musical Adventure,PS,Role-Playing,Atlus,Nippon Ichi Software,6.7,0.04,0.02,,0.01,0.0,2000-03-30,
East India Company,PC,Strategy,Paradox Interactive,Nitro Games,7.4,0.04,0.03,,0.0,0.0,2009-07-31,
Patrician IV,PC,Strategy,Kalypso,Gaming Minds Studios,6.7,0.04,0.03,,0.0,0.0,2010-09-14,
Boktai 2: Solar Boy Django,GBA,Role-Playing,Konami,Kojima Productions,7.9,0.04,0.03,,0.01,0.0,2004-10-19,
Supreme Commander: Forged Alliance,PC,Strategy,THQ,Gas Powered Games,8.1,0.04,0.01,,0.02,0.0,2007-11-06,
Tropico 3,PC,Strategy,Kalypso,Haemimont Games,8.1,0.04,,,0.04,0.01,2009-10-20,
Mana Khemia: Alchemists of Al-Revis (JP sales),PS2,Role-Playing,NIS America,Gust,6.6,0.04,,0.04,,,2008-04-01,
Breath of Fire III,PSP,Role-Playing,Capcom,Capcom,6.0,0.04,0.0,,0.03,0.01,2016-02-09,
Lost Sphear,NS,Role-Playing,Square Enix,Tokyo RPG Factory,6.5,0.04,,0.02,0.02,0.0,2018-01-23,2018-01-10
Advance Guardian Heroes,GBA,Role-Playing,Ubisoft,"Treasure Co., Ltd.",7.0,0.04,0.03,,0.01,0.0,2004-09-14,
Langrisser: Re:Incarnation Tensei,3DS,Role-Playing,Aksys Games,NCS,1.5,0.04,0.03,0.01,,0.0,2016-04-19,2018-08-06
Chaos Wars,PS2,Strategy,O~3 Entertainment,Idea Factory,6.8,0.04,,0.04,,,2008-06-03,
Metal Gear Solid: Digital Graphic Novel,PSP,Misc,Konami,Kojima Productions,7.6,0.04,0.02,0.02,0.0,0.0,2006-06-13,
Bomberman: Act Zero,X360,Puzzle,Konami,Hudson Soft,3.5,0.04,0.04,,0.0,0.0,2006-08-29,
Fading Shadows,PSP,Puzzle,Agetec,Ivolgamus,7.0,0.04,0.03,,0.0,0.0,2008-07-03,
Meteos: Disney Magic,DS,Puzzle,Disney Interactive Studios,Q Entertainment,7.3,0.04,0.01,,0.02,0.0,2007-02-20,
Big Mutha Truckers,GBA,Racing,DSI Games,Raylight Studios,5.0,0.04,0.03,,0.01,0.0,2005-11-09,
Napoleon Dynamite: The Game,PSP,Puzzle,Crave Entertainment,7 Studios,4.3,0.04,0.03,,,0.0,2007-10-23,
Steambot Chronicles,PS2,Role-Playing,Atlus,Irem Software Engineering,7.2,0.04,0.02,,0.01,0.0,2006-05-23,
Denki Blocks!,GBA,Puzzle,Majesco,Denki,8.0,0.04,0.03,,0.01,0.0,2001-10-30,
Ballistic,PS,Puzzle,Atari,Atari,7.9,0.04,0.02,,0.01,0.0,1999-10-31,
GRID,PC,Racing,Codemasters,Codemasters,8.7,0.04,,,0.03,0.01,2008-06-03,
Chessmaster,GBA,Misc,Ubisoft,Ubisoft,7.5,0.04,0.03,,0.01,0.0,2002-08-28,
You Don't Know Jack,PC,Misc,Sierra Entertainment,"Jellyvision, Inc.",9.2,0.04,0.04,,,0.0,1995-09-30,
Blade Strangers,NS,Fighting,Nicalis,Studio Saizensen,8.3,0.04,0.03,,,0.0,2018-08-28,2018-07-28
PlayStation Move Ape Escape,PS3,Party,Sony Computer Entertainment,SCE Japan Studio,4.0,0.04,,,0.03,0.01,2011-07-05,2018-09-16
Pure Farming 2018,PS4,Simulation,Techland,Ice Flames,7.0,0.04,0.02,,0.01,0.01,2018-03-13,2018-07-19
Heatseeker,PSP,Simulation,Codemasters,IR Gurus,4.8,0.04,0.04,,,0.0,2007-05-08,
Assassin's Creed Rogue Remastered,XOne,Action-Adventure,Ubisoft,Ubisoft,6.0,0.04,,,0.03,0.0,2018-03-20,2018-01-29
Monster Boy and the Cursed Kingdom,NS,Action-Adventure,FDG Entertainment,Game Atelier,8.0,0.04,0.03,,,0.0,2018-11-06,2018-12-17
Adventure Time: Explore the Dungeon Because I Don't Know!,WiiU,Action-Adventure,D3Publisher,Way Forward,2.8,0.04,0.02,,0.02,0.0,2013-12-12,2018-01-22
RollerCoaster Tycoon,PC,Simulation,Microprose,Chris Sawyer,8.7,0.04,0.02,,0.02,0.0,1999-03-31,
King Arthur,GC,Adventure,Konami,Krome Studios,6.6,0.04,0.03,,0.01,0.0,2004-11-18,
Doom,PC,Shooter,id Software,id Software,8.0,0.04,0.04,,0.0,0.0,1993-12-10,
Dark Arena,GBA,Shooter,Majesco,Graphic State,6.8,0.04,0.03,,0.01,0.0,2002-01-18,
The Movies,PC,Simulation,Lionhead Studios,Lionhead Studios,8.2,0.04,0.01,,0.03,0.0,2005-11-08,
Bionicle Heroes,Wii,Shooter,Eidos Interactive,Traveller's Tales,4.7,0.04,0.03,,0.0,0.0,2007-04-24,
Halo: Combat Evolved,PC,Shooter,Microsoft Game Studios,Gearbox Software,8.6,0.04,0.02,,0.02,0.0,2003-09-30,
Conflict: Desert Storm II - Back to Bagdhad,GC,Shooter,Gotham Games,Pivotal Games,6.9,0.04,0.03,,0.01,0.0,2004-01-07,
Castle of Shikigami III,Wii,Shooter,Aksys Games,Alfa System,7.2,0.04,0.04,,,0.0,2008-05-13,
Wolfenstein,PC,Shooter,Activision,Raven Software,6.5,0.04,0.01,,0.03,0.01,2009-08-18,
Jerry Rice and Nitus' Dog Football,Wii,Sports,Tommo,Judo Baby,7.0,0.04,0.04,,,0.0,2011-08-16,
Stoked: Big Air Edition,X360,Sports,Destineer,Bongfish GmbH,8.6,0.04,0.02,,0.02,0.0,2009-11-23,
Evolution Skateboarding,GC,Sports,Konami,Konami Computer Entertainment Osaka,4.8,0.04,0.03,,0.01,0.0,2002-11-17,
Doom II,GBA,Shooter,Activision,Torus Games,8.1,0.04,0.03,,0.01,0.0,2002-10-28,
Prey,PC,Shooter,2K Games,Human Head Studios,8.5,0.04,,,0.04,0.0,2006-07-11,
Metal Slug XX,PSP,Shooter,Atlus,SNK Playmore Corporation,6.9,0.04,0.03,,0.0,0.01,2010-02-23,
Tom Clancy's Ghost Recon Wildlands,PC,Shooter,Ubisoft,Ubisoft Paris,7.4,0.04,,,0.04,0.0,2017-03-07,2018-04-01
C.O.R.E.,DS,Shooter,Graffiti,NoWay Studio,4.4,0.04,0.03,,,0.0,2009-08-11,
Mafia,PC,Action,Gathering of Developers,Illusion Softworks,9.2,0.04,,,0.04,0.0,2002-08-28,
Trine 2: Director's Cut,WiiU,Platform,Frozenbyte,Frozenbyte,7.8,0.04,,,0.04,0.0,2012-11-18,2018-08-28
FIFA World Cup Germany 2006,DS,Sports,EA Sports,EA Canada,7.3,0.04,0.03,,0.0,0.0,2006-04-24,
Adidas Power Soccer,PS,Sports,Psygnosis,Shen Studios,7.0,0.04,0.02,,0.01,0.0,1996-08-31,
Aegis of Earth: Protonovus Assault,PS4,Action,Aksys Games,Acquire,4.0,0.04,0.03,,0.01,0.01,2016-03-15,2018-06-15
Dead Head Fred,PSP,Action,D3 Publisher,Vicious Cycle,7.6,0.04,0.04,,0.0,0.0,2007-08-28,
The Invincible Iron Man,GBA,Action,Activision,Torus Games Pty. Ltd.,6.4,0.04,0.03,,0.01,0.0,2002-12-15,
Saints Row 2,PC,Action,THQ,Volition Inc.,6.6,0.04,,,0.03,0.01,2009-01-05,2018-04-02
Astro Boy: The Video Game,PSP,Action,D3 Publisher,iMAGi Studios,7.0,0.04,0.04,,0.0,0.0,2009-10-20,
All Points Bulletin,PC,Action,Electronic Arts,Realtime Worlds,7.0,0.04,,,0.03,0.01,2010-06-29,
Justice League: Chronicles,GBA,Platform,Midway Games,Full Fat,3.5,0.04,0.03,,0.01,0.0,2003-11-12,
Grand Theft Auto: Vice City,PC,Action,Rockstar Games,Rockstar North,9.0,0.04,,,0.03,0.0,2003-05-12,2018-02-03
Catwoman,GBA,Platform,Electronic Arts,Magic Pockets,6.1,0.04,0.03,,0.01,0.0,2004-07-20,
Hot Potato!,GBA,Action,BAM! Entertainment,Pukka Games,7.7,0.04,0.03,,0.01,0.0,2001-07-01,
Dragon Ball: Advanced Adventure,GBA,Action,Atari,Dimps Corporation,7.7,0.04,0.03,,0.01,0.0,2006-06-06,
Max Payne,GBA,Action,Rockstar Games,Mobius Entertainment,7.8,0.03,0.02,,0.01,0.0,2003-12-18,
Jet Grind Radio,GBA,Action,THQ,Vicarious Visions,7.1,0.03,0.02,,0.01,0.0,2003-06-26,
Bully: Scholarship Edition,PC,Action,Rockstar Games,Rockstar Vancouver/Mad Doc Software,6.6,0.03,0.0,,0.02,0.0,2008-10-21,
Charlie Blasts Territory,N64,Action,Kemco,Realtime Associates,5.9,0.03,0.02,,0.01,0.0,1999-04-30,
Star Wars: The Force Unleashed II,PC,Action,LucasArts,LucasArts,6.2,0.03,0.03,,,0.0,2010-10-26,
Gekido Advance: Kintaro's Revenge,GBA,Action,"Destination Software, Inc",NA.P.S. Team SNC,7.7,0.03,0.02,,0.01,0.0,2003-11-25,
Castlevania: Lords of Shadow - Reverie,PSN,Action,Konami,Mercury Steam,7.0,0.03,0.02,,0.0,0.0,2011-03-22,
Buffy the Vampire Slayer: Wrath of the Darkhul King,GBA,Action,THQ,Natsume,4.6,0.03,0.02,,0.01,0.0,2003-06-24,
RoadKill,GC,Action,Midway Games,Terminal Reality,7.7,0.03,0.02,,0.01,0.0,2003-10-30,
007: Quantum of Solace,PC,Action,Activision,Beenox,7.1,0.03,0.01,,0.01,0.0,2008-11-04,
Disney's Hide & Sneak,GC,Action,Capcom,Capcom,4.7,0.03,0.03,,0.01,0.0,2003-11-30,
Red Faction: Guerrilla,PC,Shooter,THQ,Volition Inc.,8.3,0.03,,,0.03,0.0,2009-09-15,2018-04-02
Max Payne 2: The Fall of Max Payne,PC,Shooter,Rockstar Games,Remedy Entertainment,9.1,0.03,,,0.02,0.0,2003-10-14,
Greg Hastings' Tournament Paintball Max'd,GBA,Shooter,Activision,Activision Value,2.2,0.03,0.02,,0.01,0.0,2006-01-31,
Gotcha Force,GC,Shooter,Capcom,Capcom,5.8,0.03,0.01,0.01,0.0,0.0,2003-12-03,
Batman Forever: The Arcade Game,PS,Action,Acclaim Entertainment,Iguana Entertainment,5.2,0.03,0.02,,0.01,0.0,1996-12-03,
Metal Gear Solid: Snake Eater 3D,3DS,Action,Konami,Konami,7.9,0.03,0.03,,,0.0,2012-02-21,
"Crouching Tiger, Hidden Dragon",GBA,Action,Ubisoft,Ubisoft,5.9,0.03,0.02,,0.01,0.0,2005-10-09,
Code of  Princess EX,NS,Action,Nicalis,Studio Saizensen,7.2,0.03,0.02,0.01,,0.0,2018-07-31,2018-03-08
Hitman: Blood Money,PC,Action,Eidos Interactive,IO Interactive,8.0,0.03,,,0.03,0.0,2006-05-30,
Radiant Silvergun,SAT,Shooter,ESP,"Treasure Co., Ltd.",9.0,0.03,,0.03,,,1998-07-23,
S.T.A.L.K.E.R.: Clear Sky,PC,Shooter,Koch Media,GSC Game World,7.0,0.03,0.0,,0.03,0.0,2008-09-15,
Red Faction II,GC,Shooter,THQ,Cranky Pants Games,8.1,0.03,0.03,,0.01,0.0,2003-03-31,
The Sum of All Fears,GC,Shooter,Ubisoft,Red Storm Entertainment,3.2,0.03,0.03,,0.01,0.0,2003-01-09,
Ratatouille,PC,Platform,THQ,Asobo Studio,6.0,0.03,0.01,,0.01,0.0,2007-06-26,
Klonoa 2: Dream Champ Tournament,GBA,Platform,Namco,Namco,8.1,0.03,0.02,,0.01,0.0,2005-02-23,
Starshot: Space Circus Fever,N64,Platform,Infogrames,Infogrames,5.2,0.03,0.02,,0.01,0.0,1999-06-30,
CT Special Forces,GBA,Action,Hip Interactive,LSP,5.9,0.03,0.02,,0.01,0.0,2004-01-04,
Dr. Muto,GC,Platform,Midway Games,Midway,7.5,0.03,0.02,,0.01,0.0,2002-12-17,
Earthworm Jim 2,GBA,Platform,Majesco,Super Empire,4.7,0.03,0.02,,0.01,0.0,2002-05-31,
Alienators: Evolution Continues,GBA,Action,Activision,Digital Eclipse,7.0,0.03,0.03,,0.01,0.0,2001-11-07,
The Flintstones: Big Trouble in Bedrock,GBA,Platform,Crave Entertainment,H2O Entertainment,4.0,0.03,0.02,,0.01,0.0,2001-12-09,
Rayman 3: Hoodlum Havoc,PC,Platform,Ubisoft,Ubisoft,8.2,0.03,,,0.03,0.0,2003-03-24,
Disney's Aladdin,GBA,Platform,Capcom,Disney Interactive,5.9,0.03,0.02,,0.01,0.0,2004-09-28,
Open Season,PS2,Platform,Ubisoft,Ubisoft Montreal,6.4,0.03,0.01,,0.01,0.0,2006-09-19,
Zero Escape: Virtue's Last Reward,3DS,Visual Novel,Aksys Games,Spike Chunsoft,9.0,0.03,0.03,,,0.0,2012-10-23,2019-01-23
Rabbids Land,WiiU,Party,Ubisoft,Ubisoft Paris,6.1,0.03,0.01,,0.01,0.0,2012-11-18,2020-09-08
Bookworm,GBA,Puzzle,Majesco,PopCap,6.0,0.03,0.02,,0.01,0.0,2004-06-30,
Hot Pixel,PSP,Puzzle,Atari,zSlide,5.7,0.03,0.03,,0.0,0.0,2007-10-02,
Atomic Betty,GBA,Puzzle,Namco,Big Blue Bubble,6.0,0.03,0.02,,0.01,0.0,2005-10-25,
World of Goo,PC,Puzzle,Take-Two Interactive,2D Boy,9.0,0.03,,,0.03,0.01,2008-10-21,
Men of War,PC,Strategy,Aspyr,Best Way,9.0,0.03,0.01,,0.02,0.0,2009-03-16,
Homeworld 2,PC,Strategy,Sierra Entertainment,Relic,8.1,0.03,,,0.03,0.0,2003-09-16,
Empire Earth II,PC,Strategy,VU Games,Mad Doc Software,8.0,0.03,,,0.03,0.0,2005-04-26,
A Game of Thrones: Genesis,PC,Strategy,Focus Home Interactive,Cyanide,4.9,0.03,,,0.03,0.0,2011-09-28,
Rise of Nations: Rise of Legends,PC,Strategy,Microsoft Game Studios,Big Huge Games,8.3,0.03,,,0.03,0.01,2006-05-09,2018-11-15
Railroad Tycoon 3,PC,Strategy,Gathering of Developers,PopTop Software,8.8,0.03,,,0.03,0.0,2003-10-28,
World in Conflict,PC,Strategy,Sierra Entertainment,Massive Entertainment,9.1,0.03,,,0.03,0.0,2007-09-18,
Gauntlet / Rampart,GBA,Misc,DSI Games,EC Interactive Games,4.0,0.03,0.02,,0.01,0.0,2005-11-03,
Syberia,PC,Adventure,The Adventure Company,Microids,8.0,0.03,,,0.02,0.0,2002-09-01,
Tail Concerto,PS,Adventure,Atlus,CyberConnect2,7.3,0.03,0.02,,0.01,0.0,1999-08-31,
Backyard NFL Football 2006,GBA,Sports,Atari,Humongous Entertainment,5.5,0.03,0.02,,0.01,0.0,2005-10-18,
3D Baseball,PS,Sports,Mindscape,Crystal Dynamics,7.6,0.03,0.02,,0.01,0.0,1996-11-27,
Major League Baseball 2K8,PSP,Sports,2K Sports,Kush Games,6.5,0.03,0.03,,,0.0,2008-03-03,
FIFA World Cup: Germany 2006,GBA,Sports,EA Sports,EA Canada,4.3,0.03,0.02,,0.01,0.0,2006-04-24,
Elf Bowling 1 & 2,GBA,Sports,Ignition Entertainment,Ignition Entertainment,1.4,0.03,0.02,,0.01,0.0,2005-11-28,
Agony,PS4,Action-Adventure,Maximum Games,Madmind Studio,5.0,0.03,0.02,,,0.0,2018-05-29,2018-04-30
Go! Go! Hypergrind,GC,Sports,Atlus,Poponchi,6.5,0.03,0.02,,0.01,0.0,2003-11-18,
NBA 08,PSP,Sports,Sony Computer Entertainment,SCE San Diego Studio,7.2,0.03,0.03,,,0.0,2007-10-12,
NBA 2K13,PC,Sports,2K Sports,Visual Concepts,9.1,0.03,0.0,,0.02,0.0,2012-10-02,2018-01-04
Cabela's Dangerous Hunts 2,GC,Sports,Activision,FUN Labs,6.5,0.03,0.03,,0.01,0.0,2005-11-16,
Penny-Punching Princess,NS,Misc,NIS America,Nippon Ichi Software,6.5,0.03,0.03,,,0.0,2018-04-03,2018-04-07
Disney Sports Soccer,GBA,Sports,Konami,Konami,7.3,0.03,0.02,,0.01,0.0,2002-11-11,
NBA 2K7,XB,Sports,2K Sports,Visual Concepts,8.4,0.03,0.02,,0.01,0.0,2006-09-25,
Dave Mirra Freestyle BMX 3,GBA,Sports,Acclaim Entertainment,Full Fat,8.0,0.03,0.02,,0.01,0.0,2002-11-26,
World Series of Poker: Tournament of Champions 2007 Edition,PS2,Misc,Activision,Left Field Productions,6.4,0.03,0.02,,0.01,0.0,2006-09-21,
Auto Modellista,GC,Racing,Capcom,Capcom,5.9,0.03,0.02,,0.01,0.0,2003-09-30,
Baldur's Gate: Dark Alliance,GBA,Role-Playing,"Destination Software, Inc",Magic Pockets,8.0,0.03,0.02,,0.01,0.0,2004-02-10,
Age of Conan: Rise of the Godslayer,PC,Role-Playing,Funcom,Funcom,7.9,0.03,,,0.02,0.0,2010-05-11,
The Lost Child,NS,Role-Playing,NIS America,Crim,7.5,0.03,0.02,,,0.0,2018-06-19,2018-09-20
Metal Saga,PS2,Role-Playing,Atlus,Createch,6.1,0.03,0.01,,0.01,0.0,2006-04-25,
Guild Wars: Nightfall,PC,Role-Playing,NCSoft,ArenaNet,8.0,0.03,,,0.02,0.0,2006-10-26,
Driver: Parallel Lines,Wii,Racing,Ubisoft,Reflections Interactive,5.9,0.03,0.01,,0.01,0.0,2007-06-26,
Driven,GBA,Racing,BAM! Entertainment,Crawfish Interactive,6.8,0.03,0.02,,0.01,0.0,2001-11-28,
Graffiti Kingdom,PS2,Role-Playing,Hot-B,Garakuta-Studio,7.2,0.03,0.01,,0.01,0.0,2005-07-28,
CIMA: The Enemy,GBA,Role-Playing,Natsume,Neverland,6.8,0.03,0.02,,0.01,0.0,2003-11-17,
Planescape: Torment,PC,Role-Playing,Interplay,Black Isle Studios,8.8,0.03,0.01,,0.02,0.0,1999-11-30,
Zatch Bell! Electric Arena,GBA,Fighting,Bandai,Eighting,4.4,0.03,0.02,,0.01,0.0,2005-11-22,
Crimson Tears,PS2,Role-Playing,Capcom,Spike / DreamFactory Ltd.,5.9,0.03,0.02,,0.01,0.0,2004-07-21,
Astonishia Story,PSP,Role-Playing,Ubisoft,Sonnori,4.8,0.03,0.03,,0.0,0.0,2006-06-06,
SoulCalibur II(JP sales),XB,Fighting,Namco,Namco,9.3,0.03,,0.03,,,2003-08-27,
Animal Boxing,DS,Fighting,Destineer,Gammick Entertainment,6.1,0.03,0.03,,,,2008-12-02,
Legend of the Dragon,PSP,Fighting,Game Factory,Neko Entertainment,2.9,0.03,0.03,,0.0,0.0,2007-05-29,
Guilty Gear XX Accent Core Plus,Wii,Fighting,Aksys Games,Arc System Works,7.0,0.03,0.01,,0.02,0.0,2009-05-12,
NHL 07,XB,Sports,EA Sports,EA Montreal,7.6,0.03,0.02,,0.01,0.0,2006-09-12,
Madden NFL 07,GBA,Sports,EA Sports,Exient Entertainment,7.0,0.03,0.02,,0.01,0.0,2006-08-22,
Roadsters,PS,Racing,Titus,Titus Software,4.5,0.03,0.02,,0.01,0.0,2000-03-21,
Drome Racers,GBA,Racing,THQ,Mobius Entertainment,7.5,0.03,0.02,,0.01,0.0,2003-06-19,
Stardew Valley,XOne,Simulation,505 Games,ConcernedApe,8.8,0.03,0.02,,,0.0,2017-04-11,2018-03-21
Armored Core: Last Raven Portable,PSP,Simulation,From Software,From Software,5.0,0.03,,0.03,,,2010-03-04,
Blazing Angels: Squadrons of WWII,PC,Simulation,Ubisoft,Ubisoft Romania,6.9,0.03,0.03,,0.0,0.0,2006-03-28,
Armored Core SL: Silent Line Portable,PSP,Simulation,From Software,From Software,5.8,0.03,,0.03,,,2009-11-19,
Justice League Heroes: The Flash,GBA,Action,Warner Bros. Interactive,WayForward Technologies,8.0,0.03,0.02,,0.01,0.0,2006-10-17,
Charlie's Angels,GC,Action,Ubisoft,Neko Entertainment,2.5,0.02,0.01,,0.0,0.0,2003-07-09,
Kong: The Animated Series,GBA,Action,BAM! Entertainment,Planet Interactive,5.0,0.02,0.01,,0.0,0.0,2002-08-20,
Spider-Man: Web of Shadows,PC,Action,Activision,Shaba Games / Treyarch,5.3,0.02,,,0.02,0.0,2008-10-28,
Worldwide Soccer Manager 2007,PC,Sports,Sega,Sports Interactive,8.9,0.02,,,0.02,0.0,2006-10-01,
Adidas Power Soccer 98,PS,Sports,Psygnosis,Shen Studios,5.8,0.02,0.01,,0.01,0.0,1998-06-30,
Tenkai Knights: Brave Battle,3DS,Action,Namco Bandai Games,Delta Factory,4.5,0.02,0.01,0.0,0.01,0.0,2014-10-07,2019-01-24
Rule of Rose,PS2,Action,Atlus,Punchline / Shirogumi,5.9,0.02,0.01,,0.01,0.0,2006-09-12,
Viva Pinata,PC,Simulation,Microsoft Game Studios,Rare Ltd.,8.0,0.02,,,0.02,0.0,2007-11-06,
Disney Sports Football,GBA,Sports,Konami,Konami,6.2,0.02,0.01,,0.01,0.0,2002-11-05,
Football Manager 2007,X360,Sports,Sega,Sports Interactive,8.4,0.02,,,0.01,0.0,2006-12-01,
Star Trek: Legacy,PC,Simulation,Bethesda Softworks,Mad Doc Software,5.3,0.02,,,0.01,0.0,2006-12-05,
Assetto Corsa,XOne,Racing,505 Games,Kunos Simulazioni,6.0,0.02,,,0.01,0.0,2016-08-30,2018-09-17
Top Gear RPM Tuning,XB,Racing,Kemco,Babylon Software,4.9,0.02,0.01,,0.0,0.0,2005-02-16,
Davis Cup Tennis,GBA,Sports,Ubisoft,Hokus Pokus,6.4,0.02,0.01,,0.0,0.0,2002-10-14,
Disney Sports Basketball,GBA,Sports,Konami,Konami,6.7,0.02,0.01,,0.0,0.0,2002-11-23,
F1 2002,GBA,Racing,"Destination Software, Inc",Magic Pockets,6.5,0.02,0.01,,0.01,0.0,2003-01-07,
Fuel,PC,Racing,Codemasters,Asobo Studio,6.4,0.02,,,0.02,0.0,2009-06-23,2020-08-05
Need for Speed: Payback,PC,Racing,Electronic Arts,Ghost Games,6.5,0.02,,,0.02,0.0,2017-11-10,2018-04-04
Test Drive Unlimited,PC,Racing,Atari,Eden Studios,7.8,0.02,,,0.02,0.0,2007-03-20,
XGRA: Extreme G Racing Association,GC,Racing,Acclaim Entertainment,Acclaim Studios Cheltenham,7.4,0.02,0.02,,0.0,0.0,2003-11-24,
Bomberman Fantasy Race,PS,Racing,Atlus,Graphic Research,6.3,0.02,0.01,,0.01,0.0,1999-03-31,
Colin McRae Rally 2.0,GBA,Racing,Codemasters,Codemasters,8.5,0.02,0.02,,0.01,0.0,2002-09-16,
Speed Kings,GC,Racing,Acclaim Entertainment,Climax Entertainment,6.7,0.02,0.01,,0.0,0.0,2003-05-28,
Tube Slider,GC,Racing,NEC Interchannel,"Nd Cube Co., Ltd.",5.9,0.02,0.02,,0.0,0.0,2003-04-17,
Kensei: Sacred Fist,PS,Fighting,Konami,Konami,5.7,0.02,0.01,,0.01,0.0,1998-11-30,
Undertale,NS,Role-Playing,8-4,Toby Fox,9.0,0.02,,0.02,,,2018-09-18,2018-09-26
Bottom of the 9th '97,PS,Sports,Konami,Konami,6.0,0.02,0.01,,0.01,0.0,1997-06-01,
Lost Sphear,PS4,Role-Playing,Square Enix,Tokyo RPG Factory,6.0,0.02,,0.02,,,2018-01-23,2018-07-19
Bugriders: The Race of Kings,PS,Racing,GT Interactive,n-Space,3.0,0.02,0.01,,0.01,0.0,1997-11-01,
DemiKids: Dark Version,GBA,Role-Playing,Atlus,Atlus Co.,6.6,0.02,0.02,,0.01,0.0,2003-10-07,
DemiKids: Light Version,GBA,Role-Playing,Atlus,Atlus Co.,6.6,0.02,0.02,,0.01,0.0,2003-10-06,
Neverwinter Nights 2,PC,Role-Playing,Atari,Obsidian Entertainment,8.0,0.02,,,0.02,0.0,2006-11-01,
Mount & Blade,PC,Role-Playing,Paradox Interactive,Taleworlds,7.2,0.02,,,0.02,0.0,2008-09-16,
Star Trek Online,PC,Role-Playing,Atari,Cryptic Studios,5.9,0.02,,,0.02,0.0,2010-02-02,
Fallen Legion: Rise to Glory,NS,Role-Playing,NIS America,Unknown,7.0,0.02,0.01,,,0.0,2018-05-29,2018-04-24
Two Worlds,PC,Role-Playing,SouthPeak Interactive,Reality Pump,7.4,0.02,,,0.02,,2007-08-23,
Car Battler Joe,GBA,Role-Playing,Mindscape,Ancient,7.9,0.02,0.01,,0.01,0.0,2002-10-21,
République,PS4,Action-Adventure,GungHo Online Entertainment,Camouflaj,6.5,0.02,,0.01,0.01,0.0,2016-03-22,2018-04-15
Aedis Eclipse: Generation of Chaos,PSP,Role-Playing,NIS America,Neverland Company,5.8,0.02,0.02,,,0.0,2007-04-24,
Ceville,PC,Adventure,Kalypso,Realmforge Studios,9.0,0.02,,,0.02,0.0,2009-04-09,
Gal Metal!,NS,Music,Xseed Games,DMM Games,7.0,0.02,0.01,0.01,,0.0,2018-10-30,2019-03-18
Tycoon City: New York,PC,Strategy,Atari,Deep Red,6.2,0.02,,,0.02,0.0,2006-02-21,
Future Tactics: The Uprising,GC,Strategy,Crave Entertainment,Zed Two Limited,6.8,0.02,0.02,,0.0,0.0,2004-05-10,
Goblin Commander: Unleash the Horde,GC,Strategy,Jaleco,Jaleco Entertainment,7.4,0.02,0.01,,0.0,0.0,2003-12-16,
Stronghold Crusader Extreme,PC,Strategy,Gamecock,FireFly Studios,4.3,0.02,,,0.02,0.0,2008-06-02,
Demigod,PC,Strategy,Atari,Gas Powered Games,7.2,0.02,,,0.02,0.0,2009-04-14,
The Lord of the Rings: The Battle for Middle-Earth II,PC,Strategy,Electronic Arts,EA Los Angeles,8.2,0.02,0.01,,0.01,0.0,2006-03-02,
Trapped Dead,PC,Strategy,Meridian4,Headup Games / Crenetic,4.0,0.02,,,0.02,0.0,2011-02-25,
"Warhammer 40,000: Dawn of War: Soulstorm",PC,Strategy,THQ,Iron Lore Entertainment,6.9,0.02,,,0.02,0.0,2008-03-04,
Mario vs. Donkey Kong: Tipping Stars,WiiU,Puzzle,Nintendo,Nintendo Software Technology Corporation,6.4,0.02,,0.02,,,2015-03-05,2019-01-15
ZooCube,GC,Puzzle,Acclaim Entertainment,PuzzleKings,6.9,0.02,0.02,,0.0,0.0,2002-05-05,
Crime Scene,DS,Adventure,SouthPeak Interactive,White Birds Productions,8.0,0.02,,,0.02,0.0,2010-02-16,
Barbie as the Princess and the Pauper,GBA,Adventure,Knowledge Adventure,VU Games,6.0,0.02,0.01,,0.0,0.0,2004-09-12,
Still Life 2,PC,Adventure,Encore,GameCo Studios,7.3,0.02,,,0.02,0.0,2009-08-11,
Runner3,NS,Platform,Nicalis,Choice Provisions,7.5,0.02,0.02,,,0.0,2018-05-22,2019-03-18
Ruff Trigger: The Vanocore Conspiracy,PS2,Platform,Natsume,Playstos Entertainment,5.9,0.02,0.01,,0.01,0.0,2006-06-28,
The Incredibles: Rise of the Underminer,PC,Platform,THQ,Heavy Iron Studios,6.7,0.02,0.01,,,0.0,2005-10-24,
Blender Bros.,GBA,Platform,Atari,Hudson,7.4,0.02,0.02,,0.01,0.0,2002-04-15,
Ice Age: Dawn of the Dinosaurs,PC,Platform,Activision,Eurocom Entertainment Software,6.8,0.02,0.02,,0.0,0.0,2009-06-30,
Spider-Man 3,PC,Platform,Activision,Beenox,6.2,0.02,0.02,,0.0,0.0,2007-05-04,
Syberia II,PC,Adventure,The Adventure Company,Microids,7.5,0.02,,,0.01,0.0,2004-03-30,
Terminator 3: The Redemption,GC,Shooter,Atari,Paradigm Entertainment,6.8,0.02,0.02,,0.0,0.0,2004-09-06,
Kill.switch,GBA,Shooter,"Destination Software, Inc",Visual Impact,7.5,0.02,0.02,,0.01,0.0,2004-09-16,
Brothers in Arms: Hell's Highway,PC,Shooter,Ubisoft,Gearbox Software,6.0,0.02,,,0.02,0.0,2008-10-07,
The Haunted: Hell's Reach,PC,Shooter,Visco,ValuSoft,5.3,0.02,0.02,,,0.0,2011-10-20,
Dead to Rights,GBA,Shooter,Namco,Torus Games,3.6,0.02,0.01,,0.0,0.0,2004-12-03,
AirForce Delta Storm,GBA,Shooter,Konami,Konami,7.5,0.02,0.02,,0.01,0.0,2002-09-16,
Sniper Elite V2,WiiU,Shooter,505 Games,Rebellion Developments,7.0,0.02,,,0.02,0.0,2013-05-21,2018-03-13
Dark Void,PC,Action,Capcom,Airtight Games,6.1,0.02,,,0.01,0.0,2010-01-19,
Quake 4,PC,Shooter,Activision,id Software / Raven Software,8.1,0.02,,,0.02,0.0,2005-10-11,
Disney's Magical Quest 3 Starring Mickey and Donald,GBA,Action,Capcom,Capcom Entertainment,6.5,0.02,0.02,,0.01,0.0,2005-06-14,
Chicken Hunter,DS,Shooter,Mumbo Jumbo,Phenomedia,3.5,0.02,0.02,,,0.0,2008-03-04,
Max Payne,PC,Shooter,Gathering of Developers,Remedy Entertainment,9.2,0.02,,,0.02,0.0,2001-07-23,
Legendary,PC,Shooter,Gamecock,Spark Unlimited,4.0,0.02,,,0.02,0.0,2008-11-18,
Dinotopia: The Sunstone Odyssey,GC,Action,TDK Mediactive,Vicious Cycle,4.7,0.02,0.01,,0.0,0.0,2003-07-23,
LEGO Star Wars: The Video Game,PC,Action,Eidos Interactive,Traveller's Tales,7.8,0.02,,,0.01,0.0,2005-04-02,
Mission: Impossible - Operation Surma,GC,Action,Atari,Paradigm Entertainment,7.3,0.02,0.01,,0.0,0.0,2004-03-23,
Games Explosion!,GBA,Action,THQ,FrontLine Studios,4.0,0.02,0.01,,0.0,0.0,2006-08-15,
LEGO Star Wars II: The Original Trilogy,PC,Action,LucasArts,Traveller's Tales,8.3,0.02,,,0.01,0.0,2006-09-12,
Just Cause,PS2,Action,Eidos Interactive,Avalanche Studios,6.9,0.02,0.01,,0.01,0.0,2006-09-27,
Yoku's Island Express,XOne,Action,Villa Gorilla,Villa Gorilla,9.0,0.02,0.01,,,0.0,2018-06-19,2019-03-31
Unreal Tournament 2004,PC,Shooter,Atari,Epic Games,9.4,0.02,,,0.02,0.0,2004-03-16,
Trigger Man,GC,Shooter,Crave Entertainment,Point of View,2.0,0.02,0.01,,0.0,0.0,2004-10-05,
Gears of War,PC,Shooter,Microsoft Game Studios,Epic Games,8.8,0.02,0.0,,0.01,0.0,2007-11-06,
Sniper Elite,PC,Shooter,Namco,Rebellion Developments,7.4,0.02,,,0.01,0.0,2005-10-27,
Tomb Raider: Legend,PC,Action,Eidos Interactive,Crystal Dynamics,8.0,0.02,,,0.02,0.0,2006-04-11,
Just Cause,PC,Action,Eidos Interactive,Avalanche Studios,7.3,0.02,,,0.01,0.0,2006-09-27,
Ty the Tasmanian Tiger 3: Night of the Quinkan,XB,Action,Activision,Krome Studios,6.2,0.02,0.02,,0.01,0.0,2005-10-11,
The Lord of the Rings: Conquest,PC,Action,Electronic Arts,Pandemic Studios,5.5,0.02,0.0,,0.02,0.0,2009-01-13,
Trine,PC,Platform,Nobilis,Frozenbyte,8.1,0.01,,,0.01,0.0,2009-07-02,
Banjo-Kazooie,XBL,Platform,Microsoft Game Studios,4J Studios,7.0,0.01,,,0.01,0.0,2008-12-03,
Kao the Kangaroo,GBA,Platform,Titus,Titus Software,3.9,0.01,0.01,,0.0,0.0,2001-12-11,
Spider-Man: Friend or Foe,PC,Action,Activision,Beenox,5.6,0.01,0.01,,0.0,0.0,2007-10-02,
Grand Theft Auto III,PC,Action,Rockstar Games,DMA Design,9.1,0.01,,,0.01,0.0,2002-05-20,
Blackthorne,GBA,Action,Blizzard Entertainment,Mass Media,7.1,0.01,0.01,,0.0,0.0,2003-09-17,
E.T. The Extra-Terrestrial,GBA,Action,NewKidCo,Fluid Studios,3.5,0.01,0.01,,0.0,0.0,2001-12-14,
Aquaman: Battle for Atlantis,GC,Action,TDK Mediactive,Lucky Chicken,2.4,0.01,0.01,,0.0,0.0,2003-07-23,
Yoku's Island Express,NS,Action,Villa Gorilla,Villa Gorilla,9.0,0.01,0.01,,,0.0,2018-06-19,2019-03-31
James Bond 007: Blood Stone,PC,Action,Activision,Bizarre Creations,6.2,0.01,0.01,,,0.0,2010-11-02,
Bruce Lee: Return of the Legend,GBA,Action,Vivendi Games,Vicarious Visions,8.4,0.01,0.01,,0.0,0.0,2003-03-28,
Yoku's Island Express,PS4,Action,Villa Gorilla,Villa Gorilla,9.0,0.01,0.01,,,0.0,2018-06-19,2019-03-31
Carmageddon 64,N64,Action,Titus,SCi,1.3,0.01,0.01,,,0.0,1999-12-05,
Devil May Cry 3: Dante's Awakening Special Edition,PC,Action,Ubisoft,Capcom,7.1,0.01,,,0.01,0.0,2006-10-16,
Hugo: The Evil Mirror,GBA,Action,Namco,ITE Media,5.9,0.01,0.01,,0.0,0.0,2005-04-24,
Battle B-Daman,GBA,Action,Atlus,Atlus Co.,6.0,0.01,0.0,,0.0,0.0,2006-07-26,
Puyo Pop Fever,GC,Puzzle,Sega,Sonic Team,7.9,0.01,0.01,,0.0,0.0,2004-07-20,
Capcom Puzzle World,PSP,Puzzle,Capcom,Capcom,7.4,0.01,0.01,,0.0,0.0,2007-02-06,
Zuma's Revenge!,PC,Puzzle,PopCap Games,PopCap Games,8.3,0.01,0.01,,,0.0,2009-09-16,
Lionheart: Kings' Crusade,PC,Strategy,Paradox Interactive,Neocore Games,6.3,0.01,,,0.01,0.0,2010-10-08,
Shogun: Total War,PC,Strategy,Electronic Arts,The Creative Assembly,8.8,0.01,0.0,,0.01,0.0,2000-06-13,
Command & Conquer: Generals,PC,Strategy,Electronic Arts,EA Pacific,8.6,0.01,0.01,,0.0,0.0,2003-02-10,
MetropolisMania 2,PS2,Strategy,Natsume,Indi Software,4.3,0.01,0.0,,0.0,0.0,2007-08-28,
Zoo Tycoon 2: Extinct Animals,PC,Strategy,Microsoft Game Studios,Blue Fang Games,7.6,0.01,0.01,,0.0,0.0,2007-10-16,
STORM: Frontline Nation,PC,Strategy,Viva Media,Colossai Studio,7.0,0.01,,,0.01,0.0,2011-06-28,
Hospital Tycoon,PC,Strategy,Codemasters,Big Red Software,4.0,0.01,,,0.01,0.0,2007-06-05,
Battlestations: Midway,PC,Strategy,Eidos Interactive,Eidos Hungary,7.7,0.01,,,0.01,0.0,2007-01-30,
Command & Conquer 4: Tiberian Twilight,PC,Strategy,Electronic Arts,EA Los Angeles,6.6,0.01,,,0.01,0.0,2010-03-16,
Dr. Sudoku,GBA,Puzzle,Mastiff,Success,6.7,0.01,0.0,,0.0,0.0,2006-05-03,
bit Generations: Dialhex,GBA,Puzzle,Nintendo,skip Ltd.,7.0,0.01,,0.01,,0.0,2006-07-13,
Musynx,NS,Music,PM Studios,PM Studios,7.5,0.01,0.01,,,0.0,2018-06-19,2018-01-07
Buzz! Quiz World,PSP,Misc,Sony Computer Entertainment,Relentless Software,5.9,0.01,,,0.0,0.0,2009-12-18,
Happy Birthdays,NS,Misc,NIS America,Arc System Works,8.5,0.01,0.01,,,0.0,2018-06-05,2019-04-07
Dawn of Discovery: Venice,PC,Simulation,Ubisoft,Blue Byte Software / Related Designs,7.0,0.01,,,0.0,0.0,2010-02-26,
After Burner: Black Falcon,PSP,Simulation,Sega,Planet Moon Studios,7.4,0.01,0.01,,0.0,0.0,2007-03-20,
Street Cleaning Simulator,PC,Simulation,Excalibur Publishing,TML Studios,1.5,0.01,,,0.01,,2011-07-01,
SimCity 3000 Unlimited,PC,Simulation,Electronic Arts,Maxis,6.9,0.01,0.01,,,0.0,2000-05-16,
Flipping Death,NS,Adventure,Rising Star,Zoink Games,7.5,0.01,0.01,,,0.0,2018-10-16,2019-03-23
Aliens versus Predator,PC,Shooter,Fox Interactive,Rebellion Developments,8.7,0.01,,,0.01,0.0,1999-04-30,
Defender,GBA,Shooter,Midway Games,OutLook Entertainment,3.5,0.01,0.0,,0.0,0.0,2002-11-03,
Duke Nukem Advance,GBA,Shooter,Take-Two Interactive,Torus Games,8.5,0.01,0.0,,0.0,0.0,2002-08-12,
Grooverider: Slot Car Thunder,GC,Racing,Encore,King of the Jungle,4.5,0.01,0.01,,0.0,0.0,2003-09-28,
DiRT 4,PC,Racing,Deep Silver,Codemasters,9.2,0.01,,,0.01,0.0,2017-06-06,2018-02-11
Freekstyle,GBA,Racing,DSI Games,Full Fat,7.2,0.01,0.01,,0.0,0.0,2003-08-30,
Army Men: Air Combat - The Elite Missions,GC,Shooter,3DO,3DO,3.8,0.01,0.01,,0.0,0.0,2003-03-25,
The Chronicles of Riddick: Assault on Dark Athena,PC,Shooter,Atari,Starbreeze Studios AB,8.0,0.01,,,0.01,0.0,2009-04-07,
CT Special Forces 2: Back in the Trenches,GBA,Shooter,Hip Interactive,LSP,7.4,0.01,0.01,,0.0,0.0,2004-06-29,
Deus Ex,PC,Shooter,Eidos Interactive,Ion Storm,9.2,0.01,,,0.01,0.0,2000-06-26,
Call of Duty,PC,Shooter,Activision,Infinity Ward,7.0,0.01,,,0.01,0.0,2003-10-29,
Call of Juarez,PC,Shooter,Ubisoft,Techland,6.7,0.01,,,0.01,0.0,2007-06-12,
Unreal Tournament 2003,PC,Shooter,Atari,Digital Extremes,9.0,0.01,,,0.01,0.0,2002-09-30,
BlowOut,GC,Shooter,Majesco,Terminal Reality,6.5,0.01,0.01,,0.0,0.0,2003-11-26,
Space Raiders,GC,Shooter,Mastiff,Taito Corporation,2.9,0.01,0.01,,0.0,0.0,2004-04-19,
Clive Barker's Jericho,PC,Shooter,Codemasters,Mercury Steam / Alchemic Productions,6.4,0.01,,,0.01,0.0,2007-10-23,
Breach,PC,Shooter,Destineer,Atomic Games,6.5,0.01,0.01,,,0.0,2011-01-26,
Captain Rainbow,Wii,Adventure,Nintendo,skip Ltd.,7.0,0.01,,0.01,,,2008-08-28,
Harry Potter and the Goblet of Fire,PC,Adventure,Electronic Arts,Electronic Arts,6.7,0.01,,,0.01,0.0,2005-11-08,
The City of Lost Children,PS,Adventure,Psygnosis,Psygnosis,4.9,0.01,0.0,,0.0,0.0,1997-05-31,
Pirates of Black Cove,PC,Adventure,Paradox Interactive,Nitro Games,5.5,0.01,,,0.01,0.0,2011-08-02,
bit Generations: Dotstream,GBA,Racing,Nintendo,skip Ltd.,8.0,0.01,,0.01,,0.0,2006-07-13,
Fast Racing Neo,WiiU,Racing,Shin'en,Shin'en,8.1,0.01,,,0.01,0.0,2015-12-10,2018-02-01
Pocket Racers,PSP,Racing,Konami,Blade Interactive,3.8,0.01,0.01,,,0.0,2006-11-14,
Karnaaj Rally,GBA,Racing,Jaleco,Paragon 5,7.9,0.01,0.01,,0.0,0.0,2003-01-02,
Full Auto 2: Battlelines,PSP,Racing,Sega,Deep Fried Entertainment,5.5,0.01,0.0,,0.0,0.0,2007-03-20,
Aggressive Inline,GBA,Sports,Acclaim Entertainment,Full-Fat,7.3,0.01,0.0,,0.0,0.0,2002-08-27,
Top Spin 2,GBA,Sports,2K Sports,Indie Built,6.6,0.01,0.0,,0.0,0.0,2006-03-29,
Blood Bowl,PSP,Sports,Focus Home Interactive,Cyanide Studio,5.0,0.01,,,0.01,0.0,2010-04-13,
Disney Sports Basketball,GC,Sports,Konami,Konami,4.0,0.01,0.01,,0.0,0.0,2003-01-13,
Brian Lara International Cricket 2007,X360,Sports,Codemasters,Codemasters,7.3,0.01,,,0.01,0.0,2007-03-23,
LMA Manager 2007,X360,Sports,Codemasters,Codemasters,6.2,0.01,,,0.01,0.0,2006-09-22,
NHL 2K7,XB,Sports,2K Sports,2K Sports,7.7,0.01,0.01,,0.0,0.0,2006-09-12,
Battle Fantasia,PS3,Fighting,505 Games,Arc System Works,7.0,0.01,,0.01,0.0,0.0,2009-03-06,
Soul Calibur IV,XBL,Fighting,Namco Bandai Games,Project Soul,8.4,0.01,,,0.0,0.0,2008-07-29,
Legend of Kay Anniversary,NS,Action-Adventure,THQ Nordic,THQ Nordic,6.5,0.01,,,0.01,0.0,2018-05-29,2019-04-06
Hotel Transylvania 3: Monsters Overboard,NS,Action-Adventure,Outright Games,Torus Games,6.5,0.01,0.01,,,0.0,2018-07-10,2019-03-24
Dungeon Explorer: Warriors of Ancient Arts,PSP,Role-Playing,Hudson Entertainment,Hudson Soft,6.1,0.01,0.01,,0.0,0.0,2008-02-15,
Virtua Quest,GC,Role-Playing,Sega,Artificial Mind and Movement,5.4,0.01,0.01,,0.0,0.0,2005-01-19,
Hoshigami: Ruining Blue Earth Remix,DS,Role-Playing,Aksys Games,Barnhouse Effect,5.6,0.01,,0.01,0.0,0.0,2007-06-25,
The Last Remnant,PC,Role-Playing,Square Enix,Square Enix,7.3,0.01,,,0.01,0.0,2009-03-24,
Neverwinter Nights 2: Mask of the Betrayer,PC,Role-Playing,Atari,Obsidian Entertainment,8.0,0.01,,,0.01,0.0,2007-10-09,
Marvel: Ultimate Alliance,PC,Role-Playing,Activision,Raven Software,8.4,0.01,0.01,,0.0,0.0,2006-10-24,
X-Men Legends II: Rise of Apocalypse,PC,Role-Playing,Activision,Raven Software,7.9,0.01,0.01,,,0.0,2005-09-20,
Guild Wars: Factions,PC,Role-Playing,NCSoft,ArenaNet,8.6,0.01,,,0.01,0.0,2006-04-28,
Rise of the Argonauts,PC,Role-Playing,Codemasters,Liquid Entertainment,5.0,0.01,,,0.01,0.0,2008-12-16,
Gurumin: A Monstrous Adventure,PSP,Role-Playing,Mastiff,Nihon Falcom Corporation,7.4,0.01,0.01,,0.0,0.0,2007-02-12,
Undertale,PS4,Role-Playing,Toby Fox,Toby Fox,9.7,0.01,,0.01,,,2017-08-15,2018-06-06
Neverwinter Nights 2: Storm of Zehir,PC,Role-Playing,Atari,Obsidian Entertainment,7.2,0.01,,,0.01,0.0,2008-11-18,
Winx Club: Join the Club,PSP,Platform,Konami,n-Space,3.6,0.01,0.01,,,0.0,2007-05-07,
Open Season,GBA,Platform,Ubisoft,Ubisoft Montreal,7.6,0.01,0.01,,0.0,0.0,2006-09-19,
Resident Evil 5: Gold Edition,X360,Action,Capcom,Capcom,9.3,0.0,,,0.0,0.0,2010-03-09,
Dillon's Dead-Heat Breakers,3DS,Action,Nintendo,Nintendo,7.0,0.0,,0.0,,,2018-04-26,2018-05-20
Just Cause,XB,Action,Eidos Interactive,Avalanche Studios,7.3,0.0,0.0,,0.0,0.0,2006-09-27,
bit Generations: Boundish,GBA,Action,Nintendo,skip Ltd.,4.0,0.0,,0.0,,0.0,2006-07-13,
Big Bumpin',X360,Action,King Games,Blitz Games,6.7,0.0,0.0,,,0.0,2006-11-19,
Extreme Ghostbusters,GBA,Platform,DreamCatcher Interactive,Magic Pockets,7.1,0.0,0.0,,0.0,0.0,2002-12-30,
Aero The Acro-Bat,GBA,Platform,Metro 3D,Atomic Planet Entertainment,7.2,0.0,0.0,,0.0,0.0,2002-05-14,
Kirby's Adventure,VC,Platform,Nintendo,HAL Laboratory,8.4,0.0,,,0.0,0.0,2007-02-12,
Aion: Tower of Eternity,PC,Role-Playing,NCSoft,NCsoft,7.4,0.0,,,0.0,0.0,2009-09-22,
Grandia II,PC,Role-Playing,Ubisoft,Game Arts,7.7,0.0,,,0.0,,2002-03-10,
Freedom Force,PC,Role-Playing,Crave Entertainment,Irrational Games,9.1,0.0,,,0.0,,2002-03-24,
Titan Quest: Immortal Throne,PC,Role-Playing,THQ,Iron Lore,8.3,0.0,,,0.0,0.0,2007-03-05,
Gothic 3: Forsaken Gods,PC,Role-Playing,JoWood Productions,Trine Games,4.4,0.0,,,0.0,0.0,2008-11-20,2018-01-04
Space Siege,PC,Role-Playing,Sega,Gas Powered Games,4.0,0.0,,,0.0,0.0,2008-08-12,
Paper Mario,VC,Role-Playing,Nintendo,Intelligent Systems,9.0,0.0,,,0.0,0.0,2007-07-16,
System Shock 2,PC,Role-Playing,Electronic Arts,Irrational Games / Looking Glass Studios,8.9,0.0,,,0.0,0.0,1999-08-11,
The Elder Scrolls III: Morrowind,PC,Role-Playing,Bethesda Softworks,Bethesda Softworks,8.7,0.0,,,0.0,0.0,2002-05-01,
Dungeons & Dragons: Daggerdale,PC,Role-Playing,Atari,Bedlam Games,6.0,0.0,,,0.0,0.0,2011-05-25,
The Elder Scrolls IV: Oblivion - Game of the Year Edition,X360,Role-Playing,2K Games,Bethesda Softworks,8.5,0.0,,,0.0,0.0,2007-09-10,
Phantasy Star Universe,PC,Role-Playing,Sega,Sonic Team,6.4,0.0,,,0.0,0.0,2006-10-24,
Darkstone,PC,Role-Playing,Gathering of Developers,Delphine Software International,7.5,0.0,,,0.0,,1999-07-13,
The Elder Scrolls IV: Oblivion - Game of the Year Edition,PS3,Role-Playing,Bethesda Softworks,Bethesda Softworks,8.5,0.0,,,0.0,0.0,2007-10-16,
Izuna: Legend of the Unemployed Ninja,DS,Role-Playing,Atlus,Ninja Studio,6.4,0.0,,,0.0,,2007-02-20,
Final Fantasy XI: Online,PC,Role-Playing,Square Enix,Square Enix,8.2,0.0,,,0.0,,2004-09-21,
Sam & Max Hit the Road,PC,Adventure,LucasArts,LucasArts,9.0,0.0,,,0.0,,1993-01-01,
Sherlock Holmes: The Awakened,PC,Adventure,Focus Home Interactive,Frogwares,6.0,0.0,,,0.0,,2007-03-01,
Second Sight,PC,Adventure,Codemasters,Free Radical Design,7.0,0.0,,,0.0,,2005-02-18,
Gone Home,PC,Adventure,The Fullbright Company,The Fullbright Company,9.1,0.0,,,0.0,0.0,2013-08-15,2018-01-21
Penumbra: Overture,PC,Adventure,Got Game Entertainment,Frictional Games,6.9,0.0,,,0.0,0.0,2007-05-08,
Disney Sports Motocross,GBA,Racing,Konami,Konami,5.2,0.0,0.0,,,,2003-03-31,
Rayman Arena,PC,Racing,Ubisoft,Ubisoft,5.1,0.0,,,0.0,,2002-09-24,
Dual Blades,GBA,Fighting,Metro 3D,Metro3D,6.0,0.0,0.0,,0.0,0.0,2002-10-07,
Ready 2 Rumble Boxing: Round 2,GBA,Fighting,Midway Games,Midway Games,4.8,0.0,0.0,,0.0,0.0,2001-05-30,
From Dust,PC,Adventure,Ubisoft,Ubisoft Montpellier,8.2,0.0,0.0,,,0.0,2011-08-17,
Prince of Persia: The Sands of Time,PC,Adventure,Ubisoft,Ubisoft Montreal,9.0,0.0,,,0.0,0.0,2003-11-30,
Still Life,PC,Adventure,The Adventure Company,Microids,6.4,0.0,,,0.0,0.0,2005-05-04,
Dreamfall: The Longest Journey,PC,Adventure,Aspyr,Funcom,7.4,0.0,,,0.0,0.0,2006-04-17,
Football Manager 2006,X360,Sports,Sega,Sports Interactive,8.5,0.0,,,0.0,0.0,2006-04-13,
Prison Break: The Conspiracy,PC,Adventure,Deep Silver,ZootFly,2.5,0.0,,,0.0,0.0,2010-03-30,
High Heat Major League Baseball 2003,GBA,Sports,3DO,Mobius Entertainment,6.0,0.0,0.0,,0.0,0.0,2002-03-05,
Madden NFL 09 All-Play (weekly US sales),Wii,Sports,Electronic Arts,EA Tiburon,8.0,0.0,0.0,,,0.0,2008-08-12,
High Heat Major League Baseball 2002,GBA,Sports,3DO,Mobius Entertainment,6.0,0.0,0.0,,0.0,0.0,2001-09-16,
FIFA 07 Soccer,PC,Sports,EA Sports,EA Canada,8.4,0.0,,,0.0,0.0,2006-10-03,
Tiger Woods PGA Tour 07,PC,Sports,EA Sports,EA Redwood Shores,7.8,0.0,,,0.0,0.0,2006-10-10,
Gadget Racers,GBA,Racing,Conspiracy Entertainment,Takara,7.0,0.0,0.0,,0.0,0.0,2001-10-27,
Need for Speed: Hot Pursuit 2,PC,Racing,Electronic Arts,EA Black Box,6.7,0.0,,,0.0,0.0,2002-10-21,
NBA 2K9,PC,Sports,2K Sports,Visual Concepts,8.0,0.0,,,0.0,0.0,2008-10-20,
David Beckham Soccer,GBA,Sports,Majesco,Rage Software,3.1,0.0,0.0,,0.0,,2002-10-07,
Disney Sports Snowboarding,GBA,Sports,Konami,Konami,5.1,0.0,0.0,,0.0,,2003-02-05,
Tour de France 2011,PS3,Sports,Unknown,Cyanide Studio,6.0,0.0,,,0.0,,,
Football Manager Handheld 2007,PSP,Sports,Unknown,Sports Interactive,8.1,0.0,,,0.0,0.0,,
Tony Hawk's Pro Skater 2,PC,Sports,Activision,Neversoft Entertainment,9.0,0.0,,,0.0,0.0,2000-10-31,
Tony Hawk's Underground 2,PC,Sports,Activision,Neversoft Entertainment,8.5,0.0,,,0.0,0.0,2004-10-04,
Pure (JP sales),X360,Racing,Disney Interactive Studios,Black Rock Studio,7.0,0.0,,0.0,,,2009-06-25,
Vin Diesel: Wheelman,PC,Racing,Ubisoft,Tigon,6.5,0.0,,,0.0,0.0,2009-03-24,
Cruis'n Velocity,GBA,Racing,Midway Games,Graphic State,5.3,0.0,0.0,,0.0,0.0,2001-11-30,
Pure (JP sales),PS3,Racing,Disney Interactive Studios,Black Rock Studio,7.0,0.0,,0.0,,,2009-06-25,
Top Spin 2,PC,Sports,2K Sports,Aspyr,6.8,0.0,,,0.0,,2007-06-13,
F1 Grand Prix,PSP,Racing,Sony Computer Entertainment,Traveller's Tales,6.0,0.0,,,0.0,0.0,2005-09-01,
Back to the Future: The Game,PC,Adventure,Telltale Games,Telltale Games,8.1,0.0,,,0.0,0.0,2010-12-23,2018-04-23
Team Fortress 2,PC,Shooter,Valve,Valve Corporation,9.2,0.0,,,0.0,0.0,2008-04-08,2019-03-26
The Operative: No One Lives Forever,PC,Shooter,Fox Interactive,Monolith Productions,8.9,0.0,,,0.0,0.0,2000-11-09,
Cryostasis: Sleep of Reason,PC,Shooter,Aspyr,Action Forms Ltd.,7.0,0.0,,,0.0,0.0,2009-04-24,
Medal of Honor: Allied Assault,PC,Shooter,Electronic Arts,"2015, Inc.",9.3,0.0,,,0.0,0.0,2002-01-20,2018-03-22
Mercenaries 2: World in Flames,PC,Shooter,Electronic Arts,Pandemic Studios,6.0,0.0,,,0.0,0.0,2008-09-03,
Star Wars Jedi Knight II: Jedi Outcast,PC,Shooter,LucasArts,Raven Software,9.0,0.0,,,0.0,0.0,2002-03-26,
Lost Planet: Extreme Condition Colonies Edition,X360,Shooter,Capcom,Capcom,7.8,0.0,,,0.0,0.0,2008-05-27,
Phalanx,GBA,Shooter,Kemco,Zoom Inc.,5.0,0.0,0.0,,0.0,0.0,2001-12-27,
Bionicle Heroes,PC,Shooter,Eidos Interactive,Traveller's Tales,5.4,0.0,,,0.0,0.0,2006-11-14,
Deus Ex: Invisible War,PC,Shooter,Eidos Interactive,Ion Storm,8.5,0.0,,,0.0,0.0,2003-12-02,
Red Faction II,PC,Shooter,THQ,Outrage Games,7.2,0.0,,,0.0,0.0,2003-04-09,
BackTrack,GBA,Shooter,Telegames,"Telegames, Inc.",5.2,0.0,0.0,,0.0,,2001-10-04,
The Mark,PC,Shooter,DreamCatcher Interactive,T7 Games,3.0,0.0,,,0.0,0.0,2007-02-26,
Red Faction,PC,Shooter,THQ,Volition Inc.,8.1,0.0,,,0.0,,2001-09-17,
John Romero's Daikatana,PC,Shooter,Eidos Interactive,Ion Storm,4.0,0.0,,,0.0,,2000-04-14,
Velvet Assassin,PC,Shooter,SouthPeak Interactive,Replay Studios,6.2,0.0,,,0.0,0.0,2009-04-30,
Matt Hazard: Blood Bath and Beyond,XBL,Shooter,D3 Publisher,Vicious Cycle,6.6,0.0,,,0.0,0.0,2010-01-06,
The Sims 2 Holiday Edition,PC,Simulation,Electronic Arts,Maxis,2.0,0.0,,,0.0,0.0,2005-11-15,
MDK2,PC,Shooter,Interplay,BioWare Corp.,8.5,0.0,,,0.0,,2000-05-31,
A-Train HX,X360,Simulation,505 Games,ArtDink,2.0,0.0,,,0.0,0.0,2008-03-07,
Tropico 2: Pirate Cove,PC,Simulation,Gathering of Developers,Frog City Software,8.3,0.0,,,0.0,0.0,2003-04-08,
The Sims 3: Pets,PS3,Simulation,Electronic Arts,The Sims Studio,7.3,0.0,0.0,,0.0,0.0,2011-10-18,
Trainz,PC,Simulation,Strategy First,Auran Games,8.4,0.0,,,0.0,0.0,2002-02-10,
The Sims 3: Pets,X360,Simulation,Electronic Arts,The Sims Studio,7.0,0.0,0.0,,0.0,0.0,2011-10-18,
Capcom Classics Mini Mix,GBA,Misc,Capcom,Capcom,6.5,0.0,0.0,,0.0,0.0,2006-09-19,
Ape Academy 2,PSP,Misc,Sony Computer Entertainment,Shift,6.4,0.0,,,0.0,0.0,2006-09-29,
Muppet Pinball Mayhem,GBA,Misc,NewKidCo,Digital Eclipse,7.9,0.0,0.0,,0.0,0.0,2002-05-29,
echoshift,PSP,Puzzle,Sony Computer Entertainment,JAPAN Studio / Artoon,7.5,0.0,,,0.0,0.0,2010-02-24,2018-09-17
Buzz! Brain Bender,PSP,Puzzle,Sony Computer Entertainment,Relentless Software,6.5,0.0,,,0.0,0.0,2008-11-28,
Boulder Dash EX,GBA,Puzzle,Kemco,Vision Works,7.7,0.0,0.0,,0.0,0.0,2002-09-16,
Egg Mania,GBA,Puzzle,Kemco,HotGen Studios,7.3,0.0,0.0,,0.0,0.0,2002-09-16,
X-Blades,PC,Action,SouthPeak Interactive,Gaijin Entertainment,6.4,0.0,,,0.0,,2009-02-10,
Daredevil,GBA,Action,Encore,Griptonite Games,5.3,0.0,0.0,,0.0,,2003-02-02,
Elebits: The Adventures of Kai and Zero,DS,Action,Konami,Konami,7.4,0.0,0.0,,,,2009-01-06,
Resident Evil 3: Nemesis,PC,Action,Capcom,Capcom,7.3,0.0,,,0.0,0.0,2001-04-16,
A Sound of Thunder,GBA,Action,BAM! Entertainment,Rockstar Leeds,6.8,0.0,0.0,,0.0,,2005-02-01,
Army Men: Operation Green,GBA,Action,3DO,Pocket Studios,6.2,0.0,0.0,,0.0,,2001-12-02,
The Matrix: Path of Neo,PC,Action,Atari,Shiny Entertainment,6.6,0.0,,,0.0,,2005-11-07,
Reservoir Dogs,PC,Action,Eidos Interactive,Volatile Games,5.6,0.0,,,0.0,,2006-10-24,
Resident Evil 5: Gold Edition,PS3,Action,Capcom,Capcom,9.1,0.0,,,0.0,0.0,2010-03-09,
Grand Theft Auto,PC,Action,ASC Games,DMA Design,6.4,0.0,,,0.0,0.0,1998-03-24,
Driver,PC,Action,GT Interactive,Reflections Interactive,8.5,0.0,,,0.0,,2000-09-10,
The Incredibles,PC,Action,THQ,Heavy Iron Studios,6.5,0.0,,,0.0,0.0,2004-10-26,
Medieval: Total War,PC,Strategy,Activision,The Creative Assembly,9.0,0.0,,,0.0,0.0,2002-08-19,
Victoria II,PC,Strategy,Paradox Interactive,Paradox Interactive,8.1,0.0,,,0.0,0.0,2010-08-13,
School Tycoon,PC,Strategy,Global Star Software,Cat Daddy Games,6.9,0.0,,,0.0,0.0,2004-01-15,
Zoo Tycoon 2: African Adventure,PC,Strategy,Microsoft Game Studios,Blue Fang Games,4.0,0.0,0.0,,,0.0,2006-05-22,
Act of War: Direct Action,PC,Strategy,Atari,Eugen Systems,8.2,0.0,,,0.0,0.0,2005-03-15,
"Warhammer 40,000: Dawn of War - Dark Crusade",PC,Strategy,THQ,Relic,8.8,0.0,,,0.0,0.0,2006-10-09,
Thrillville: Off the Rails,PC,Strategy,LucasArts,Frontier Developments,8.1,0.0,,,0.0,0.0,2007-10-09,
Defender of the Crown,GBA,Strategy,Metro 3D,Crawfish Interactive,6.8,0.0,0.0,,0.0,0.0,2002-10-07,
Sid Meier's Civilization II,PC,Strategy,Microprose,MPS Labs,9.1,0.0,,,0.0,0.0,1996-02-29,
Zoo Tycoon 2: Endangered Species,PC,Strategy,Microsoft Game Studios,Blue Fang Games,6.2,0.0,,,0.0,0.0,2005-10-19,
Mall Tycoon 3,PC,Strategy,Global Star Software,Cat Daddy Games,6.8,0.0,,,0.0,0.0,2005-10-26,
Mall Tycoon,PC,Strategy,Take-Two Interactive,"Holistic Design, Inc.",4.7,0.0,,,0.0,0.0,2002-02-03,
Championship Manager 2006,PSP,Strategy,DTMC,Gusto Games,7.8,0.0,,,0.0,0.0,2006-04-07,
Act of War: High Treason,PC,Strategy,Atari,Eugen Systems,6.8,0.0,,,0.0,0.0,2006-05-30,
King's Bounty: The Legend,PC,Strategy,Atari,Katauri Interactive,8.4,0.0,,,0.0,0.0,2008-09-23,
Sid Meier's Civilization III,PC,Strategy,Infogrames,Firaxis Games,8.6,0.0,,,0.0,0.0,2001-10-30,
World in Conflict: Soviet Assault,PC,Strategy,Ubisoft,Massive Entertainment / Swordfish Studios,6.1,0.0,,,0.0,,2009-03-10,
Jazz Jackrabbit,GBA,Action,Jaleco,Game Titan,6.8,0.0,0.0,,0.0,0.0,2003-01-03,
Tropico,PC,Strategy,Gathering of Developers,Gathering of Developers,8.7,0.0,,,0.0,,2001-04-23,
Full Spectrum Warrior,PC,Strategy,THQ,Pandemic Studios,7.8,0.0,,,0.0,,2004-09-21,
SpellForce 2: Shadow Wars,PC,Strategy,Aspyr,Phenomic Game Development,8.2,0.0,,,0.0,0.0,2006-05-02,
Mech Platoon,GBA,Strategy,Kemco,Will,7.6,0.0,0.0,,0.0,0.0,2002-01-03,
Metal Gear Solid,PC,Action,Konami,Digital Dialect,8.5,0.0,,,0.0,0.0,2000-09-24,
Metal Gear Solid 2: Substance,PC,Action,Konami,Konami Computer Entertainment Japan,7.8,0.0,,,0.0,0.0,2003-03-27,
Gauntlet: Dark Legacy,GBA,Action,Midway Games,Pocket Studios,3.1,0.0,0.0,,0.0,0.0,2002-11-25,
Metal Gear Online,PS3,Action,Konami Digital Entertainment,Kojima Productions,8.1,0.0,,0.0,,,2008-06-12,
Transformers: War for Cybertron,PC,Action,Activision,High Moon Studios,7.4,0.0,,,0.0,0.0,2010-06-22,
Madagascar,PC,Platform,Activision,Beenox,6.7,0.0,,,0.0,,2005-05-24,
Pokémon Rumble U,WiiU,Action,Nintendo,Ambrella,5.7,0.0,,,0.0,0.0,2013-08-29,2018-08-03
Twin Sector,PC,Action,Headup Games,DNS Development,4.2,0.0,0.0,,,0.0,2010-01-23,
Army Men Advance,GBA,Action,3DO,DC Studios,6.1,0.0,0.0,,0.0,0.0,2001-06-10,
Psychonauts,PC,Platform,Majesco,Double Fine Productions,8.8,0.0,,,0.0,0.0,2005-04-26,
Rayman 2: The Great Escape,PC,Platform,Ubisoft,Ubisoft Montpellier,9.1,0.0,,,0.0,0.0,1999-10-31,
LittleBigPlanet: Game of the Year Edition,PS3,Platform,Sony Computer Entertainment,Media Molecule,9.5,0.0,,,0.0,0.0,2009-09-08,
Shrek 2,PC,Platform,Activision,KnowWonder,4.6,0.0,,,0.0,0.0,2004-05-03,
Open Season,PC,Platform,Ubisoft,Ubisoft Montreal,6.4,0.0,,,0.0,0.0,2006-09-19,
LIMBO,PC,Platform,Unknown,Playdead,9.0,0.0,,,0.0,0.0,2011-08-02,
Dokapon: Monster Hunter,GBA,Role-Playing,AIA,"Asmik Ace Entertainment, Inc",6.4,0.0,0.0,,0.0,0.0,2001-10-30,
Fallout 2,PC,Role-Playing,Interplay,Black Isle Studios,9.2,0.0,,,0.0,0.0,1998-09-30,
Mount & Blade: With Fire & Sword,PC,Role-Playing,Paradox Interactive,Snowberry Connection and Sich Studio,6.6,0.0,0.0,,,0.0,2011-05-03,
Dark Messiah Might and Magic,PC,Role-Playing,Ubisoft,Arkane Studios / Floodgate Entertainment / Kuju Entertainment,7.3,0.0,,,0.0,0.0,2006-10-24,
Jade Empire: Special Edition,PC,Role-Playing,2K Games,BioWare Corp.,7.8,0.0,,,0.0,0.0,2007-02-26,
Teslagrad,WiiU,Platform,Rain Games,Rain Games,7.0,0.0,,,0.0,0.0,2014-09-11,2018-01-04
Open Season,XB,Platform,Ubisoft,Ubisoft Montreal,6.4,0.0,0.0,,0.0,0.0,2006-09-19,
The SpongeBob SquarePants Movie,PC,Platform,THQ,Heavy Iron Studios,6.0,0.0,0.0,,,0.0,2004-10-27,
God of War (2018),PS4,Action,Sony Interactive Entertainment,SIE Santa Monica Studio,9.7,,,,,,2018-04-20,2022-05-26
Uncharted 4: A Thief's End,PS4,Action,Sony Interactive Entertainment,Naughty Dog,9.2,,,,,,2016-05-10,2018-09-23
Grand Theft Auto: San Andreas,PS2,Action,Rockstar Games,Rockstar North,9.5,,,,,,2004-10-26,
The Last of Us Part II,PS4,Action,Sony Interactive Entertainment,Naughty Dog,9.4,,,,,,2020-06-19,2020-07-25
Uncharted 3: Drake's Deception,PS3,Action,Sony Computer Entertainment,Naughty Dog,9.3,,,,,,2011-11-01,
Harry Potter and the Sorcerer's Stone,PS,Action,Electronic Arts,Argonaut Games,8.0,,,,,,2001-11-15,
God of War III,PS3,Action,Sony Computer Entertainment,SCEA Santa Monica Studio,9.2,,,,,,2010-03-16,
The Binding of Isaac,PC,Action,Edmund McMillen,Edmund McMillen,8.3,,,,,,2011-09-28,2018-12-01
Tomb Raider (2013),PC,Action,Square Enix,Crystal Dynamics,8.8,,,,,,2013-03-05,2018-01-06
Resident Evil 2,PS,Action,Capcom,Capcom,9.3,,,,,,1998-01-21,
God of War,PS2,Action,Sony Computer Entertainment,SCEA Santa Monica Studio,9.3,,,,,,2005-03-22,
Dead Island,PC,Action,Deep Silver,Techland,7.1,,,,,,2011-09-06,
Dragon Ball: Xenoverse 2,PS4,Action,Namco Bandai Games,Dimps Corporation,7.1,,,,,,2016-10-25,2018-03-03
Monster Hunter Generations,3DS,Action,Capcom,Capcom,8.8,,,,,,2016-07-15,2018-01-30
God of War II,PS2,Action,Sony Computer Entertainment,SCEA Santa Monica Studio,9.3,,,,,,2007-03-13,
Just Cause 2,PC,Action,Eidos Interactive,Avalanche Studios,8.2,,,,,,2010-03-23,
Hyrule Warriors: Age of Calamity,NS,Action,Nintendo,Koei Tecmo Games,9.0,,,,,,2020-11-20,2020-09-12
Monster Hunter: World,PS4,Action,Capcom,Capcom,9.3,,,,,,2018-01-26,2018-01-30
Resident Evil VII: Biohazard,PS4,Action,Capcom,Capcom,8.6,,,,,,2017-01-24,2018-11-06
Resident Evil 3: Nemesis,PS,Action,Capcom,Capcom,9.4,,,,,,1999-11-11,
Luigi's Mansion,GC,Action,Nintendo,Nintendo EAD,7.9,,,,,,2001-11-17,
God of War: Chains of Olympus,PSP,Action,Sony Computer Entertainment,Ready at Dawn,8.9,,,,,,2008-03-04,
New Super Luigi U,WiiU,Action,Nintendo,Nintendo,7.8,,,,,,2013-08-25,2018-01-24
Hitman: Absolution,PC,Action,Square Enix,IO Interactive,9.0,,,,,,2012-11-20,
Resident Evil,PS,Action,Capcom,Capcom,8.6,,,,,,1996-03-30,
Hotline Miami,PC,Action,Devolver Digital,Dennaton Games,8.8,,,,,,2012-10-23,2019-02-01
Batman: Arkham City,PC,Action,Warner Bros. Interactive,Rocksteady Studios,9.0,,,,,,2011-11-22,
God of War Collection,PS3,Action,Sony Computer Entertainment,Bluepoint Games,9.2,,,,,,2009-11-17,
Dino Crisis,PS,Action,Capcom,Capcom Production Studio 4,8.9,,,,,,1999-08-31,
Mafia II,PC,Action,2K Games,Illusion Softworks,7.6,,,,,,2010-08-24,
Resident Evil 4,PS2,Action,Capcom,Capcom Production Studio 4,9.6,,,,,,2005-10-25,
Batman: Arkham Asylum,PC,Action,Eidos Interactive,Rocksteady Studios,9.3,,,,,,2009-09-15,
Devil May Cry,PS2,Action,Capcom,Capcom,9.1,,,,,,2001-10-16,
Naruto to Boruto: Shinobi Striker,PS4,Action,Bandai Namco Games,Soleil Software Studio Inc.,8.5,,,,,,2018-08-31,2018-06-14
LEGO City Undercover: The Chase Begins,3DS,Action,Nintendo,TT Fusion,6.2,,,,,,2013-04-21,2018-01-05
Onimusha: Warlords,PS2,Action,Capcom,Flagship,8.7,,,,,,2001-03-13,
inFAMOUS,PS3,Action,Sony Computer Entertainment,Sucker Punch Productions,8.7,,,,,,2009-05-26,
Resident Evil 4,Wii,Action,Capcom,Capcom Production Studio 4,9.2,,,,,,2007-06-19,2019-07-20
Saints Row,X360,Action,THQ,Volition Inc.,8.0,,,,,,2006-08-29,
Dragon Ball: Xenoverse 2,NS,Action,Namco Bandai Games,Dimps Corporation,8.0,,,,,,2017-09-22,2018-01-01
Dead Rising,X360,Action,Capcom,Capcom Production Studio 1,8.4,,,,,,2006-08-08,
Devil May Cry 2,PS2,Action,Capcom,Capcom,6.5,,,,,,2003-01-25,
Kirby: Planet Robobot,3DS,Action,Nintendo,HAL Laboratory,7.7,,,,,,2016-06-10,2018-04-20
Resident Evil 4,GC,Action,Capcom,Capcom Production Studio 4,9.6,,,,,,2005-01-11,
Mark of the Ninja,PC,Action,Microsoft Studios,Klei Entertainment,9.3,,,,,,2012-10-16,2018-08-12
Heavenly Sword,PS3,Action,Sony Computer Entertainment,Ninja Theory,8.0,,,,,,2007-09-12,
Final Fight,SNES,Action,Capcom,Capcom,10.0,,,,,,1991-11-10,
Resident Evil Outbreak,PS2,Action,Capcom,Capcom Production Studio 1,7.1,,,,,,2004-03-31,
Pokémon Rumble Blast,3DS,Action,Nintendo,Ambrella,5.3,,,,,,2011-10-24,
Resident Evil - Code: Veronica X,PS2,Action,Capcom,Capcom,8.4,,,,,,2001-08-21,
Kid Icarus: Uprising,3DS,Action,Nintendo,Project Sora,8.0,,,,,,2012-03-23,2018-01-05
Yu-Gi-Oh! The Duelists of the Roses,PS2,Action,Konami,Konami,7.0,,,,,,2003-02-16,
Resident Evil,GC,Action,Capcom,Capcom,8.9,,,,,,2002-04-30,
Devil May Cry 3: Dante's Awakening,PS2,Action,Capcom,Capcom,8.6,,,,,,2005-03-01,
Resident Evil Zero,GC,Action,Capcom,Capcom Production Studio 3 / Flagship,8.2,,,,,,2002-11-12,
Bayonetta 2,NS,Action,Nintendo,PlatinumGames,9.5,,,,,,2018-02-16,2018-04-17
Dino Crisis 2,PS,Action,Capcom,Capcom Production Studio 4,8.8,,,,,,2000-09-29,
Ninja Gaiden,XB,Action,Tecmo,Team Ninja,9.4,,,,,,2004-03-02,
God of War: Ghost of Sparta,PSP,Action,Sony Computer Entertainment,Ready at Dawn,8.3,,,,,,2010-11-02,
LEGO City Undercover,WiiU,Action,Nintendo,TT Fusion,7.5,,,,,,2013-03-18,2018-03-20
Ninja Gaiden II,X360,Action,Microsoft,Team Ninja,8.2,,,,,,2008-06-03,
Resident Evil - Code: Veronica,DC,Action,Capcom,Capcom,9.2,,,,,,2000-02-29,
Resident Evil Director's Cut,PS,Action,Capcom,Capcom,8.3,,,,,,1997-01-01,
Ninja Gaiden Sigma,PS3,Action,Tecmo,Team Ninja,8.8,,,,,,2007-07-03,
Resident Evil VII: Biohazard,XOne,Action,Capcom,Capcom,7.9,,,,,,2017-01-24,2018-01-15
Resident Evil 5,PC,Action,Capcom,Capcom,8.9,,,,,,2009-09-15,
Devil May Cry 3: Dante's Awakening Special Edition,PS2,Action,Capcom,Capcom,8.8,,,,,,2006-01-24,
Hyrule Warriors,WiiU,Action,Nintendo,Omega Force,7.4,,,,,,2014-09-26,2020-08-04
Resident Evil 2: Dual Shock Edition,PS,Action,Capcom,Capcom,9.0,,,,,,1998-08-05,
God of War: Origins Collection,PS3,Action,Sony Computer Entertainment,Ready at Dawn,8.6,,,,,,2011-09-13,
Resident Evil 4,PC,Action,Ubisoft,SourceNext,8.0,,,,,,2007-05-15,
Resident Evil VII: Biohazard,PC,Action,Capcom,Capcom,7.9,,,,,,2017-01-24,2018-01-15
Dead Rising 2,PC,Action,Capcom,Blue Castle Games,7.7,,,,,,2010-09-28,
Gods Eater Burst,PSP,Action,D3 Publisher,Shift,7.1,,,,,,2011-03-15,
Hell Yeah! Wrath of the Dead Rabbit,PC,Action,Unknown,Arkedo Studio,5.6,,,,,,,2018-01-05
Metal Gear Solid: The Twin Snakes,GC,Action,Konami,Silicon Knights,8.1,,,,,,2004-03-09,
Ninja Gaiden: Dragon Sword,DS,Action,Tecmo,Team Ninja,8.0,,,,,,2008-03-25,
Warriors  Orochi 4,NS,Action,Koei Tecmo,Omega Force,8.5,,,,,,2018-10-16,2018-11-11
Devil May Cry 4,PC,Action,Capcom,Capcom,7.5,,,,,,2008-07-08,
Bayonetta 2,WiiU,Action,Nintendo,PlatinumGames,9.3,,,,,,2014-10-24,2018-03-20
Condemned: Criminal Origins,X360,Action,Sega,Monolith Productions,8.2,,,,,,2005-11-16,
Dead Rising 2: Off the Record,PC,Action,Capcom,Blue Castle Games,6.8,,,,,,2011-10-11,
Samurai Warriors Chronicles,3DS,Action,Tecmo Koei,Omega Force,5.4,,,,,,2011-03-27,2018-08-04
Azure Striker Gunvolt,3DS,Action,Inti Creates,Inti Creates,8.0,,,,,,2014-08-29,2018-11-25
Rise of Nightmares,X360,Action,Sega,Sega,5.5,,,,,,2011-09-06,
Hydrophobia: Prophecy,PC,Action,Dark Energy Digital,Dark Energy Digital,5.5,,,,,,2011-05-09,
Plain Sight,PC,Action,Beatnik Games,Beatnik Games,7.2,,,,,,2010-03-22,
Dead Island: Riptide,PC,Action,Deep Silver,Techland,6.2,,,,,,2013-04-23,2018-03-15
God Hand,PS2,Action,Capcom,Clover Studio,7.0,,,,,,2006-10-10,
1950s Lawn Mower Kids,DSiW,Action,Unknown,Zordix AB,4.5,,,,,,2011-11-03,
3D Classics: TwinBee,3DS,Action,Nintendo,Nintendo,6.0,,,,,,2011-09-22,
A Way Out,PC,Action,Electronic Arts,Hazelight,7.9,,,,,,2018-03-23,2018-03-24
Advent Rising,PC,Action,Majesco,GlyphX Games,6.5,,,,,,2005-08-09,
Air Cavalry,SNES,Action,CyberSoft,Synergistic Software,7.0,,,,,,1995-06-01,
Amnesia: The Dark Descent,PC,Action,Unknown,Frictional Games,8.7,,,,,,2010-09-08,
Aoi Hagane no Kihei: Space Griffon,DC,Action,Panther Software,Panther Software,4.0,,,,,,1999-11-03,
Arkadian Warriors,XBL,Action,Sierra Online,Wanako Studios,4.9,,,,,,2007-12-12,
Assassin's Creed,PSN,Action,Ubisoft,Ubisoft Montreal,8.4,,,,,,2011-04-12,
Assassin's Creed II,XBL,Action,Ubisoft,Ubisoft Montreal,9.2,,,,,,2010-09-28,
Assassin's Creed II: Battle of Forlì,XBL,Action,Ubisoft,Ubisoft Montreal,6.2,,,,,,2010-01-28,
Assassin's Creed II: Battle of Forlì,PSN,Action,Ubisoft,Ubisoft Montreal,7.4,,,,,,2010-01-28,
Assassin's Creed II: Bonfire of the Vanities,XBL,Action,Ubisoft,Ubisoft Montreal,6.7,,,,,,2010-02-18,
Assassin's Creed II: Bonfire of the Vanities,PSN,Action,Ubisoft,Ubisoft Montreal,7.4,,,,,,2010-02-18,
Assassin's Creed: Bloodlines,PSN,Action,Ubisoft,Griptonite Games,6.3,,,,,,2009-11-19,
Assassin's Creed: Brotherhood,PSN,Action,Ubisoft,Ubisoft Montreal,8.9,,,,,,2011-07-12,
Astro Boy: The Video Game,PSN,Action,D3 Publisher,iMAGi Studios,7.0,,,,,,2009-10-14,
Azure Striker Gunvolt 2,3DS,Action,Inti Creates,Inti Creates,8.3,,,,,,2016-09-29,2018-11-25
Ben 10 Omniverse,PS3,Action,D3Publisher,Unknown,4.0,,,,,,2012-11-03,
Blade,PS,Action,Activision,Hammerhead,4.0,,,,,,2000-11-23,
Blast Off,PSN,Action,Halfbrick Studios,Halfbrick Studios,8.5,,,,,,2009-11-23,
Brawl Brothers,VC,Action,Jaleco,Jaleco Entertainment,7.0,,,,,,2011-04-01,
Bugs'N'Balls,DSiW,Action,Nintendo,EnjoyUp Games,5.0,,,,,,2011-09-29,
Camp Lazlo: Leaky Lake Games,GBA,Action,Crave Entertainment,Collision Studios,4.0,,,,,,2006-11-06,
Castle Crashers,XBL,Action,The Behemoth,The Behemoth,7.0,,,,,,2008-08-27,
Castlevania: Harmony of Despair,XBL,Action,Konami,Konami,6.8,,,,,,2010-08-04,
Charlotte's Web,GBA,Action,Sega,Backbone Entertainment,6.0,,,,,,2006-11-14,
Coaster Works,DC,Action,Xicat Interactive,Unknown,6.9,,,,,,2000-12-10,
Dante's Inferno,PSN,Action,Electronic Arts,Artificial Mind & Movement,4.5,,,,,,2011-05-17,
Dead Block,PSN,Action,Namco Bandai,Candygun Games,4.5,,,,,,2011-07-19,
Dead Block,XBL,Action,Namco Bandai,Candygun Games,4.0,,,,,,2011-07-06,
Dead Head Fred,PSN,Action,D3 Publisher,Vicious Cycle,7.4,,,,,,2008-10-17,
Dead Rising 2: Case West,XBL,Action,Capcom,Blue Castle Games,7.6,,,,,,2010-12-27,
Dead Rising 2: Case Zero,XBL,Action,Capcom,Blue Castle Games,7.9,,,,,,2010-08-31,
Dead Space,PSN,Action,Electronic Arts,EA Redwood Shores,8.9,,,,,,2011-10-18,
Deus Ex: Human Revolution - The Missing Link,PC,Action,Square Enix,Eidos Montreal,7.5,,,,,,2011-10-18,
Deus Ex: Human Revolution - The Missing Link,XBL,Action,Square Enix,Eidos Montreal,7.0,,,,,,2011-10-18,
Deus Ex: Human Revolution - The Missing Link,PSN,Action,Square Enix,Eidos Montreal,8.0,,,,,,2011-10-18,
Dino Crisis,DC,Action,Capcom,Capcom Production Studio 4,7.2,,,,,,2000-11-14,
"Disney's American Dragon: Jake Long, Rise of the Huntsclan",GBA,Action,Buena Vista,WayForward,6.0,,,,,,2006-10-12,
Disney's Dinosaur,DC,Action,Ubisoft,Disney Interactive,5.3,,,,,,2000-11-24,
Disney's Meet the Robinsons,GBA,Action,Disney Interactive Studios,Climax Entertainment,4.7,,,,,,2007-03-27,
DotMan,DSiW,Action,Agetec,SilverStarJapan,7.5,,,,,,2011-09-08,
Double Dragon,3DS,Action,Aksys Games,Technos Japan Corporation,5.5,,,,,,2011-06-23,
Driver,PSN,Action,Ubisoft,Reflections Interactive,8.8,,,,,,2008-08-14,
Dynasty Warriors: Strikeforce,PSN,Action,Tecmo Koei,Omega Force,6.4,,,,,,2009-09-30,
Eragon,XB,Action,Sierra Entertainment,Stormfront Studios,5.3,,,,,,2006-11-14,
Eragon,PS2,Action,Sierra Entertainment,Stormfront Studios,5.4,,,,,,2006-11-14,
escapeVektor: Chapter 1,WW,Action,Unknown,Nnooo,9.0,,,,,,2011-09-29,
Expendable,DC,Action,Infogrames,Rage Software,5.5,,,,,,1999-09-09,
Fantastic 4,GBA,Action,Activision,Torus Games,5.5,,,,,,2005-06-27,
Fat Princess,PSN,Action,Sony Computer Entertainment,Titan Studios,7.8,,,,,,2009-07-30,
Fat Princess: Fistful of Cake,PSN,Action,Sony Computer Entertainment,SuperVillain Studios,7.0,,,,,,2010-05-04,
Fighting Force 2,DC,Action,Eidos Interactive,Core Design Ltd.,4.5,,,,,,1999-11-30,
Final Fight: Double Impact,PSN,Action,Capcom,Capcom,8.3,,,,,,2010-04-15,
Final Fight: Double Impact,XBL,Action,Capcom,Capcom,8.3,,,,,,2010-04-14,
Floigan Bros. Episode 1,DC,Action,Sega,Visual Concepts,6.9,,,,,,2001-07-30,
Foster's Home for Imaginary Friends,GBA,Action,Crave Entertainment,Collision Studios,5.5,,,,,,2006-11-03,
Frogger,XBL,Action,Konami,Digital Eclipse,6.4,,,,,,2006-07-12,
Frogger 2: Swampy's Revenge,DC,Action,Hasbro Interactive,Hasbro Interactive,7.4,,,,,,2000-09-30,
Frogger 2: Swampy's Revenge,PC,Action,Hasbro Interactive,Blitz Games Limited,8.5,,,,,,2000-09-19,
Fruit Ninja Kinect,XBL,Action,Microsoft,Halfbrick Studios,7.6,,,,,,2011-08-10,
G-Force,PSN,Action,Disney Interactive Studios,Keen Games,7.0,,,,,,2009-10-22,
G.I. Joe: The Rise of Cobra,PSN,Action,Electronic Arts,Double Helix Games,4.5,,,,,,2009-09-30,
G.I. Joe: The Rise of Cobra,XBL,Action,Electronic Arts,Double Helix Games,4.3,,,,,,2011-07-12,
Gauntlet,XBL,Action,Midway Games,Digital Eclipse,6.4,,,,,,2005-11-22,
Gauntlet Legends,DC,Action,Midway Games,Atari Games,6.7,,,,,,2000-05-30,
Ghost Rider,GBA,Action,2K Games,Magic Pockets,6.4,,,,,,2007-02-13,
Ghostbusters: Sanctum of Slime,PSN,Action,Atari,Behaviour Studios,4.8,,,,,,2011-03-22,
Ghostbusters: Sanctum of Slime,XBL,Action,Atari,Behaviour Studios,4.9,,,,,,2011-03-23,
Ghostbusters: Sanctum of Slime,PC,Action,Atari,Behaviour Studios,4.8,,,,,,2011-03-23,
Ghostbusters: The Video Game,PSN,Action,Atari,Red Fly Studio,5.8,,,,,,2009-11-04,
Gladiator Begins,PSN,Action,Aksys Games,Acquire,6.3,,,,,,2010-09-14,
God of War: Chains of Olympus,PSN,Action,Sony Computer Entertainment,Ready at Dawn,8.8,,,,,,2009-09-30,
God of War: Ghost of Sparta,PSN,Action,Sony Computer Entertainment,Ready at Dawn,8.4,,,,,,2010-11-02,
Gods Eater Burst,PSN,Action,D3 Publisher,Shift,7.0,,,,,,2011-03-15,
Godzilla Generations: Maximum Impact,DC,Action,Sega,Sega,2.5,,,,,,1999-12-23,
Grand Theft Auto 2,DC,Action,Rockstar Games,DMA Design,6.9,,,,,,2000-04-30,
Grand Theft Auto: Liberty City Stories,PSN,Action,Rockstar Games,Rockstar Leeds,9.0,,,,,,2009-10-21,
Grand Theft Auto: Mission Pack #1: London 1969,PC,Action,Take-Two Interactive,Rockstar North,5.9,,,,,,1999-03-31,
Grand Theft Auto: Vice City Stories,PSN,Action,Rockstar Games,Rockstar Leeds,8.6,,,,,,2009-10-21,
Hammerin' Hero,PSN,Action,Atlus,Irem Software Engineering,7.0,,,,,,2009-10-21,
Harry Potter and the Half-Blood Prince (PSP),PSN,Action,Electronic Arts,Bright Light Productions,4.8,,,,,,2010-08-11,
He-Man: Power of Grayskull,GBA,Action,TDK Mediactive,Taniko,4.7,,,,,,2002-10-29,
Heavy Metal: Geomatrix,DC,Action,Capcom,Capcom,6.9,,,,,,2001-09-13,
Helldivers,PS4,Action,Sony Computer Entertainment,Arrowhead Game Studios,8.7,,,,,,2015-08-18,2018-04-15
Hidden & Dangerous,DC,Action,TalonSoft,Unknown,6.4,,,,,,2000-07-09,
Hotline Miami,PS3,Action,Devolver Digital,Dennaton Games,8.6,,,,,,2013-06-25,2019-02-01
Hoyle Casino,DC,Action,Sierra Entertainment,Unknown,8.4,,,,,,2000-01-01,
Hydrophobia,XBL,Action,Microsoft,Dark Energy Digital,5.6,,,,,,2010-09-29,
Hype: The Time Quest,PC,Action,Ubisoft,Playmobil Interactive,7.9,,,,,,1999-11-20,
I Must Run!,PSN,Action,Gamelion Studios,Gamelion Studios,6.0,,,,,,2010-12-14,
Incoming,DC,Action,Interplay,Rage Software,6.2,,,,,,1999-12-01,
Indiana Jones and the Staff of Kings,PSN,Action,LucasArts,Amaze Entertainment,7.4,,,,,,2009-09-30,
inFAMOUS,PSN,Action,Sony Computer Entertainment,Sucker Punch Productions,8.7,,,,,,2010-06-28,
inFAMOUS 2,PSN,Action,Sony Computer Entertainment,Sucker Punch Productions,8.1,,,,,,2011-06-23,
inFAMOUS: Festival of Blood,PSN,Action,Sony Computer Entertainment,Sucker Punch Productions,7.8,,,,,,2011-10-25,2018-04-07
Iron Aces,DC,Action,Xicat Interactive,Unknown,6.2,,,,,,2001-02-06,
Iron Man,PSN,Action,Sega,Artificial Mind and Movement,5.8,,,,,,2009-09-30,
Jet Grind Radio,DC,Action,Sega,Smilebit,9.1,,,,,,2000-10-30,
KISS: Psycho Circus: The Nightmare Child,DC,Action,Gathering of Developers,Tremor Entertainment,5.7,,,,,,2000-10-29,
Kong: The 8th Wonder of the World,GBA,Action,Ubisoft,Ubisoft,6.0,,,,,,2005-11-21,
Lazy Raiders,XBL,Action,Sarbakan,Sarbakan Inc.,7.8,,,,,,2010-02-24,
Legacy of Kain: Soul Reaver,PC,Action,Eidos Interactive,Crystal Dynamics,8.8,,,,,,1999-09-10,
Lucha Fury,XBL,Action,Mindscape,Punchers Impact,3.0,,,,,,2011-06-22,
Macross M3,DC,Action,Shoeisha,Shoeisha,4.0,,,,,,2001-02-22,
Me Monstar: Hear Me Roar!,PSN,Action,Unknown,Cohort Studios,6.5,,,,,,2011-07-04,
Metal Gear Solid,GB,Action,Konami,Konami Computer Entertainment Japan,9.6,,,,,,2000-04-24,
Mighty Gunvolt,3DS,Action,Inti Creates,Inti Creates,7.3,,,,,,2014-08-29,
Mighty Gunvolt Burst,NS,Action,Inti Creates,Inti Creates,8.0,,,,,,2017-06-15,2018-11-26
Moon Diver,XBL,Action,Square Enix,FeelPlus,7.1,,,,,,2011-05-04,
Moon Diver,PSN,Action,Square Enix,FeelPlus,6.5,,,,,,2011-03-29,
Muscle March,WW,Action,Namco Bandai,Bandai Namco Games,6.6,,,,,,2010-01-18,
Nightmare Creatures II,DC,Action,Konami,Kalisto Entertainment,4.6,,,,,,2000-06-09,
Oddworld: Stranger's Wrath HD,PSN,Action,Oddworld Inhabitants,Just Add Water,9.0,,,,,,2011-12-27,
Ooga Booga,DC,Action,Sega,Visual Concepts,7.8,,,,,,2001-09-13,
Operation Shadow,NGage,Action,Nokia,Torus Games,4.1,,,,,,2004-10-19,
Perfect Dark,GB,Action,Rare,Rare Ltd.,5.3,,,,,,2000-08-01,
Peter Jackson's King Kong: The Official Game of the Movie,PSN,Action,Ubisoft,Phoenix Games Studio,6.0,,,,,,2011-02-23,
Pokémon Rumble,WW,Action,Nintendo,Ambrella,6.5,,,,,,2009-11-16,
Prince of Persia 3D,PC,Action,Red Orb,Red Orb Entertainment,7.1,,,,,,1999-09-18,
Prison Break: The Conspiracy,XBL,Action,Deep Silver,ZootFly,3.0,,,,,,2011-07-26,
Red Dog: Superior Firepower,DC,Action,Crave Entertainment,Argonaut Games,6.8,,,,,,2000-10-31,
Red Faction: Battlegrounds,PSN,Action,THQ,THQ,4.9,,,,,,2011-04-05,
Red Faction: Battlegrounds,XBL,Action,THQ,THQ,5.4,,,,,,2011-04-06,
Redd: The Lost Temple,XBL,Action,Microsoft,Blazing Forge Games,7.0,,,,,,2011-09-05,
Rent A Hero No.1,DC,Action,Sega,Sega,8.2,,,,,,2000-05-25,
Reservoir Dogs,XB,Action,Eidos Interactive,Volatile Games,5.0,,,,,,2006-10-24,
Reservoir Dogs,PS2,Action,Eidos Interactive,Volatile Games,5.4,,,,,,2006-10-24,
Resident Evil,PC,Action,Virgin Interactive,Capcom,7.2,,,,,,1997-09-30,
Resident Evil 2,DC,Action,Capcom,Capcom,7.9,,,,,,2000-12-06,
Resident Evil 2,PC,Action,Capcom,Capcom,6.9,,,,,,1999-02-28,
Resident Evil 3: Nemesis,DC,Action,Capcom,Capcom,8.4,,,,,,2000-11-17,
Resident Evil 4 HD,PSN,Action,Capcom,Capcom,8.4,,,,,,2011-09-20,
Resident Evil 4 HD,XBL,Action,Capcom,Capcom,8.4,,,,,,2011-09-20,
Resident Evil Gaiden,GB,Action,Capcom,M4 Limited,5.4,,,,,,2002-06-03,
Resident Evil: Code Veronica X HD,XBL,Action,Capcom,Capcom,8.5,,,,,,2011-09-27,
Revenge of the Wounded Dragons,PSN,Action,Sony Online Entertainment,Wanako Games,7.5,,,,,,2009-12-10,
Rival Turf!,VC,Action,Jaleco,Jaleco Entertainment,4.0,,,,,,2011-05-02,
Rochard,PSN,Action,Sony Online Entertainment,Recoil Games,7.0,,,,,,2011-09-27,
Rocket Riot,XBL,Action,THQ,CodeGlue,7.0,,,,,,2009-06-17,
Rocketbirds: Hardboiled Chicken,PSN,Action,Unknown,Ratloop Asia Pte Ltd,6.0,,,,,,2011-10-18,
Saints Row 2,PSN,Action,THQ,Volition Inc.,8.3,,,,,,2011-09-20,
Schizoid,XBL,Action,Microsoft,Torpex Games LLC,5.0,,,,,,2008-07-09,
Scott Pilgrim vs. The World,PSN,Action,Ubisoft,Ubisoft Montreal,7.7,,,,,,2010-08-10,
Scott Pilgrim vs. The World,XBL,Action,Ubisoft,Ubisoft Montreal,8.2,,,,,,2010-08-25,
Sengoku Turb,DC,Action,NEC,NEC Interchannel,5.1,,,,,,1999-01-14,
Shadow Man,DC,Action,Acclaim Entertainment,Acclaim Studios Teesside,8.2,,,,,,1999-11-30,2018-10-08
Shank,XBL,Action,Electronic Arts,Klei Entertainment,7.1,,,,,,2010-08-25,
Shank,PC,Action,Electronic Arts,Klei Entertainment,6.7,,,,,,2010-10-26,
Shank,PSN,Action,Electronic Arts,Klei Entertainment,6.9,,,,,,2010-08-24,
Slave Zero,DC,Action,Infogrames,Accolade,5.7,,,,,,1999-10-31,
Small Arms,XBL,Action,Gastronaut Studios,Gastronaut Studios,6.7,,,,,,2006-11-22,
Sneak King,XB,Action,King Games,Blitz Games,5.8,,,,,,2006-11-19,
Sneak King,X360,Action,King Games,King Games,5.8,,,,,,2006-11-19,
Snoopy Flying Ace,XBL,Action,Microsoft,Smart Bomb Interactive,8.1,,,,,,2010-06-02,
Sonic Shuffle,DC,Action,Sega,Sega,5.5,,,,,,2000-11-13,
Spawn: In the Demon's Hand,DC,Action,Capcom,Capcom,5.8,,,,,,2000-10-01,
SpeedRunner HD,XBL,Action,Microsoft,DoubleDutch Games,6.0,,,,,,2011-08-29,
Spider-Man,DC,Action,Activision,Treyarch,8.4,,,,,,2001-04-19,
Spider-Man 2,NGage,Action,Nokia,Activision,5.8,,,,,,2004-07-06,
Spider-Man 2,PC,Action,Activision,The Fizz Factor,4.5,,,,,,2004-06-28,
Star Wars Episode 1: Jedi Power Battles,DC,Action,LucasArts,LucasArts,7.4,,,,,,2000-10-18,
Star Wars: The Force Unleashed II,XBL,Action,LucasArts,LucasArts,6.3,,,,,,2011-09-20,
Star Wars: The Force Unleashed II - Endor Bonus Mission,XBL,Action,LucasArts,LucasArts,6.0,,,,,,2010-12-14,
Starship Defense,DSiW,Action,Nintendo,Q Games,8.5,,,,,,2010-01-18,
Super Magnetic Neo,DC,Action,Crave Entertainment,Genki,6.4,,,,,,2000-06-12,
Superman Returns,XB,Action,Electronic Arts,EA Tiburon,5.6,,,,,,2006-11-20,
Superman Returns,PS2,Action,Electronic Arts,EA Tiburon,5.4,,,,,,2006-11-20,
Sword of the Berserk: Guts' Rage,DC,Action,Eidos Interactive,Yuke's Future Media Creators,7.9,,,,,,2000-02-29,
Teen Titans,XB,Action,THQ,Artificial Mind and Movement,6.6,,,,,,2006-11-13,
Teen Titans 2,GBA,Action,Majesco,Artificial Mind and Movement,5.0,,,,,,2006-10-23,
Teenage Mutant Ninja Turtles: Turtles In Time Re-Shelled,PSN,Action,Ubisoft,Ubisoft Singapore,5.9,,,,,,2009-09-10,
Teenage Mutant Ninja Turtles: Turtles In Time Re-Shelled,XBL,Action,Ubisoft,Ubisoft Singapore,5.0,,,,,,2009-08-05,
The Dishwasher: Dead Samurai,XBL,Action,Microsoft,Ska Studios,7.7,,,,,,2009-04-01,
The Dishwasher: Vampire Smile,XBL,Action,Microsoft,Ska Studios,8.2,,,,,,2011-04-06,
The Elder Scrolls Adventures: Redguard,PC,Action,Bethesda Softworks,Bethesda Softworks,8.1,,,,,,1998-10-31,
The Grim Adventures Of Billy & Mandy,PS2,Action,Midway Games,High Voltage Software,6.9,,,,,,2006-09-25,
The Grim Adventures of Billy & Mandy,GBA,Action,Midway Games,Full Fat,5.0,,,,,,2006-10-16,
The Ignition Factor,VC,Action,Jaleco,Jaleco Entertainment,7.0,,,,,,2011-04-29,
The Incredibles,XB,Action,THQ,Heavy Iron Studios,6.4,,,,,,2004-10-31,
The Last Guy,PSN,Action,Sony Computer Entertainment,SCE Japan Studio,7.2,,,,,,2008-08-28,2018-09-16
The Maw,XBL,Action,Twisted Pixel Games,Twisted Pixel Games,7.6,,,,,,2009-01-21,
The Maw,PC,Action,Twisted Pixel Games,Twisted Pixel Games,8.0,,,,,,2009-03-09,
The Red Star,PSN,Action,XS Games,Archangel Studios,6.5,,,,,,2010-03-18,
Tom Clancy's Splinter Cell: Chaos Theory,NGage,Action,Gameloft,Gameloft,9.0,,,,,,2005-03-23,
Tom Clancy's Splinter Cell: Double Agent,XB,Action,Ubisoft,Ubisoft Montreal,9.0,,,,,,2006-10-24,
Tom Clancy's Splinter Cell: Team Stealth Action,NGage,Action,Gameloft,Gameloft,7.5,,,,,,2003-12-10,
Tomb Raider,NGage,Action,Eidos Interactive,Ideaworks3D,5.0,,,,,,2003-10-06,
Tomb Raider: Legend,GBA,Action,Eidos Interactive,Humansoft,6.3,,,,,,2006-11-14,
Unbound Saga,PSN,Action,Vogster Entertainment,Vogster Entertainment,4.9,,,,,,2009-07-16,
Unbound Saga,XBL,Action,Vogster Entertainment,Vogster Entertainment,5.5,,,,,,2010-12-01,
Wild Woody,SCD,Action,Sega,Sega,3.0,,,,,,1995-01-01,
Wolf of the Battlefield: Commando 3,XBL,Action,Capcom,Backbone Emeryville,6.0,,,,,,2008-06-11,
Wolf of the Battlefield: Commando 3,PSN,Action,Capcom,Backbone Emeryville,6.0,,,,,,2008-06-06,
X-Men Arcade,PSN,Action,Konami,Backbone Entertainment,7.6,,,,,,2010-12-14,
X-Men Arcade,XBL,Action,Konami,Backbone Entertainment,7.3,,,,,,2010-12-15,
X2: Wolverine's Revenge,PC,Action,Activision,Livesay Technologies,5.5,,,,,,2003-04-15,
[Prototype],PC,Action,Activision,Radical Entertainment,7.9,,,,,,2009-06-09,
[Prototype],PSN,Action,Activision,Radical Entertainment,7.8,,,,,,2010-12-14,
A King's Tale: Final Fantasy XV,PS4,Action,Square Enix,Empty Clip Studios,7.0,,,,,,2017-03-01,2018-12-18
Battle Chef Brigade,NS,Action,Adult Swim,Trinket Studios,7.5,,,,,,2017-11-20,2018-02-04
Bugs vs. Tanks!,3DS,Action,Level 5,Natsume Atari,7.5,,,,,,2013-06-20,2018-04-12
Gunman Clive,3DS,Action,Horberg Productions,Horberg Productions,8.4,,,,,,2013-01-03,2018-04-12
Gunman Clive 2,3DS,Action,Horberg Productions,Horberg Productions,8.3,,,,,,2015-01-29,2018-04-12
Half-Life: Alyx,PC,Action,Valve,Valve,9.3,,,,,,2020-03-23,2019-11-21
Octogeddon,PC,Action,All Yes Good,All Yes Good,7.5,,,,,,2018-02-08,2018-03-19
Samurai Gunn,PC,Action,Maxistentialism,Teknopants,8.0,,,,,,2013-12-11,2018-01-21
The Walking Dead: Saints & Sinners – Chapter 2: Retribution,PS5,Action,Unknown,Skydance Interactive,7.0,,,,,,,2022-12-01
Travis Strikes Again: No More Heroes,NS,Action,Grasshopper Manufacture Inc.,Grasshopper Manufacture,8.0,,,,,,2019-01-18,2019-03-24
The Legend of Zelda: Ocarina of Time,N64,Adventure,Nintendo,Nintendo EAD,9.9,,,,,,1998-11-23,
The Legend of Zelda: Twilight Princess,Wii,Adventure,Nintendo,Nintendo EAD,9.5,,,,,,2006-11-19,
The Legend of Zelda,NES,Adventure,Nintendo,Nintendo EAD,9.0,,,,,,1987-08-22,
Luigi's Mansion: Dark Moon,3DS,Adventure,Nintendo,Next Level Games,8.6,,,,,,2013-03-24,2020-08-03
The Legend of Zelda: Ocarina of Time 3D,3DS,Adventure,Nintendo,GREZZO,9.3,,,,,,2011-06-19,
Myst,PC,Adventure,Broderbund,Cyan Worlds,8.9,,,,,,1995-01-01,
Detroit: Become Human,PS4,Adventure,Sony Interactive Entertainment,Quantic Dream,8.0,,,,,,2018-05-25,2018-06-05
The Legend of Zelda: Phantom Hourglass,DS,Adventure,Nintendo,Nintendo EAD,9.1,,,,,,2007-10-02,
The Legend of Zelda: A Link to the Past,SNES,Adventure,Nintendo,Nintendo EAD,10.0,,,,,,1992-04-13,
Professor Layton and the Curious Village,DS,Adventure,Nintendo,Level 5,8.7,,,,,,2008-02-10,
The Legend of Zelda: The Wind Waker,GC,Adventure,Nintendo,Nintendo EAD,9.6,,,,,,2003-03-26,
The Legend of Zelda: A Link Between Worlds,3DS,Adventure,Nintendo,Nintendo EAD,9.3,,,,,,2013-11-22,2018-01-05
Professor Layton and the Diabolical Box,DS,Adventure,Nintendo,Level 5,8.5,,,,,,2009-08-24,
The Legend of Zelda: Skyward Sword,Wii,Adventure,Nintendo,Nintendo EAD,9.4,,,,,,2011-11-20,
The Legend of Zelda: Majora's Mask,N64,Adventure,Nintendo,Nintendo EAD,9.3,,,,,,2000-10-25,
Professor Layton and the Unwound Future,DS,Adventure,Nintendo,Level 5,8.4,,,,,,2010-09-12,
Heavy Rain,PS3,Adventure,Sony Computer Entertainment,Quantic Dream,8.8,,,,,,2010-02-23,
The Legend of Zelda: Spirit Tracks,DS,Adventure,Nintendo,Nintendo EAD,8.7,,,,,,2009-12-07,
The Legend of Zelda: A Link to the Past,GBA,Adventure,Nintendo,"Flagship Co., Ltd. / Nintendo EAD",9.6,,,,,,2002-12-03,
The Legend of Zelda: Link's Awakening DX,GBC,Adventure,Nintendo,Nintendo EAD,9.4,,,,,,1998-10-31,2018-01-06
Onimusha 2: Samurai's Destiny,PS2,Adventure,Capcom,Capcom,8.5,,,,,,2002-08-28,
Professor Layton and the Last Specter,DS,Adventure,Nintendo,Level 5,8.4,,,,,,2011-10-17,
Silent Hill,PS,Adventure,Konami,KCET,8.9,,,,,,1999-01-31,
Star Fox Adventures,GC,Adventure,Nintendo,Rare Ltd.,8.1,,,,,,2002-09-22,
The Legend of Zelda: The Minish Cap,GBA,Adventure,Nintendo,Flagship,8.9,,,,,,2005-01-10,
Metroid II: Return of Samus,GB,Adventure,Nintendo,Intelligent Systems,7.3,,,,,,1991-08-26,
Metroid Fusion,GBA,Adventure,Nintendo,Nintendo R&D1,9.0,,,,,,2002-11-17,
The Legend of Zelda: Twilight Princess,GC,Adventure,Nintendo,Nintendo EAD,9.5,,,,,,2006-12-11,
Super Metroid,SNES,Adventure,Nintendo,Intelligent Systems,8.0,,,,,,1994-04-18,
The Legend of Zelda: Tri Force Heroes,3DS,Adventure,Nintendo,GREZZO,7.4,,,,,,2015-10-23,2018-01-04
Metal Gear Solid Integral,PS,Adventure,Konami,Konami,9.0,,,,,,1999-06-26,
Shenmue,DC,Adventure,Sega,Sega-AM2,8.9,,,,,,2000-11-07,
Mystery Case Files: MillionHeir,DS,Adventure,Nintendo,Big Fish Games,7.4,,,,,,2008-09-08,
Yakuza 2,PS2,Adventure,Sega,Sega,7.9,,,,,,2008-09-09,2018-01-02
Kameo: Elements of Power,X360,Adventure,Microsoft Game Studios,Rare Ltd.,7.7,,,,,,2005-11-07,
Machinarium,PC,Adventure,Amanita Design,Amanita Design,8.0,,,,,,2009-10-16,
Yakuza 4,PS3,Adventure,Sega,Sega,7.7,,,,,,2011-03-15,2018-01-02
Lara Croft and the Guardian of Light,PC,Adventure,Square Enix,Crystal Dynamics,8.3,,,,,,2010-09-28,
Yakuza,PS2,Adventure,Sega,Sega,7.5,,,,,,2006-09-05,2018-01-02
Grim Fandango,PC,Adventure,LucasArts,LucasArts,9.3,,,,,,1998-09-30,
The Longest Journey,PC,Adventure,Funcom,Funcom,8.7,,,,,,2000-11-16,
Yakuza 3,PS3,Adventure,Sega,Sega,7.9,,,,,,2010-03-09,2018-01-02
Bionic Commando,PS3,Adventure,Capcom,GRIN,7.0,,,,,,2009-05-19,
Eternal Darkness: Sanity's Requiem,GC,Adventure,Nintendo,Silicon Knights,9.3,,,,,,2002-06-24,
The Vanishing of Ethan Carter,PC,Adventure,The Astronauts,The Astronauts,8.7,,,,,,2014-09-26,
Bionic Commando,X360,Adventure,Capcom,GRIN,7.1,,,,,,2009-05-19,
Her Story,PC,Adventure,Sam Barlow,Sam Barlow,8.7,,,,,,2015-06-24,2018-01-06
Silent Hill 3,PS2,Adventure,Konami,Team Silent,8.4,,,,,,2003-08-06,
VA-11 HALL-A,PC,Adventure,Ysbryd Games,Sukeban Games,8.4,,,,,,2016-06-21,2018-01-06
Okami,Wii,Adventure,Capcom,Ready at Dawn Studios,9.0,,,,,,2008-04-15,
Okami,PS2,Adventure,Capcom,Clover Studio,9.4,,,,,,2006-09-19,
Night in the Woods,PC,Adventure,Unknown,Unknown,8.8,,,,,,2017-02-21,2017-11-28
Aquanaut's Holiday,PS,Adventure,Sony Computer Entertainment,ArtDink,8.0,,,,,,1995-06-29,
Final Fantasy Fables: Chocobo Tales,DS,Adventure,Square Enix,High Horse Entertainment,7.4,,,,,,2007-04-03,
Spycraft: The Great Game,PC,Adventure,Activision,Activision,7.1,,,,,,1996-02-29,
Gemini Rue,PC,Adventure,Wadjet Eye Games,Wadjet Eye Games,8.0,,,,,,2011-02-24,
Dragon Quest Heroes: Rocket Slime,DS,Adventure,Square Enix,TOSE Software,8.3,,,,,,2006-09-19,
Alone in the Dark: The New Nightmare,DC,Adventure,Infogrames,Darkworks,7.4,,,,,,2001-09-24,
Arthur and the Invisibles,GBA,Adventure,Atari,Mistic Software,3.1,,,,,,2007-01-09,
Assassin's Creed,XBL,Adventure,Ubisoft,Ubisoft Montreal,8.2,,,,,,2009-08-06,
Avatar: The Last Airbender,GBA,Adventure,THQ,AWE Games,6.5,,,,,,2006-10-10,
Axel & Pixel,XBL,Adventure,2K Games,Silver Wish Games,6.9,,,,,,2009-10-14,
Back to the Future: The Game - Episode V: OUTATIME,PC,Adventure,Unknown,Telltale Games,6.9,,,,,,,
Back to the Future: The Game - Episode V: OUTATIME,PSN,Adventure,Telltale Games,Telltale Games,7.0,,,,,,2011-07-26,
Batman: Vengeance,XB,Adventure,Ubisoft,Ubisoft Montreal,6.8,,,,,,2001-12-18,
Beyond Good & Evil HD,XBL,Adventure,Ubisoft,Ubisoft,8.3,,,,,,2011-03-02,
Blue Toad Murder Files: The Mysteries of Riddle Litttle - Episode Two,PSN,Adventure,Relentless Software,Relentless Software,6.8,,,,,,2010-03-24,
Blueberry Garden,PC,Adventure,Erik Svedäng,Erik Svedäng,5.3,,,,,,2009-06-10,
Bobby Carrot Forever,WW,Adventure,Unknown,FDG Entertainment,7.0,,,,,,,
Carrier,DC,Adventure,Jaleco,Jaleco Entertainment,7.1,,,,,,2000-01-31,
Castlevania: Harmony of Despair,PSN,Adventure,Konami,Konami,7.5,,,,,,2011-09-27,
Chicken Run,DC,Adventure,Eidos Interactive,Blitz Games,6.1,,,,,,2000-11-13,
Cloudy with a Chance of Meatballs,PSN,Adventure,Ubisoft,Ubisoft Shanghai,6.0,,,,,,2009-09-30,
D-2,DC,Adventure,Sega,Warp,6.4,,,,,,2000-08-22,
Disgaea Infinite,PSN,Adventure,NIS America,Nippon Ichi Software,6.8,,,,,,2010-06-08,
Dr. Seuss' The Cat in the Hat,GBA,Adventure,VU Games,Digital Eclipse,3.9,,,,,,2003-11-05,
Draconus: Cult of the Wyrm,DC,Adventure,Crave Entertainment,Treyarch,7.2,,,,,,2000-02-28,
Ecco the Dolphin,VC,Adventure,Sega,Novotrade International,6.3,,,,,,2006-11-28,
Ecco the Dolphin: Defender of the Future,DC,Adventure,Sega,Appaloosa Interactive,8.6,,,,,,2000-09-10,
Evil Dead: Hail to the King,DC,Adventure,THQ,Heavy Iron Studios,5.1,,,,,,2000-12-17,
Fatale: Exploring Salome,PC,Adventure,Tale of Tales,Tale of Tales,7.0,,,,,,2009-10-05,
Firewatch,PS4,Adventure,Campo Santo,Campo Santo,8.2,,,,,,2016-02-09,2018-04-08
flower,PSN,Adventure,Sony Computer Entertainment,thatgamecompany,8.8,,,,,,2009-02-12,
flower,PS4,Adventure,Sony Computer Entertainment,thatgamecompany,8.8,,,,,,2013-11-15,2018-09-23
FlowerWorks,WW,Adventure,Nocturnal Entertainment,Nocturnal Entertainment Australia,7.0,,,,,,2009-12-07,
From Dust,XBL,Adventure,Ubisoft,Ubisoft Montpellier,8.0,,,,,,2011-07-27,
"Gabriel Knight 3: Blood of the Sacred, Blood of the Damned",PC,Adventure,Sierra Entertainment,Sierra Entertainment,6.7,,,,,,1999-10-05,
Gangs of London,PSN,Adventure,Sony Computer Entertainment,SCEE London Studio,5.0,,,,,,2007-11-19,
Gargoyle's Quest,3DS,Adventure,Capcom,Capcom,8.5,,,,,,2011-08-25,
Gnomz,WW,Adventure,Qubic Games,Qubic Games,6.0,,,,,,2011-11-03,
Grand Theft Auto 2,PC,Adventure,Rockstar Games,DMA Design,7.1,,,,,,1999-09-30,
Grand Theft Auto IV: The Ballad of Gay Tony,PC,Adventure,Rockstar Games,Rockstar North,9.0,,,,,,2010-04-13,
Grand Theft Auto IV: The Ballad of Gay Tony,XBL,Adventure,Rockstar Games,Rockstar North,8.8,,,,,,2009-10-29,
Grand Theft Auto IV: The Ballad of Gay Tony,PSN,Adventure,Rockstar Games,Rockstar North,9.0,,,,,,2010-04-13,
Grand Theft Auto IV: The Lost and Damned,XBL,Adventure,Rockstar Games,Rockstar North,8.9,,,,,,2009-02-17,
Grand Theft Auto IV: The Lost and Damned,PC,Adventure,Rockstar Games,Rockstar North,9.4,,,,,,2010-04-13,
Grand Theft Auto IV: The Lost and Damned,PSN,Adventure,Rockstar Games,Rockstar North,9.4,,,,,,2010-04-13,
Grand Theft Auto: Chinatown Wars,PSN,Adventure,Rockstar Games,Rockstar Leeds,9.4,,,,,,2009-10-19,
Hamilton's Great Adventure,PSN,Adventure,Unknown,Fatshark AB,7.0,,,,,,2011-08-23,
Hamilton's Great Adventure,PC,Adventure,Unknown,Fatshark AB,7.0,,,,,,2011-05-31,
Happy Feet,GBA,Adventure,Midway Games,Artificial Mind and Movement,5.1,,,,,,2006-11-14,
Harry Potter and the Order of the Phoenix,GBA,Adventure,Electronic Arts,Visual Impact,5.0,,,,,,2007-07-10,
Heavy Rain Chronicles - Chapter 1: The Taxidermist,PSN,Adventure,Sony Computer Entertainment,Quantic Dream,7.3,,,,,,2010-04-01,
Hector: Badge of Carnage - Episode 1: We Negotiate With Terrorists,PC,Adventure,Telltale Games,Straandlooper,7.9,,,,,,2011-04-27,
Hector: Badge of Carnage - Episode 3: Beyond Reasonable Doom,PC,Adventure,Telltale Games,Telltale Games,6.0,,,,,,2011-09-23,
Illbleed,DC,Adventure,AIA,Crazy Games,6.3,,,,,,2001-04-16,
Juka and the Monophonic Menace,GBA,Adventure,SouthPeak Interactive,"Orbital Media, Inc.",7.2,,,,,,2006-10-24,
L.A. Noire: Reefer Madness,XBL,Adventure,Rockstar Games,Team Bondi,6.0,,,,,,2011-07-12,
Lara Croft and the Guardian of Light,PSN,Adventure,Square Enix,Crystal Dynamics,8.5,,,,,,2010-09-28,
Lara Croft and the Guardian of Light,XBL,Adventure,Square Enix,Crystal Dynamics,8.6,,,,,,2010-08-18,
Legacy Of Kain: Soul Reaver,DC,Adventure,Eidos Interactive,Crystal Dynamics,9.1,,,,,,2000-01-27,
LEGO Batman: The Videogame,PSN,Adventure,Warner Bros. Interactive,Traveller's Tales,7.9,,,,,,2010-03-18,
LEGO Indiana Jones: The Original Adventures,PSN,Adventure,LucasArts,Traveller's Tales,7.6,,,,,,2009-09-30,
Lula 3D,PC,Adventure,CDV Software Entertainment,cdv Software,2.0,,,,,,2005-06-22,
Maken X,DC,Adventure,Atlus,Atlus Co.,7.9,,,,,,1999-10-31,
Maniac Mansion: Day of the Tentacle,PC,Adventure,LucasArts,LucasArts,9.0,,,,,,1993-03-09,
Max Steel,DC,Adventure,Mattel Interactive,Treyarch,3.9,,,,,,2001-05-30,
Metroid,VC,Adventure,Nintendo,Nintendo R&D1,8.0,,,,,,2007-08-13,
Metroid II: Return of Samus,3DS,Adventure,Nintendo,Nintendo R&D1,9.0,,,,,,2011-11-24,
Murder in the Abbey,PC,Adventure,DreamCatcher Interactive,Alcachofa Soft,7.0,,,,,,2008-08-26,
Night in the Woods,PS4,Adventure,Finji,Infinite Fall,8.5,,,,,,2017-02-21,2017-12-17
Omikron: The Nomad Soul,DC,Adventure,Eidos Interactive,Quantic Dream,6.2,,,,,,2000-06-22,
Phoenix Wright: Ace Attorney,WW,Adventure,Capcom,Capcom,6.7,,,,,,2010-01-11,
Phoenix Wright: Ace Attorney - Trials and Tribulations,WW,Adventure,Capcom,Capcom,6.0,,,,,,2010-05-10,
Prince of Persia,PSN,Adventure,Ubisoft,Ubisoft Montreal,8.6,,,,,,2011-03-15,
Red Johnson's Chronicles: Episode 1,PSN,Adventure,Lexis Numerique,Lexis Numerique,7.3,,,,,,2011-04-19,
Strong Bad's Cool Game for Attractive People Episode 1: Homestar Ruiner,PC,Adventure,Telltale Games,Telltale Games,4.0,,,,,,2008-08-11,
Strong Bad's Cool Game for Attractive People Episode 1: Homestar Ruiner,WW,Adventure,Telltale Games,Telltale Games,4.0,,,,,,2008-08-11,
Strong Bad's Cool Game for Attractive People Episode 2: Strong Badia the Free,PC,Adventure,Telltale Games,Telltale Games,8.2,,,,,,2008-09-15,
Strong Bad's Cool Game for Attractive People Episode 2: Strong Badia the Free,WW,Adventure,Telltale Games,Telltale Games,8.2,,,,,,2008-09-15,
Strong Bad's Cool Game for Attractive People Episode 4: Dangeresque 3: The Criminal Projective,WW,Adventure,Nintendo,Telltale Games,8.7,,,,,,2008-11-17,
Strong Bad's Cool Game for Attractive People Episode 4: Dangeresque 3: The Criminal Projective,PC,Adventure,Telltale Games,Telltale Games,8.7,,,,,,2008-11-17,
Strong Bad's Cool Game for Attractive People Episode 5: 8-Bit Is Enough,WW,Adventure,Telltale Games,Telltale Games,8.5,,,,,,2008-12-15,
Strong Bad's Cool Game for Attractive People Episode 5: 8-Bit Is Enough,PC,Adventure,Telltale Games,Telltale Games,8.5,,,,,,2008-12-15,
Stupid Invaders,DC,Adventure,Ubisoft,Xilam,7.1,,,,,,2001-06-28,
Super Metroid,VC,Adventure,Nintendo,Intelligent Systems,9.0,,,,,,2007-08-20,
Tales of Monkey Island Chapter 1: Launch of the Screaming Narwhal,WW,Adventure,Telltale Games,Telltale Games,7.3,,,,,,2009-07-27,
Tales of Monkey Island Chapter 1: Launch of the Screaming Narwhal,PC,Adventure,Telltale Games,Telltale Games,7.7,,,,,,2009-07-07,
Tales of Monkey Island Chapter 2: The Siege of Spinner Cay,PC,Adventure,LucasArts,Telltale Games,8.0,,,,,,2009-08-20,
Tales of Monkey Island Chapter 2: The Siege of Spinner Cay,WW,Adventure,Telltale Games,Telltale Games,7.8,,,,,,2009-08-31,
Tales of Monkey Island Chapter 4: The Trial and Execution of Guybrush Threepwood,WW,Adventure,Telltale Games,Telltale Games,7.8,,,,,,2009-11-30,
Tales of Monkey Island Chapter 5: Rise of the Pirate God,WW,Adventure,Telltale Games,Telltale Games,8.6,,,,,,2010-02-01,
Tales of Monkey Island Chapter 5: Rise of the Pirate God,PC,Adventure,Telltale Games,Telltale Games,8.4,,,,,,2009-12-08,
The Beast Within: A Gabriel Knight Mystery,PC,Adventure,Sierra Online,Sierra On-Line,8.3,,,,,,1995-12-31,
The Grinch,DC,Adventure,Konami,Artificial Mind and Movement,5.2,,,,,,2000-10-31,
The Legend of Zelda,VC,Adventure,Nintendo,Nintendo EAD,9.0,,,,,,2006-11-19,
The Legend of Zelda Collector's Edition,GC,Adventure,Nintendo,Nintendo Software Technology Corporation,10.0,,,,,,2003-11-17,
The Legend of Zelda: A Link to the Past,VC,Adventure,Nintendo,Nintendo EAD,9.5,,,,,,2007-01-22,
The Legend of Zelda: Four Swords Anniversary Edition,DSiW,Adventure,Nintendo,Nintendo,9.0,,,,,,2011-09-28,
The Legend of Zelda: Majora's Mask,VC,Adventure,Nintendo,Nintendo EAD,9.5,,,,,,2009-05-18,
The Legend of Zelda: Ocarina of Time,VC,Adventure,Nintendo,Nintendo EAD,8.9,,,,,,2007-02-26,
The Legend of Zelda: Ocarina of Time / Master Quest,GC,Adventure,Nintendo,Nintendo Software Technology Corporation,9.0,,,,,,2003-02-28,
The Magic Obelisk,WW,Adventure,Game Arts,Game Arts Studio,7.9,,,,,,2009-12-28,
The Mystery of Whiterock Castle,WW,Adventure,RTL,Keen Games,7.0,,,,,,2011-06-23,
The Ring: Terror's Realm,DC,Adventure,Atari,"Asmik Ace Entertainment, Inc",3.7,,,,,,2000-08-22,
The Secret of Monkey Island: Special Edition,XBL,Adventure,LucasArts,LucasArts,8.7,,,,,,2009-07-15,
"Time Gentlemen, Please!",PC,Adventure,Zombie Cow Studios,Zombie Cow Studios,8.8,,,,,,2009-06-22,
Tomb Raider,SAT,Adventure,Eidos Interactive,Core Design Ltd.,8.5,,,,,,1996-11-14,
Wallace & Gromit's Grand Adventures Episode 3: Muzzled!,PC,Adventure,Telltale Games,Telltale Games,8.0,,,,,,2009-06-16,
What Remains of Edith Finch,PS4,Adventure,Unknown,Giant Sparrow,8.9,,,,,,2017-04-25,2019-03-02
Golf Story,NS,Adventure,Sidebar Games,Sidebar Games,8.0,,,,,,2017-09-28,2018-01-03
InnerSpace,NS,Adventure,"Aspyr Media, Inc.",PolyKnight Games,6.5,,,,,,2018-01-16,2018-01-12
Little Inferno,WiiU,Adventure,Tomorrow Corporation,Tomorrow Corporation,8.0,,,,,,2012-11-18,2020-09-14
Moss,PS4,Adventure,Perp Games,Polyarc,9.0,,,,,,2018-06-12,2018-03-04
Perception,NS,Adventure,Feardemic,The Deep End Games,6.0,,,,,,2017-10-31,2018-02-04
Proteus,PC,Adventure,Twisted Tree,Ed Key and David Kanaga,8.0,,,,,,2013-01-30,2018-01-21
The Starship Damrey,3DS,Adventure,Level 5,Level 5,5.4,,,,,,2013-05-16,2018-04-12
The Legend of Zelda: Breath of the Wild,NS,Action-Adventure,Nintendo,Nintendo EPD,9.9,,,,,,2017-03-03,2018-11-19
Marvel's Spider-Man,PS4,Action-Adventure,Sony Interactive Entertainment,Insomniac Games,9.1,,,,,,2018-09-07,2018-09-26
Horizon: Zero Dawn,PS4,Action-Adventure,Sony Interactive Entertainment,Guerrilla Games,9.1,,,,,,2017-02-28,2020-09-24
The Last of Us Remastered,PS4,Action-Adventure,Sony Computer Entertainment,Naughty Dog,9.5,,,,,,2014-07-29,2018-09-24
Rust,PC,Action-Adventure,Facepunch Studios,Facepunch Studios,6.1,,,,,,2018-02-08,2018-03-19
The Last of Us,PS3,Action-Adventure,Sony Computer Entertainment America,Naughty Dog,9.5,,,,,,2013-06-14,2018-09-24
Ghost of Tsushima,PS4,Action-Adventure,Sony Interactive Entertainment,Sucker Punch,8.8,,,,,,2020-07-17,2020-07-10
Days Gone,PS4,Action-Adventure,Sony Interactive Entertainment,SIE Bend Studio,6.7,,,,,,2019-04-26,2019-03-20
Metal Gear Solid 4: Guns of the Patriots,PS3,Action-Adventure,Konami,Kojima Productions,9.3,,,,,,2008-06-12,2023-08-05
Metal Gear Solid 2: Sons of Liberty,PS2,Action-Adventure,Konami,Konami Computer Entertainment Japan,9.5,,,,,,2001-11-12,2023-08-05
Metal Gear Solid,PS,Action-Adventure,Konami,Konami Computer Entertainment Japan,9.3,,,,,,1998-10-21,2023-08-05
Sea of Thieves,PC,Action-Adventure,Microsoft Studios,Rare Ltd.,6.7,,,,,,2018-03-20,2018-10-01
Metal Gear Solid 3: Snake Eater,PS2,Action-Adventure,Konami,KCEJ / Kojima Productions,9.0,,,,,,2004-11-17,2023-08-05
The Legend of Zelda: Majora's Mask 3D,3DS,Action-Adventure,Nintendo,GREZZO,9.0,,,,,,2015-02-13,2018-01-31
The Legend of Zelda: The Wind Waker,WiiU,Action-Adventure,Nintendo,Nintendo EAD,9.3,,,,,,2013-10-04,2018-03-20
Sleeping Dogs,PC,Action-Adventure,Square Enix,United Front Games,8.5,,,,,,2012-08-14,2018-03-07
The Legend of Zelda: Breath of the Wild,WiiU,Action-Adventure,Nintendo,Nintendo EPD,10.0,,,,,,2017-03-03,2018-11-19
The Legend of Zelda: Twilight Princess HD,WiiU,Action-Adventure,Nintendo,Tantalus Interactive,8.4,,,,,,2016-03-04,2018-03-20
Metal Gear Solid V: Ground Zeroes,PC,Action-Adventure,Konami Digital Entertainment,Kojima Productions,8.5,,,,,,2014-12-18,2018-03-22
Mafia III,PC,Action-Adventure,2K Games,Hangar 13,6.5,,,,,,2016-10-07,2018-04-02
Darksiders II,PC,Action-Adventure,THQ,Vigil Games,7.8,,,,,,2012-08-14,2018-03-14
Terraria,X360,Action-Adventure,505 Games,Engine Software,7.8,,,,,,2013-03-27,2018-03-19
Alan Wake: The Signal,XBL,Action-Adventure,Microsoft Game Studios,Remedy Entertainment,7.6,,,,,,2010-07-27,2018-10-01
Alan Wake: The Writer,XBL,Action-Adventure,Microsoft Game Studios,Remedy Entertainment,7.0,,,,,,2010-10-12,2018-10-01
Attack of the Friday Monsters! A Tokyo Tale,3DS,Action-Adventure,Level 5,Millenium Kitchen,7.8,,,,,,2013-07-18,2018-04-11
Siren: Blood Curse Episodes 5-8,PSN,Action-Adventure,Sony Computer Entertainment,SCE Japan Studio,8.0,,,,,,2008-07-23,2018-09-17
Siren: Blood Curse Episodes 9-12,PSN,Action-Adventure,Sony Computer Entertainment,SCE Japan Studio,8.0,,,,,,2008-07-23,2018-09-17
Assassin's Creed III Remastered,PS4,Action-Adventure,Ubisoft,Ubisoft,8.0,,,,,,2019-03-29,2019-03-22
Iconoclasts,PC,Action-Adventure,Bifrost Entertainment,Joakim Sandberg,9.5,,,,,,2018-01-23,2018-01-23
Shenmue I & II,PC,Action-Adventure,Sega,Sega,5.5,,,,,,2018-08-21,2018-07-28
Shenmue III,PS4,Action-Adventure,Deep Silver,Ys Net,6.7,,,,,,2019-11-19,2019-04-07
Shenmue III,PC,Action-Adventure,Deep Silver,Ys Net,5.9,,,,,,2019-11-19,2019-04-07
Star Wars Jedi: Fallen Order,PS4,Action-Adventure,Electronic Arts,Respawn Entertainment,6.6,,,,,,2019-11-15,2019-04-13
The Walking Dead: Saints and Sinners,PC,Action-Adventure,Skydance Interactive,Skydance Interactive,8.5,,,,,,2020-01-23,2019-10-05
TumbleSeed,NS,Action-Adventure,aeiowu,Team TumbleSeed,7.0,,,,,,2017-05-02,2018-01-11
Super Smash Bros. Ultimate,NS,Fighting,Nintendo,Bandai Namco Games,9.4,,,,,,2018-12-07,2022-10-02
Super Smash Bros. Brawl,Wii,Fighting,Nintendo,Project Sora,9.2,,,,,,2008-03-09,
Super Smash Bros. for 3DS,3DS,Fighting,Nintendo,Bandai Namco Games,8.4,,,,,,2014-10-03,2018-04-11
Tekken 3,PS,Fighting,Namco,Namco,9.6,,,,,,1998-04-29,
Super Smash Bros. Melee,GC,Fighting,Nintendo,HAL Laboratory,9.2,,,,,,2001-12-02,
Tekken 5,PS2,Fighting,Namco,Namco,9.0,,,,,,2005-02-24,
Super Smash Bros.,N64,Fighting,Nintendo,HAL Laboratory,8.4,,,,,,1999-04-26,2018-04-11
Super Smash Bros. for Wii U,WiiU,Fighting,Nintendo,Bandai Namco Games,9.2,,,,,,2014-11-21,2018-04-12
Street Fighter II Turbo,SNES,Fighting,Capcom,Capcom,9.0,,,,,,1993-08-01,
Tekken: Dark Resurrection,PSP,Fighting,Namco Bandai,8ing/Raizing,8.7,,,,,,2006-07-25,
Tekken 6,PS3,Fighting,Namco Bandai,Namco Bandai Games,7.9,,,,,,2009-10-27,
Street Fighter 6,All,Fighting,Capcom,Capcom,9.1,,,,,,2023-06-02,2022-06-02
ARMS,NS,Fighting,Nintendo,Nintendo EPD,7.9,,,,,,2017-06-16,2018-11-19
Dragon Ball FighterZ,NS,Fighting,Bandai Namco Entertainment,Arc System Works,9.0,,,,,,2018-09-28,2018-06-12
Dead or Alive 3,XB,Fighting,Tecmo,Team Ninja,8.3,,,,,,2001-11-14,
Dissidia: Final Fantasy,PSP,Fighting,Square Enix,Square Enix,8.1,,,,,,2009-08-25,
Tekken 6,X360,Fighting,Namco Bandai,Namco Bandai Games,7.8,,,,,,2009-10-27,
Virtua Fighter 4,PS2,Fighting,Sega,Sega-AM2,9.3,,,,,,2002-03-17,
SoulCalibur IV,X360,Fighting,Namco Bandai,Project Soul,8.3,,,,,,2008-07-29,
SoulCalibur II,PS2,Fighting,Namco,Namco,9.1,,,,,,2003-08-27,
SoulCalibur IV,PS3,Fighting,Namco Bandai,Project Soul,8.4,,,,,,2008-07-29,
SoulCalibur III,PS2,Fighting,Namco,Namco,8.5,,,,,,2005-10-25,
Super Street Fighter IV: 3D Edition,3DS,Fighting,Capcom,Capcom,8.5,,,,,,2011-03-27,
Naruto Shippuden: Ultimate Ninja Storm Trilogy,NS,Fighting,Bandai Namco Entertainment,CyberConnect2,7.5,,,,,,2018-04-26,2018-05-20
Dead or Alive 4,X360,Fighting,Tecmo,Team Ninja,8.6,,,,,,2005-12-29,
Pokken Tournament DX,NS,Fighting,Nintendo,Namco Bandai Games,8.0,,,,,,2017-09-22,2018-01-01
Tekken 6,PSP,Fighting,Namco Bandai,Namco Bandai Games,8.2,,,,,,2009-11-24,
Super Street Fighter IV,PS3,Fighting,Capcom,Capcom / Dimps Corporation,9.3,,,,,,2010-04-27,
Punch-Out!!,Wii,Fighting,Nintendo,Next Level Games,8.7,,,,,,2009-05-18,
Naruto Shippuden: Ultimate Ninja Storm 2,PS3,Fighting,Namco Bandai,CyberConnect2,7.3,,,,,,2010-10-19,
Pokken Tournament,WiiU,Fighting,Nintendo,Namco Bandai Games,7.6,,,,,,2016-03-18,2018-01-24
SoulCalibur,DC,Fighting,Namco,Namco,9.6,,,,,,1999-09-09,
Street Fighter Alpha 3,PS,Fighting,Capcom,Capcom,8.4,,,,,,1999-04-30,
Tekken,PS,Fighting,Namco,Namco,8.3,,,,,,1995-11-08,
Super Street Fighter IV,X360,Fighting,Capcom,Capcom / Dimps Corporation,9.2,,,,,,2010-04-27,
Super Street Fighter IV: Arcade Edition,PS3,Fighting,Capcom,Capcom / Dimps Corporation,8.1,,,,,,2011-06-28,
Dragon Ball Z: Shin Budokai,PSP,Fighting,Atari,Dimps Corporation,7.4,,,,,,2006-03-07,
Naruto: Ultimate Ninja Heroes,PSP,Fighting,Namco Bandai,CyberConnect2,7.0,,,,,,2007-08-28,2020-11-19
Super Street Fighter IV: Arcade Edition,X360,Fighting,Capcom,Capcom / Dimps Corporation,8.6,,,,,,2011-06-28,
Dead or Alive: Dimensions,3DS,Fighting,Tecmo Koei,Team Ninja,7.8,,,,,,2011-05-24,
Dragon Ball Z: Shin Budokai - Another Road,PSP,Fighting,Atari,Dimps Corporation,7.2,,,,,,2007-03-20,
Brawlout,NS,Fighting,Merge Games,Angry Mob Games,6.2,,,,,,2018-06-26,2018-02-22
3D Classics: Urban Champion,3DS,Fighting,Nintendo,Nintendo,2.5,,,,,,2011-08-18,
BlazBlue: Calamity Trigger Portable,PSN,Fighting,Aksys Games,Arc System Works,7.9,,,,,,2010-04-01,
Capcom vs. SNK Pro,PS,Fighting,Capcom,Capcom,7.7,,,,,,2002-08-14,
Cyber Troopers Virtual-On: Oratorio Tangram,DC,Fighting,Activision,Sega-AM3,8.2,,,,,,2000-06-01,
Cyber Troopers Virtual-On: Oratorio Tangram Ver. 5.66,XBL,Fighting,Sega,Sega-AM2,7.0,,,,,,2009-04-29,
Cyberbots: Fullmetal Madness,SAT,Fighting,Capcom,Capcom,5.9,,,,,,1997-03-28,
Darkstalkers Chronicle: The Chaos Tower,PSN,Fighting,Capcom,Capcom,7.5,,,,,,2009-10-28,
Deadliest Warrior: Legends,PSN,Fighting,Unknown,"Pipeworks Software, Inc.",5.5,,,,,,2011-07-26,
Deadliest Warrior: Legends,XBL,Fighting,Unknown,"Pipeworks Software, Inc.",6.5,,,,,,2011-07-06,
Def Jam Fight for NY: The Takeover,PSN,Fighting,Electronic Arts,Aki Corp.,8.0,,,,,,2009-09-30,
Digimon Battle Spirit,GBA,Fighting,Bandai,Bandai,6.3,,,,,,2003-01-13,
Dissidia 012: Duodecim Final Fantasy,PSN,Fighting,Square Enix,Square Enix,8.3,,,,,,2011-03-22,
Dissidia: Final Fantasy,PSN,Fighting,Square Enix,Square Enix,8.1,,,,,,2009-11-04,
Dynamite Cop!,DC,Fighting,Sega,Sega-AM1,5.8,,,,,,1999-11-03,
ECW Hardcore Revolution,DC,Fighting,Acclaim Entertainment,Acclaim Entertainment,4.8,,,,,,2000-02-29,
Fatal Fury Special,VC,Fighting,D4 Enterprise,SNK Corporation,8.0,,,,,,2010-03-01,
Fatal Fury: Mark of the Wolves,DC,Fighting,Agetec,SNK Corporation,8.8,,,,,,2001-11-23,
Fate/Unlimited Codes,PSN,Fighting,Capcom,Eighting,7.6,,,,,,2009-09-03,
Fight Night Round 3,PSN,Fighting,EA Sports,EA Chicago,7.2,,,,,,2009-09-30,
Fire ProWrestling 2,GBA,Fighting,BAM! Entertainment,Spike,7.8,,,,,,2002-09-23,
Frame Gride,DC,Fighting,From Software,From Software,8.6,,,,,,1999-07-15,
Garou: Mark of the Wolves,XBL,Fighting,SNK Playmore,SNK Playmore Corporation,7.8,,,,,,2009-06-24,
Godzilla Unleashed,PS2,Fighting,Atari,"Pipeworks Software, Inc.",4.3,,,,,,2007-11-20,
Guilty Gear Judgment,PSN,Fighting,Majesco,Arc System Works,7.5,,,,,,2008-10-02,
Guilty Gear X,DC,Fighting,Sammy Corporation,Arc System Works,8.7,,,,,,2000-12-14,
Guilty Gear XX Accent Core Plus,PSN,Fighting,Aksys Games,Arc System Works,7.6,,,,,,2009-09-30,
Jojo's Bizarre Adventure,DC,Fighting,Capcom,Capcom,8.1,,,,,,2000-01-01,
Marvel vs. Capcom 2,XBL,Fighting,Capcom,Backbone Emeryville,8.3,,,,,,2009-07-29,
Marvel vs. Capcom 2,PSN,Fighting,Capcom,Backbone Emeryville,8.6,,,,,,2009-08-13,
Mortal Kombat Gold,DC,Fighting,Midway Games,Eurocom Entertainment Software,5.7,,,,,,1999-08-31,
Mortal Kombat vs DC Universe,PSN,Fighting,Midway Games,Midway,7.7,,,,,,2011-11-01,
Mortal Kombat: Arcade Kollection,XBL,Fighting,Unknown,NetherRealm Studios / Other Ocean Interactive,5.0,,,,,,2011-08-31,
Mortal Kombat: Arcade Kollection,PSN,Fighting,Unknown,NetherRealm Studios / Other Ocean Interactive,5.0,,,,,,2011-08-30,
Mortal Kombat: Armageddon,XB,Fighting,Midway Games,Midway Games,7.5,,,,,,2006-10-11,
One,NGage,Fighting,Nokia,Digital Legends Entertainment,6.8,,,,,,2005-10-13,
Plasma Sword: Nightmare of Bilstein,DC,Fighting,Capcom,Capcom,5.7,,,,,,2000-03-31,
Power Stone 2,DC,Fighting,Capcom,Capcom,8.8,,,,,,2000-08-23,
Project Justice,DC,Fighting,Capcom,Capcom,7.9,,,,,,2001-05-16,
Psychic Force 2012,DC,Fighting,Acclaim Entertainment,Taito Corporation,6.6,,,,,,1999-10-31,
Punch-Out!! Featuring Mr. Dream,VC,Fighting,Nintendo,Nintendo IRD,9.0,,,,,,2007-04-16,
Rag Doll Kung Fu,PC,Fighting,Valve,Mark Healey,7.0,,,,,,2005-10-12,
Rag Doll Kung Fu: Fists of Plastic,PSN,Fighting,Sony Computer Entertainment,Tarsier Studios,6.2,,,,,,2009-04-09,
Rage of the Gladiator,WW,Fighting,Ghostfire Games,Ghostfire Games,8.0,,,,,,2010-03-15,
Sonic Battle,GBA,Fighting,THQ,Sonic Team/Dimps Corporation,7.9,,,,,,2004-01-05,2018-02-05
Soul Fighter,DC,Fighting,Mindscape,Toka,4.1,,,,,,1999-10-31,
SoulCalibur,XBL,Fighting,Namco Bandai Games,Namco,7.5,,,,,,2008-07-02,
Street Fighter Alpha 3,DC,Fighting,Capcom,Capcom,8.4,,,,,,2000-05-31,
Street Fighter II' Hyper Fighting,XBL,Fighting,Capcom,Sensory Sweep,6.9,,,,,,2006-08-02,
Street Fighter III: 3rd Strike,DC,Fighting,Capcom,Capcom,7.8,,,,,,2000-10-04,
Street Fighter III: 3rd Strike Online Edition,PSN,Fighting,Capcom,Capcom,8.5,,,,,,2011-08-23,
Street Fighter III: 3rd Strike Online Edition,XBL,Fighting,Capcom,Capcom,9.3,,,,,,2011-08-23,
Street Fighter III: Double Impact,DC,Fighting,Capcom,Capcom,8.0,,,,,,2000-06-19,
Super Street Fighter II Turbo: HD Remix,PSN,Fighting,Capcom,Backbone Emeryville,9.1,,,,,,2008-11-25,
Super Street Fighter II Turbo: HD Remix,XBL,Fighting,Capcom,Backbone Emeryville,8.9,,,,,,2008-11-26,
Tech Romancer,DC,Fighting,Capcom,Capcom,8.3,,,,,,2000-03-31,
Tekken 5: Dark Resurrection,PSN,Fighting,Namco Bandai,Namco Bandai Games,8.1,,,,,,2007-03-01,
The gamrReview Test Game,NES,Fighting,Unknown,VGChartz,10.0,,,,,,1994-01-13,
The King of Fighters '98 Ultimate Match,XBL,Fighting,SNK Playmore,SNK Playmore Corporation,7.6,,,,,,2009-07-01,
The King of Fighters EX: Neo Blood,GBA,Fighting,Sammy Corporation,Marvelous Interactive,8.3,,,,,,2002-01-01,
The Last Blade 2: Heart of the Samurai,DC,Fighting,Agetec,SNK Corporation,8.0,,,,,,2001-08-06,
Ultimate Mortal Kombat 3,XBL,Fighting,Midway Games,Digital Eclipse,7.1,,,,,,2006-10-21,
Virtua Fighter,PC,Fighting,Sega,Sega-AM2,7.4,,,,,,1996-08-31,
Virtua Fighter 2,PC,Fighting,Sega,Sega-AM2,8.1,,,,,,1997-09-30,
WWE Aftershock,NGage,Fighting,Nokia,Exient Entertainment,5.4,,,,,,2005-08-15,
WWF SmackDown!,PS,Fighting,THQ,Yuke's,9.0,,,,,,2000-03-02,
WWF WrestleMania: The Arcade Game,SNES,Fighting,Acclaim Entertainment,Sculptured Software,3.0,,,,,,1995-11-01,
Zen-Nippon Onna Pro Wrestling: Joou Densetsu,PS,Fighting,TEN,GW,4.9,,,,,,1998-07-23,
Gang Beasts,PC,Fighting,Double Fine Presents,Boneloaf,6.0,,,,,,2017-12-12,2018-01-21
Nickelodeon All-Star Brawl,PS5,Fighting,GameMill Entertainment,Ludosity,7.0,,,,,,2021-10-05,2022-02-27
Minecraft,PC,Misc,Mojang,Mojang AB,10.0,,,,,,2010-05-10,2018-08-05
Wii Play,Wii,Misc,Nintendo,Nintendo EAD,5.9,,,,,,2007-02-12,
Brain Age: Train Your Brain in Minutes a Day,DS,Misc,Nintendo,Nintendo SDD,8.1,,,,,,2006-04-17,
Brain Age 2: More Training in Minutes a Day,DS,Misc,Nintendo,Nintendo SDD,8.0,,,,,,2007-08-20,
Just Dance 2,Wii,Misc,Ubisoft,Ubisoft Paris,7.3,,,,,,2010-10-12,
Just Dance 3,Wii,Misc,Ubisoft,Ubisoft Paris,7.5,,,,,,2011-10-07,
Wii Party,Wii,Misc,Nintendo,"Nd Cube Co., Ltd.",7.0,,,,,,2010-10-03,
Mario Party DS,DS,Misc,Nintendo,Hudson Soft,7.1,,,,,,2007-11-19,
Mario Party 8,Wii,Misc,Nintendo,Hudson Soft,6.5,,,,,,2007-05-29,
Big Brain Academy,DS,Misc,Nintendo,Nintendo EAD,7.7,,,,,,2006-06-05,
Just Dance,Wii,Misc,Ubisoft,Ubisoft Paris,5.4,,,,,,2009-11-17,
Pokémon Pinball,GBC,Misc,Nintendo,Jupiter Corporation,8.7,,,,,,1999-07-31,2018-01-06
EyeToy Play,PS2,Misc,Sony Computer Entertainment,SCEE London Studio,7.5,,,,,,2003-11-04,
Big Brain Academy: Wii Degree,Wii,Misc,Nintendo,Nintendo EAD,7.1,,,,,,2007-06-11,
Flash Focus: Vision Training in Minutes a Day,DS,Misc,Nintendo,Bandai Namco Games,6.1,,,,,,2007-10-15,
Personal Trainer: Cooking,DS,Misc,Nintendo,Nintendo EAD,8.4,,,,,,2008-11-24,
Mario Party,N64,Misc,Nintendo,Hudson Soft,7.6,,,,,,1999-02-08,
Clubhouse Games,DS,Misc,Nintendo,Agenda,8.3,,,,,,2006-10-09,
Mario Party 4,GC,Misc,Nintendo,Hudson Soft,7.0,,,,,,2002-10-21,
Art Academy,DS,Misc,Nintendo,Headstrong Games,6.8,,,,,,2010-10-25,
Mario Party 10,WiiU,Misc,Nintendo,"Nd Cube Co., Ltd.",6.3,,,,,,2015-03-20,2018-01-24
Mario Party 5,GC,Misc,Nintendo,Hudson Soft,5.9,,,,,,2003-11-10,
Mario Party 7,GC,Misc,Nintendo,Hudson Soft,6.0,,,,,,2005-11-07,
Mario Party 3,N64,Misc,Nintendo,Hudson Soft,7.0,,,,,,2001-05-06,
Guitar Hero,PS2,Misc,RedOctane,Harmonix Music Systems,8.0,,,,,,2005-11-07,
Sonic Mega Collection,GC,Misc,Sega,Sonic Team,7.5,,,,,,2002-11-10,
Wii Play: Motion,Wii,Misc,Nintendo,Nintendo EAD,5.2,,,,,,2011-06-13,
Mario Party 6,GC,Misc,Nintendo,Hudson Soft,7.2,,,,,,2004-12-06,
AudioSurf,PC,Misc,Invisible Handlebar,BestGameEver.com,8.2,,,,,,2008-02-15,
Nintendo Labo: Toy-Con 01 Variety Kit,NS,Misc,Nintendo,Nintendo EPD,7.7,,,,,,2018-04-20,2018-11-19
Super Monkey Ball: Banana Blitz,Wii,Misc,Sega,Sega,7.3,,,,,,2006-11-14,
Donkey Konga,GC,Misc,Nintendo,Namco,7.3,,,,,,2004-09-27,
To the Moon,PC,Misc,Unknown,Freebird Games,8.5,,,,,,2011-11-01,
PaRappa The Rapper,PS,Misc,Sony Computer Entertainment,NanaOn-Sha,9.2,,,,,,1997-10-31,
UNO,XBL,Misc,Microsoft,Carbonated Games,8.0,,,,,,2006-05-09,
Poker Night at the Inventory,PC,Misc,Telltale Games,Telltale Games,8.0,,,,,,2010-11-22,
The Evil Within,PC,Misc,Bethesda Softworks,Tango Gameworks,5.5,,,,,,2014-10-14,2018-03-13
Ratchet & Clank: Into the Nexus,PS3,Misc,Sony Computer Entertainment America,Unknown,7.7,,,,,,2013-11-12,
Art Academy: Lessons for Everyone!,3DS,Misc,Nintendo,Headstrong Games,8.0,,,,,,2012-10-01,2018-01-09
Osmos,PC,Misc,Hemisphere Games,Hemisphere Games,7.8,,,,,,2009-08-08,
Solar 2,PC,Misc,Unknown,Murudai,8.0,,,,,,2011-06-17,
BIT.TRIP BEAT,PC,Misc,Gaijin Entertainment,Gaijin Games Inc.,7.5,,,,,,2010-11-02,
Theatrhythm: Final Fantasy,3DS,Misc,Square Enix,Jupiter Multimedia,7.8,,,,,,2012-07-03,2018-01-09
Elite Beat Agents,DS,Misc,Nintendo,iNiS,8.4,,,,,,2006-11-06,
.deTuned,PSN,Misc,Sony Computer Entertainment,.theprodukkt,4.5,,,,,,2009-10-15,
Alien Crush,VC,Misc,Hudson Soft,Compile,7.3,,,,,,2006-12-11,
Atari Anniversary Edition,DC,Misc,Atari,Digital Eclipse,5.1,,,,,,2001-07-02,
Atari Anniversary Edition,PC,Misc,Atari,Digital Eclipse,7.2,,,,,,2001-07-09,
Beaterator,PSN,Misc,Rockstar Games,Rockstar Leeds,7.9,,,,,,2009-10-01,
Beats,PSN,Misc,Sony Computer Entertainment,SCEE London Studio,7.0,,,,,,2007-12-27,
BIT.TRIP BEAT,WW,Misc,Aksys Games,Gaijin Games Inc.,7.5,,,,,,2009-03-16,
BIT.TRIP CORE,WW,Misc,Aksys Games,Gaijin Games Inc.,7.6,,,,,,2009-07-06,
BIT.TRIP FLUX,WW,Misc,Aksys Games,Gaijin Games Inc.,8.2,,,,,,2011-02-28,
BIT.TRIP VOID,WW,Misc,Aksys Games,Gaijin Games Inc.,8.2,,,,,,2009-11-23,
Bomberman Land,PSN,Misc,Hudson Soft,Hudson Soft,6.4,,,,,,2010-01-07,
Brain Challenge,XBL,Misc,Gameloft,Gameloft,6.1,,,,,,2008-03-12,
Caesars Palace,PS,Misc,Interplay,Interplay,5.1,,,,,,1997-10-31,
Caesars Palace 2000: Millennium Gold Edition,DC,Misc,Interplay,Runecraft,2.5,,,,,,2000-09-24,
Capcom Classics Collection Reloaded,PSN,Misc,Capcom,Capcom,7.1,,,,,,2009-10-01,
Capcom Classics Collection Remixed,PSN,Misc,Capcom,Digital Eclipse,7.6,,,,,,2009-07-02,
Capcom Puzzle World,PSN,Misc,Capcom,Capcom,7.4,,,,,,2009-10-21,
Cool Cool Toon,DC,Misc,SNK,SNK Corporation,7.4,,,,,,2000-08-10,
Dance Dance Revolution 2nd Mix: Dreamcast Edtion,DC,Misc,Konami,Konami,8.1,,,,,,2000-02-17,
Devil's Crush,VC,Misc,Hudson Soft,Compile,7.5,,,,,,2007-07-23,
DJ Max Fever,PSN,Misc,PM Studios,Pentavision Entertainment,7.7,,,,,,2010-01-28,
Double Dragon: Neon,PS3,Misc,Unknown,Unknown,7.1,,,,,,,
Double Dragon: Neon,X360,Misc,Unknown,Unknown,5.0,,,,,,,
EA Replay,PSN,Misc,Electronic Arts,Team Fusion,4.9,,,,,,2009-01-22,
Fable II Pub Games,XBL,Misc,Microsoft Game Studios,Lionhead Studios,5.2,,,,,,2008-08-13,
Flipnote Studio,DSiW,Misc,Nintendo,Nintendo EAD Tokyo,9.0,,,,,,2009-08-12,
Flips: Terror in Cubicle Four,DSiW,Misc,Electronic Arts,Electronic Arts,5.0,,,,,,2010-03-01,
FTL: Faster Than Light,PC,Misc,Unknown,Unknown,8.6,,,,,,2012-09-14,
Full House Poker featuring Avatar Superstars,XBL,Misc,Microsoft,Krome Studios,8.0,,,,,,2011-03-16,
Globulos Party,DSiW,Misc,GlobZ,GlobZ,6.0,,,,,,2010-03-01,
Hardcore Pinball,GBA,Misc,Telegames,Paragon 5,7.3,,,,,,2002-12-16,
Hardwood Backgammon,XBL,Misc,Silver Creek Entertainment,Silver Creek Entertainment,6.8,,,,,,2005-12-08,
Hardwood Hearts,XBL,Misc,Silver Creek Entertainment,Silver Creek Entertainment,6.5,,,,,,2005-12-08,
Hardwood Spades,XBL,Misc,Silver Creek Entertainment,Silver Creek Entertainment,6.2,,,,,,2005-12-08,
HB Arcade Cards,WW,Misc,HB Studios Multimedia,HB Studios Multimedia,2.8,,,,,,2009-07-27,
Hole In The Wall,XBL,Misc,Microsoft,Ludia,5.5,,,,,,2011-08-24,
Hotline Miami 2: Wrong Number,PS4,Misc,Devolver Digital,Unknown,6.0,,,,,,2015-03-10,
Just Jam,WW,Misc,Big John Games,"Zivix, LLC",7.5,,,,,,2011-07-07,
Learning with the PooYoos: Episode 2,WW,Misc,Lexis Numerique,Lexis Numerique,7.0,,,,,,2010-04-05,
Magic: The Gathering - Duels of the Planeswalkers,XBL,Misc,Wizards of the Coast,Stainless Games,8.0,,,,,,2009-06-17,
Mario Calculator,DSiW,Misc,Nintendo,Nintendo,6.0,,,,,,2009-06-15,
Mario Clock,DSiW,Misc,Nintendo,Nintendo,3.5,,,,,,2009-06-15,
Maximum Pool,DC,Misc,Sierra Entertainment,Dynamix,6.4,,,,,,2000-12-04,
Midway's Greatest Arcade Hits Volume 1,DC,Misc,Midway Games,Digital Eclipse,6.7,,,,,,2000-06-27,
Midway's Greatest Arcade Hits Volume 2,DC,Misc,Midway Games,Midway,7.0,,,,,,2001-11-15,
Mile High Pinball,NGage,Misc,Nokia,Bonus Mobile Entertainment,8.0,,,,,,2005-11-14,
Monaco: What's Yours Is Mine,PC,Misc,Pocketwatch Games,Unknown,8.9,,,,,,2013-04-24,
Monopoly Streets,PSN,Misc,Electronic Arts,Electronic Arts,6.7,,,,,,2011-11-08,
Musaic Box,PC,Misc,1C Company,KranX Productions,8.0,,,,,,2008-10-11,
Namco Museum,DC,Misc,Namco,Mass Media,5.5,,,,,,2000-06-25,
Namco Museum,NS,Misc,Namco Bandai Games,Mass Media,7.7,,,,,,2017-07-28,2019-03-29
Okabu,PSN,Misc,Unknown,HandCircus,5.5,,,,,,2011-10-18,
Paint Splash,WW,Misc,Unknown,KnapNok Games,8.0,,,,,,2011-09-08,
Pinball FX 2,XBL,Misc,Microsoft,Zen Studios,9.5,,,,,,2010-10-27,
Pinball FX 2: Marvel Pinball,XBL,Misc,Zen Studios,Zen Studios,8.2,,,,,,2010-12-08,
Pinball Hall of Fame: The Williams Collection,PSN,Misc,System 3 Arcade Software,FarSight Studios,7.0,,,,,,2011-03-09,
Pinball Pulse: The Ancients Beckon,DSiW,Misc,Nintendo,Fuse Games Limited,7.9,,,,,,2009-10-12,
Rock Band Unplugged,PSN,Misc,MTV Games,Backbone Entertainment / Harmonix Music Systems,8.0,,,,,,2010-03-11,
Samba De Amigo,DC,Misc,Sega,Sonic Team,7.6,,,,,,2000-10-16,
Samba De Amigo Ver. 2000,DC,Misc,Sega,Sonic Team,9.6,,,,,,2000-12-14,
Sega Smash Pack Volume 1,DC,Misc,Sega,Sega,5.8,,,,,,2001-01-31,
Sexy Poker,WW,Misc,Gameloft,Gameloft,4.1,,,,,,2009-08-03,
South Park: Chef's Luv Shack,DC,Misc,Acclaim Entertainment,Acclaim Studios Austin,4.6,,,,,,1999-10-31,
South Park: Chef's Luv Shack,PC,Misc,Acclaim Entertainment,Acclaim Studios Austin,5.2,,,,,,1999-11-30,
Space Channel 5,DC,Misc,Sega,United Game Artists,8.1,,,,,,2000-06-04,
Texas Hold'em,XBL,Misc,TikGames,"TikGames, LLC",6.7,,,,,,2006-08-23,
Trials HD - Big Pack,XBL,Misc,Microsoft,"RedLynx, Ltd.",9.0,,,,,,2009-12-30,
UNO,GB,Misc,Mattel Interactive,HotGen Studios,7.5,,,,,,1999-12-16,
UNO,PSN,Misc,Gameloft,Gameloft,7.5,,,,,,2009-10-01,
World Series of Poker: Tournament of Champions 2007 Edition,PC,Misc,Activision,Left Field Productions,3.4,,,,,,2006-10-02,
Your Doodles Are Bugged!,PC,Misc,Blitz Game Studios,Spyn Doctor Games,6.8,,,,,,2011-04-25,
ZEN Pinball,PSN,Misc,Zen Studios,Zen Studios,8.3,,,,,,2009-05-14,
A Virus Named TOM,PC,Misc,Misfits Attic,Misfits Attic,7.0,,,,,,2012-08-01,2018-01-22
World of Warcraft,PC,MMO,Blizzard Entertainment,Blizzard Entertainment,9.2,,,,,,2004-11-23,2018-04-22
World of Warcraft: Cataclysm,PC,MMO,Blizzard Entertainment,Blizzard Entertainment,9.0,,,,,,2010-12-07,2018-04-22
World of Warcraft: Wrath of the Lich King,PC,MMO,Blizzard Entertainment,Blizzard Entertainment,9.3,,,,,,2008-11-13,2018-04-22
World of Warcraft: The Burning Crusade,PC,MMO,Blizzard Entertainment,Blizzard Entertainment,9.2,,,,,,2007-01-16,2018-04-22
Final Fantasy XIV Online,PC,MMO,Square Enix,Square Enix,5.3,,,,,,2010-09-22,2018-04-22
DC Universe Online,PSN,MMO,Sony Online Entertainment,WBIE,6.7,,,,,,2011-03-22,2018-09-15
Star Trek Online,PS4,MMO,Unknown,Cryptic Studios,7.5,,,,,,,2024-01-05
Rhythm Heaven,DS,Music,Nintendo,Nintendo SPD Group No.1,8.5,,,,,,2009-04-05,2018-05-31
Wii Music,Wii,Music,Nintendo,Nintendo EAD,5.6,,,,,,2008-10-20,2018-05-31
Dance Central,X360,Music,MTV Games,Harmonix Music Systems,8.4,,,,,,2010-11-04,2018-08-10
Taiko no Tatsujin: Drum 'n' Fun!,NS,Music,Bandai Namco Games,Bandai Namco Games,7.5,,,,,,2018-11-02,2018-08-25
Rhythm Heaven Megamix,3DS,Music,Nintendo,Nintendo,8.8,,,,,,2016-06-15,2018-05-31
VOEZ,NS,Music,PM Studios,Rayark Inc.,8.5,,,,,,2018-08-14,2018-01-28
Rocksmith 2014,OSX,Music,Ubisoft,Ubisoft San Francisco,9.0,,,,,,2013-10-22,2018-03-08
Cadence of Hyrule - Crypt of the NecroDancer feat. The Legend of Zelda,NS,Music,Nintendo,Brace Yourself Games,9.5,,,,,,2019-06-13,2019-06-12
Rock Band Blitz,PS3,Music,Unknown,Harmonix Music Systems,8.0,,,,,,,2022-08-13
Rock Band Blitz,X360,Music,Unknown,Harmonix Music Systems,7.5,,,,,,,2022-08-13
Thumper,NS,Music,Drool,Drool,9.0,,,,,,2017-05-18,2018-02-20
Kinect Adventures!,X360,Party,Microsoft Game Studios,Good Science Studio,6.7,,,,,,2010-11-04,2018-09-29
Super Mario Party,NS,Party,Nintendo,"Nd Cube Co., Ltd.",7.3,,,,,,2018-10-05,2018-11-19
Nintendo Land,WiiU,Party,Nintendo,Nintendo,7.5,,,,,,2012-11-18,2020-08-25
1-2-Switch,NS,Party,Nintendo,Nintendo EPD,5.7,,,,,,2017-03-03,2018-11-19
Mario Party 9,Wii,Party,Nintendo,"Nd Cube Co., Ltd.",6.5,,,,,,2012-03-11,2018-11-19
Mario Party: Island Tour,3DS,Party,Nintendo,"Nd Cube Co., Ltd.",5.5,,,,,,2013-11-22,2020-08-04
Wii Party U,WiiU,Party,Nintendo,"Nd Cube Co., Ltd.",6.6,,,,,,2013-10-25,2018-11-19
Ape Escape Academy,PSN,Party,Sony Computer Entertainment,Shift,5.3,,,,,,2009-04-09,2018-09-18
Super Mario Bros.,NES,Platform,Nintendo,Nintendo EAD,10.0,,,,,,1985-10-18,
New Super Mario Bros.,DS,Platform,Nintendo,Nintendo EAD,9.1,,,,,,2006-05-15,
New Super Mario Bros. Wii,Wii,Platform,Nintendo,Nintendo EAD,8.6,,,,,,2009-11-15,
Super Mario Odyssey,NS,Platform,Nintendo,Nintendo EPD,9.9,,,,,,2017-10-27,2018-11-19
Terraria,PC,Platform,Re-Logic,Re-Logic,8.8,,,,,,2011-05-16,2018-03-19
Super Mario World,SNES,Platform,Nintendo,Nintendo EAD,8.5,,,,,,1991-08-13,2018-08-10
New Super Mario Bros. 2,3DS,Platform,Nintendo,Nintendo,7.5,,,,,,2012-08-19,2018-01-30
Super Mario 3D Land,3DS,Platform,Nintendo,Nintendo EAD Tokyo,8.9,,,,,,2011-11-13,2018-04-06
Super Mario Galaxy,Wii,Platform,Nintendo,Nintendo EAD Tokyo,9.7,,,,,,2007-11-12,
Super Mario 64,N64,Platform,Nintendo,Nintendo EAD,9.7,,,,,,1996-09-29,
Super Mario Land 2: 6 Golden Coins,GB,Platform,Nintendo,Nintendo R&D1,9.0,,,,,,1992-11-02,
Super Mario 64 DS,DS,Platform,Nintendo,Nintendo EAD,8.6,,,,,,2004-11-20,
Donkey Kong Country,SNES,Platform,Nintendo,Rare Ltd.,9.0,,,,,,1994-11-21,
Super Mario Galaxy 2,Wii,Platform,Nintendo,Nintendo EAD Tokyo,9.7,,,,,,2010-05-23,
Crash Bandicoot,PS,Platform,Sony Computer Entertainment,Naughty Dog,7.8,,,,,,1996-09-01,
Donkey Kong Country Returns,Wii,Platform,Nintendo,Retro Studios,8.6,,,,,,2010-11-21,
Super Mario Sunshine,GC,Platform,Nintendo,Nintendo EAD,9.2,,,,,,2002-08-25,
Super Mario 3D World,WiiU,Platform,Nintendo,Nintendo EAD Tokyo,9.5,,,,,,2013-11-22,2018-01-02
New Super Mario Bros. U,WiiU,Platform,Nintendo,Nintendo EAD,8.4,,,,,,2012-11-18,2020-08-02
Crash Bandicoot 3: Warped,PS,Platform,Sony Computer Entertainment,Naughty Dog,9.3,,,,,,1998-10-31,2018-09-24
Super Mario World: Super Mario Advance 2,GBA,Platform,Nintendo,Nintendo EAD,9.4,,,,,,2002-02-09,
Super Mario Advance,GBA,Platform,Nintendo,Nintendo EAD,8.2,,,,,,2001-06-10,
Super Mario Advance 4: Super Mario Bros. 3,GBA,Platform,Nintendo,Nintendo EAD,9.2,,,,,,2003-10-21,
Donkey Kong 64,N64,Platform,Nintendo,Rare Ltd.,9.3,,,,,,1999-11-22,
Super Mario Land 3: Wario Land,GB,Platform,Nintendo,Nintendo R&D1,7.9,,,,,,1994-02-09,
Donkey Kong Country 2: Diddy's Kong Quest,SNES,Platform,Nintendo,Rare Ltd.,9.3,,,,,,1995-11-20,
Super Mario Bros. Deluxe,GB,Platform,Nintendo,Nintendo EAD,9.7,,,,,,1999-04-30,
Spyro the Dragon,PS,Platform,Sony Computer Entertainment,Insomniac Games,8.7,,,,,,1998-09-10,
Donkey Kong Country: Tropical Freeze,NS,Platform,Nintendo,Retro Studios,9.1,,,,,,2018-05-04,2020-08-02
LittleBigPlanet,PS3,Platform,Sony Computer Entertainment,Media Molecule,9.4,,,,,,2008-10-28,
Kirby Star Allies,NS,Platform,Nintendo,HAL Laboratory,8.1,,,,,,2018-03-16,2018-03-14
Super Paper Mario,Wii,Platform,Nintendo,Intelligent Systems,8.5,,,,,,2007-04-09,
Super Mario World 2: Yoshi's Island,SNES,Platform,Nintendo,Nintendo EAD,9.0,,,,,,1995-10-04,
Crash Bandicoot 2: Cortex Strikes Back,PS,Platform,Sony Computer Entertainment,Naughty Dog,8.6,,,,,,1997-10-31,
Super Mario Maker,WiiU,Platform,Nintendo,Nintendo EAD,8.8,,,,,,2015-09-11,2018-03-29
Super Mario Maker,3DS,Platform,Nintendo,Nintendo,7.3,,,,,,2016-12-02,2018-03-29
Banjo-Kazooie,N64,Platform,Nintendo,Rare Ltd.,9.3,,,,,,1998-05-31,
Donkey Kong Country 3: Dixie Kong's Double Trouble!,SNES,Platform,Nintendo,Rare Ltd.,8.8,,,,,,1996-11-22,
Spyro 2: Ripto's Rage!,PS,Platform,Sony Computer Entertainment,Insomniac Games,8.7,,,,,,1999-10-31,
Yoshi's Island DS,DS,Platform,Nintendo,Artoon,8.2,,,,,,2006-11-13,
Yoshi's Crafted World,NS,Platform,Nintendo,Good-Feel,7.8,,,,,,2019-03-29,2019-03-22
Spyro: Year of the Dragon,PS,Platform,Sony Computer Entertainment,Insomniac Games,9.1,,,,,,2000-10-23,
Ratchet & Clank: Up Your Arsenal,PS2,Platform,Sony Computer Entertainment,Insomniac Games,9.1,,,,,,2004-11-03,
Sonic Heroes,PS2,Platform,Sega,Sonic Team,6.6,,,,,,2004-01-27,
Croc: Legend of the Gobbos,PS,Platform,Fox Interactive,Argonaut Games,7.6,,,,,,1997-09-29,
Sonic and the Secret Rings,Wii,Platform,Sega,Sonic Team,6.7,,,,,,2007-02-20,
Sonic Rush,DS,Platform,Sega,Dimps Corporation,7.8,,,,,,2005-11-15,
Kirby Super Star Ultra,DS,Platform,Nintendo,HAL Laboratory,7.3,,,,,,2008-09-22,
Super Meat Boy,PC,Platform,Unknown,Team Meat,9.2,,,,,,2010-11-30,
Ratchet & Clank: Going Commando,PS2,Platform,Sony Computer Entertainment,Insomniac Games,8.7,,,,,,2003-11-11,
Donkey Kong Country Returns 3D,3DS,Platform,Nintendo,Monster Games,8.6,,,,,,2013-05-24,2018-09-28
Kirby: Triple Deluxe,3DS,Platform,Nintendo,HAL Laboratory,7.8,,,,,,2014-05-02,2018-01-30
Ratchet & Clank Future: Tools of Destruction,PS3,Platform,Sony Computer Entertainment,Insomniac Games,8.9,,,,,,2007-10-23,
Daxter,PSP,Platform,Sony Computer Entertainment,Ready at Dawn,8.6,,,,,,2006-03-14,
Classic NES Series: Super Mario Bros.,GBA,Platform,Nintendo,Nintendo EAD,8.3,,,,,,2004-06-02,
Kirby Squeak Squad,DS,Platform,Nintendo,"HAL Laboratory, Flagship",7.3,,,,,,2006-12-06,
Super Mario All-Stars: Limited Edition,Wii,Platform,Nintendo,Nintendo EAD,7.2,,,,,,2010-12-12,
Donkey Kong Country,GBC,Platform,Nintendo,Rare Ltd.,9.1,,,,,,2000-11-04,2018-01-06
Kirby: Nightmare in Dream Land,GBA,Platform,Nintendo,HAL Laboratory,8.1,,,,,,2002-12-02,2018-04-20
Donkey Kong Country: Tropical Freeze,WiiU,Platform,Nintendo,Retro Studios,8.8,,,,,,2014-02-21,2018-01-22
Disney Epic Mickey,Wii,Platform,Disney Interactive Studios,Junction Point Studios,7.0,,,,,,2010-11-30,
Kirby's Return to Dreamland,Wii,Platform,Nintendo,HAL Laboratory,7.6,,,,,,2011-10-24,
Ratchet & Clank: All 4 One,PS3,Platform,Sony Computer Entertainment,Insomniac Games,7.5,,,,,,2011-10-18,
Kirby's Epic Yarn,Wii,Platform,Nintendo,Good-Feel,8.7,,,,,,2010-10-17,
Ratchet & Clank Future: A Crack in Time,PS3,Platform,Sony Computer Entertainment,Insomniac Games,8.7,,,,,,2009-10-27,
Donkey Kong Country,GBA,Platform,Nintendo,Rare Ltd.,7.5,,,,,,2003-06-09,
Sonic Colors,Wii,Platform,Sega,Sonic Team,7.7,,,,,,2010-11-16,
Kirby 64: The Crystal Shards,N64,Platform,Nintendo,HAL Laboratory,7.9,,,,,,2000-06-26,
Super Princess Peach,DS,Platform,Nintendo,TOSE Software,7.8,,,,,,2006-02-27,
Sonic Adventure DX: Director's Cut,GC,Platform,Sega,Sonic Team,5.4,,,,,,2003-06-18,
Sonic Unleashed,Wii,Platform,Sega,Sonic Team/Dimps Corporation,6.7,,,,,,2008-11-18,
Yoshi's Woolly World,WiiU,Platform,Nintendo,Good-Feel,7.4,,,,,,2015-10-16,2020-08-03
Sonic the Hedgehog (2006),X360,Platform,Sega,Sonic Team,4.8,,,,,,2006-11-14,2018-02-05
Sonic Colors,DS,Platform,Sega,Sonic Team,8.2,,,,,,2010-11-16,
Banjo-Tooie,N64,Platform,Nintendo,Rare Ltd.,9.3,,,,,,2000-11-19,
Kirby & the Amazing Mirror,GBA,Platform,Nintendo,Flagship,7.9,,,,,,2004-10-18,
Sonic Heroes,GC,Platform,Sega,Sonic Team,7.2,,,,,,2004-01-05,
Shadow The Hedgehog,PS2,Platform,Sega,Sonic Team,4.8,,,,,,2005-11-15,
Kirby: Mass Attack,DS,Platform,Nintendo,HAL Laboratory,8.4,,,,,,2011-09-19,
Sonic and the Black Knight,Wii,Platform,Sega,Sonic Team,4.8,,,,,,2009-03-03,
Ratchet & Clank Future: Quest for Booty,PSN,Platform,Sony Computer Entertainment,Insomniac Games,7.7,,,,,,2008-08-21,
Wario Land: Shake It!,Wii,Platform,Nintendo,Good-Feel,7.3,,,,,,2008-09-22,
Braid,PC,Platform,Number None,Number None Inc.,8.8,,,,,,2009-04-10,
Knack,PS4,Platform,Sony Computer Entertainment,SCE Japan Studio,8.4,,,,,,2013-11-15,2018-09-17
Sonic Adventure 2 Battle,GC,Platform,Sega,Sonic Team,6.8,,,,,,2002-02-11,
Rayman Origins,Wii,Platform,Ubisoft,Ubisoft,9.5,,,,,,2011-11-15,
Rayman Advance,GBA,Platform,Ubisoft,Digital Eclipse,8.4,,,,,,2001-06-10,
VVVVVV,PC,Platform,Terry Cavanagh,Terry Cavanagh,7.8,,,,,,2010-01-11,
de Blob,Wii,Platform,THQ,Blue Tongue,8.1,,,,,,2008-09-22,
BIT.TRIP RUNNER,PC,Platform,Gaijin Entertainment,Gaijin Games Inc.,7.0,,,,,,2011-02-28,
Castlevania: Circle of the Moon,GBA,Platform,Konami,KCEK,8.9,,,,,,2001-06-10,
Croc 2,PS,Platform,Fox Interactive,Argonaut Games,6.5,,,,,,1999-06-30,
Shovel Knight,NS,Platform,Yacht Club Games,Yacht Club Games,9.0,,,,,,2019-04-09,2019-01-28
And Yet It Moves,PC,Platform,Broken Rules,TU Wien,8.0,,,,,,2009-04-02,
Shovel Knight,WiiU,Platform,Yacht Club Games,Yacht Club Games,9.0,,,,,,2014-06-26,2018-11-21
Little Nightmares,PC,Platform,Namco Bandai Games,Tarsier Studios,8.6,,,,,,2017-04-28,2019-02-20
Capsized,PC,Platform,Unknown,Alientrap Games Inc,7.9,,,,,,2011-04-29,
TowerFall Ascension,PC,Platform,Matt Makes Games Inc.,Matt Thorson,9.0,,,,,,2014-03-11,2018-01-21
Gish,PC,Platform,GarageGames,Chronic Logic,8.2,,,,,,2004-09-17,
A.R.E.S. Extinction Agenda,PC,Platform,Extend Studio,ORiGO Games,6.8,,,,,,2010-12-14,
Bionic Commando Rearmed,XBL,Platform,Capcom,GRIN,8.7,,,,,,2008-08-13,
'Splosion Man,XBL,Platform,Twisted Pixel Games,Twisted Pixel Games,8.4,,,,,,2009-07-22,
ActRaiser 2,SNES,Platform,Enix,Quintet,7.5,,,,,,1993-11-01,
Adventures of Shuggy,XBL,Platform,Valcon Games,Smudged Cat Games,8.3,,,,,,2011-06-15,2019-03-27
Akumajou Dracula X: Gekka no Yasoukyoku,SAT,Platform,Konami,Konami,8.3,,,,,,1998-06-25,
Ancients of Ooga,XBL,Platform,NinjaBee,NinjaBee / Bacon Wrapped Games,7.3,,,,,,2010-06-30,
And Yet It Moves,WW,Platform,Broken Rules,Broken Rules,8.4,,,,,,2010-08-23,
Ape Escape: On the Loose,PSN,Platform,Sony Computer Entertainment,SIMS,6.6,,,,,,2008-03-05,
Avenging Spirit,3DS,Platform,Jaleco,Jaleco Entertainment,7.0,,,,,,2011-08-11,
Bionic Commando Rearmed,PC,Platform,Capcom,GRIN,8.0,,,,,,2008-08-14,
Bionic Commando Rearmed,PSN,Platform,Capcom,GRIN,8.0,,,,,,2008-08-14,
Bionic Commando Rearmed 2,XBL,Platform,Capcom,Fatshark,6.7,,,,,,2011-02-02,
Bionic Commando Rearmed 2,PSN,Platform,Capcom,Fatshark,6.5,,,,,,2011-02-01,
BIT.TRIP RUNNER,WW,Platform,Aksys Games,Gaijin Games Inc.,7.4,,,,,,2010-05-17,
Braid,PSN,Platform,Number None,Hothead Games,9.3,,,,,,2009-11-12,
Braid,XBL,Platform,Microsoft,Number None Inc.,9.4,,,,,,2008-08-06,
BurgerTime World Tour,XBL,Platform,Unknown,MonkeyPaw Games,5.8,,,,,,2011-11-02,
Buzz Lightyear of Star Command,DC,Platform,Activision,Traveller's Tales,5.2,,,,,,2000-09-26,
Castlevania,VC,Platform,Konami,Konami,7.5,,,,,,2007-04-30,
Castlevania II: Simon's Quest,VC,Platform,Konami,Konami,7.0,,,,,,2007-10-29,
Castlevania III: Dracula's Curse,VC,Platform,Capcom,Konami,9.0,,,,,,2009-01-12,
Castlevania:  Symphony of the Night,PSN,Platform,Konami,Digital Eclipse,9.3,,,,,,2007-07-18,
Castlevania: Rondo of Blood,VC,Platform,Konami,Konami,9.0,,,,,,2010-03-15,
Castlevania: Symphony of the Night,XBL,Platform,Konami,Digital Eclipse,8.9,,,,,,2007-03-21,
Castlevania: The Adventure ReBirth,WW,Platform,Konami,M2,8.2,,,,,,2009-12-28,
Castlevania: The Dracula X Chronicles,PSN,Platform,Konami,Konami,8.1,,,,,,2009-12-10,
Cave Story,WW,Platform,Unknown,Nicalis,8.8,,,,,,2010-03-22,
Chester,XBL,Platform,Microsoft,Brilliant Blue-G,6.0,,,,,,2011-08-31,
Christmas NiGHTS into dreams...,SAT,Platform,Sega,Sonic Team,8.0,,,,,,1996-01-01,
Cloning Clyde,XBL,Platform,NinjaBee,NinjaBee,7.6,,,,,,2006-07-19,
Comic Jumper,XBL,Platform,Twisted Pixel Games,Twisted Pixel Games,7.7,,,,,,2010-10-06,
Crush,PSN,Platform,Sega,Zoe Mode,8.5,,,,,,2009-09-30,
Dark Void Zero,DSiW,Platform,Capcom,Other Ocean Interactive,8.5,,,,,,2010-01-18,
Death Jr. II: Root of Evil,PSN,Platform,Konami,Backbone Entertainment,6.9,,,,,,2009-12-10,
Disney's 102 Dalmatians: Puppies to the Rescue,DC,Platform,Eidos Interactive,Crystal Dynamics,6.9,,,,,,2000-11-15,
Disney's Donald Duck: Goin' Quackers,DC,Platform,Ubisoft,Disney Interactive Studios,7.2,,,,,,2000-12-13,
Donkey Kong Country,VC,Platform,Nintendo,Rare Ltd.,8.1,,,,,,2007-02-19,
Donkey Kong Country 2: Diddy's Kong Quest,VC,Platform,Nintendo,Rare Ltd.,8.8,,,,,,2007-05-21,
Donkey Kong Country 3: Dixie Kong's Double Trouble!,VC,Platform,Nintendo,Rare Ltd.,8.5,,,,,,2007-12-24,
Dragon's Curse,VC,Platform,Hudson Soft,Hudson Soft,7.5,,,,,,2007-04-02,
Earthworm Jim 2,SNES,Platform,Playmates,Shiny Entertainment,8.8,,,,,,1995-01-01,
Elevator Action Deluxe,PSN,Platform,Square Enix,Square Enix,4.0,,,,,,2011-08-30,
Explodemon!,PSN,Platform,Unknown,Curve Studios,5.9,,,,,,2011-02-08,
Flushed Away,GBA,Platform,D3 Publisher,Altron,4.3,,,,,,2006-10-24,
Freekscape: Escape from Hell,PSN,Platform,Creat Studio,Kidguru Studios,7.5,,,,,,2010-04-08,
Fret Nice,XBL,Platform,Tecmo,Pieces Interactive,5.3,,,,,,2010-02-24,
Go! Go! Beckham! Adventure on Soccer Island,GBA,Platform,Rage Software,Denki,7.5,,,,,,2002-08-30,
Hard Corps: Uprising,XBL,Platform,Konami,Arc System Works,7.2,,,,,,2011-02-16,
Hard Corps: Uprising,PSN,Platform,Konami,Arc System Works,7.9,,,,,,2011-03-15,
Ice Climber,VC,Platform,Nintendo,Nintendo R&D1,6.4,,,,,,2007-02-12,
ilomilo,XBL,Platform,Microsoft Game Studios,Southend Interactive,8.2,,,,,,2011-01-05,
Inside,PS4,Platform,Playdead,Playdead,9.0,,,,,,2016-08-23,2018-03-31
Inspector Gadget: Advance Mission,GBA,Platform,DreamCatcher Interactive,Magic Pockets,6.5,,,,,,2001-11-29,
Jak and Daxter: The Lost Frontier,PSN,Platform,Sony Computer Entertainment,High Impact Games,7.4,,,,,,2009-11-03,
Joust,XBL,Platform,Midway Games,Digital Eclipse,7.4,,,,,,2005-11-22,
Jurassic Park III: The DNA Factor,GBA,Platform,Konami,KCEA Honolulu,4.0,,,,,,2001-07-16,
Justice League: Injustice for All,GBA,Platform,Midway Games,Saffire Corporation,5.6,,,,,,2002-11-17,
Kao the Kangaroo,DC,Platform,Titus,X-Ray Interactive,6.6,,,,,,2001-02-13,
Kid Chameleon,VC,Platform,Sega,Sega Technical Institute,6.7,,,,,,2007-05-28,
Kirby 64: The Crystal Shards,VC,Platform,Nintendo,HAL Laboratory,7.5,,,,,,2008-02-25,
LIMBO,XBL,Platform,Microsoft Game Studios,Playdead,9.0,,,,,,2011-04-19,
LIMBO,PSN,Platform,Unknown,Playdead,9.0,,,,,,2011-07-19,
LittleBigPlanet,PSN,Platform,Sony Computer Entertainment,Media Molecule,8.6,,,,,,2011-06-02,
LittleBigPlanet (PSP),PSN,Platform,Sony Music Entertainment,SCEE Cambridge,8.7,,,,,,2009-11-24,2018-12-03
LocoRoco,PSN,Platform,Sony Computer Entertainment,SCE Japan Studio,8.1,,,,,,2008-04-23,2018-09-17
LocoRoco 2,PSN,Platform,Sony Computer Entertainment,SCE Japan Studio,8.6,,,,,,2009-02-10,2018-09-17
LocoRoco Midnight Carnival,PSN,Platform,Sony Computer Entertainment,SCE Japan Studio,7.1,,,,,,2009-10-29,2018-09-17
LostWinds,WW,Platform,Frontier Developments,Frontier Developments,8.2,,,,,,2008-05-12,
LostWinds: Winter of the Melodias,WW,Platform,Frontier Developments,Frontier Developments,8.6,,,,,,2009-10-19,
Lucidity,PC,Platform,LucasArts,LucasArts,7.0,,,,,,2009-10-07,
Lucidity,XBL,Platform,LucasArts,LucasArts,7.0,,,,,,2009-10-07,
Max & the Magic Marker,WW,Platform,Press Play,Press Play,7.0,,,,,,2010-03-08,
Max & the Magic Marker: Gold Edition,PSN,Platform,Pan Vision,Press Play,7.0,,,,,,2011-11-01,
Mega Man 10,WW,Platform,Capcom,Inti Creates,8.3,,,,,,2010-03-01,
Mega Man 10,PSN,Platform,Capcom,Inti Creates,7.9,,,,,,2010-03-11,
Mega Man 10,XBL,Platform,Capcom,Inti Creates,8.4,,,,,,2010-03-31,
Mega Man 2,VC,Platform,Capcom,Capcom,9.5,,,,,,2008-09-15,
Mega Man 4,VC,Platform,Capcom,Capcom,8.0,,,,,,2010-04-19,
Mega Man 5,VC,Platform,Capcom,Capcom,8.5,,,,,,2011-06-16,
Mega Man 9,WW,Platform,Capcom,Inti Creates,8.1,,,,,,2008-09-22,
Mega Man 9,PSN,Platform,Capcom,Inti Creates,8.0,,,,,,2008-09-25,
Mega Man 9,XBL,Platform,Capcom,Inti Creates,8.1,,,,,,2008-10-01,
Mega Man: Dr. Wily's Revenge,3DS,Platform,Capcom,Capcom,7.5,,,,,,2011-06-07,
Monsters (Probably) Stole My Princess!,PSN,Platform,Mediatonic,Mediatonic Ltd.,8.4,,,,,,2010-04-22,
Ms. 'Splosion Man,XBL,Platform,Twisted Pixel Games,Twisted Pixel Games,8.4,,,,,,2011-07-13,
Nin2-Jump,XBL,Platform,Cave,Cave,7.3,,,,,,2011-04-27,
NyxQuest: Kindred Spirits,WW,Platform,Over The Top Games,Over The Top Games,8.4,,,,,,2009-08-10,
Oddworld: Abe's Exoddus,PC,Platform,GT Interactive,Oddworld Inhabitants,8.3,,,,,,1998-11-30,
Oddworld: Abe's Oddysee,PC,Platform,GT Interactive,Oddworld Inhabitants,8.1,,,,,,1997-10-31,
Outland,PSN,Platform,Ubisoft,Housemarque,8.4,,,,,,2011-06-14,
Outland,XBL,Platform,Ubisoft,Housemarque,8.4,,,,,,2011-04-27,
Over the Hedge,PC,Platform,Activision,Beenox,6.7,,,,,,2006-05-09,
Pandemonium!,NGage,Platform,Eidos Interactive,Ideaworks3D,5.8,,,,,,2003-10-06,
Patapon,PSN,Platform,Sony Computer Entertainment,Pyramid/JAPAN Studio,8.7,,,,,,2009-09-02,
Patapon 2,PSN,Platform,Sony Computer Entertainment,Pyramid/JAPAN Studio,8.2,,,,,,2009-05-06,
PixelJunk Eden,PSN,Platform,Sony Computer Entertainment,Q-Games,7.9,,,,,,2008-07-31,
PlayStation Move Ape Escape,PSN,Platform,Sony Computer Entertainment,SCE Japan Studio,3.5,,,,,,2011-07-05,2018-09-17
Prince of Persia Classic,XBL,Platform,Ubisoft,Gameloft,7.7,,,,,,2007-06-13,
Prince of Persia Classic,PSN,Platform,Ubisoft,Gameloft,8.6,,,,,,2008-10-23,
Prince of Persia: Arabian Nights,DC,Platform,Mattel Interactive,Avalanche Software,7.6,,,,,,2000-12-06,
Ratatouille,XB,Platform,THQ,Asobo Studio,6.0,,,,,,2007-06-26,
Rayman,GB,Platform,Ubisoft,Ubisoft Montpellier,9.0,,,,,,2000-02-29,
Rayman,PC,Platform,Ubisoft,Ubisoft Montpellier,7.4,,,,,,1996-04-30,
Rayman 2: The Great Escape,DC,Platform,Ubisoft,Ubisoft Montpellier,9.1,,,,,,2000-03-08,
Rayman 3,NGage,Platform,Gameloft,Gameloft,8.0,,,,,,2003-12-11,
Rayman Forever,PC,Platform,Ubisoft,Ubisoft,6.9,,,,,,1999-05-31,
Robox,WW,Platform,Unknown,DreamBox Games,4.5,,,,,,2010-11-01,
Rocket Knight,PC,Platform,Konami,Climax Studios,7.6,,,,,,2010-05-12,
Rocket Knight,PSN,Platform,Konami,Climax Studios,6.9,,,,,,2010-05-18,
Rocket Knight,XBL,Platform,Konami,Climax Studios,7.0,,,,,,2010-05-12,
Rush'n Attack: Ex-Patriot,XBL,Platform,Konami,Vatra Games,4.9,,,,,,2011-03-30,
Rush'n Attack: Ex-Patriot,PSN,Platform,Konami,Vatra Games,4.9,,,,,,2011-03-29,
Sackboy's Prehistoric Moves,PSN,Platform,Sony Computer Entertainment,XDev,6.7,,,,,,2010-12-14,
Shantae,GB,Platform,Capcom,WayForward Technologies,8.4,,,,,,2002-06-02,
Shantae: Risky's Revenge,DSiW,Platform,WayForward,WayForward Technologies,8.1,,,,,,2010-10-04,
Shrek 2,GBA,Platform,Activision,Vicarious Visions,6.7,,,,,,2004-04-28,
Sideway: New York,PSN,Platform,Sony Online Entertainment,Playbrains / Fuel Industries,7.0,,,,,,2011-10-11,
Sonic & Knuckles,VC,Platform,Sega,Sonic Team,9.0,,,,,,2010-02-15,
Sonic Adventure,PSN,Platform,Sega,Sonic Team,4.2,,,,,,2010-09-21,
Sonic Adventure,XBL,Platform,Sega,Sonic Team,4.3,,,,,,2010-09-15,
Sonic the Hedgehog 4: Episode 1,WW,Platform,Sega,Dimps Corporation,7.7,,,,,,2010-10-11,
Sonic the Hedgehog 4: Episode 1,XBL,Platform,Sega,Dimps Corporation,7.5,,,,,,2010-10-13,
Sonic the Hedgehog 4: Episode 1,PSN,Platform,Sega,Dimps Corporation,7.6,,,,,,2010-10-12,
SonicN,NGage,Platform,Sega,Sonic Team,5.4,,,,,,2003-10-06,
Spider-Man 3,GBA,Platform,Activision,Vicarious Visions,6.9,,,,,,2007-05-04,
Spot Goes to Hollywood,SAT,Platform,Virgin Interactive,Burst Studios,7.0,,,,,,1996-01-01,
SteamWorld Dig: A Fistful of Dirt,3DS,Platform,Image & Form Games,Image & Form Games,8.0,,,,,,2013-08-08,2018-03-19
Super Adventure Island II,VC,Platform,Hudson Soft,Hudson Soft,8.0,,,,,,2011-06-10,
Super Castlevania IV,VC,Platform,Konami,Konami,8.0,,,,,,2006-12-25,
Super Ghouls 'n Ghosts,VC,Platform,Capcom,Capcom,7.5,,,,,,2007-03-05,
Super Mario 64,VC,Platform,Nintendo,Nintendo EAD,9.0,,,,,,2006-11-19,
Super Mario Bros.,VC,Platform,Nintendo,Nintendo EAD,9.0,,,,,,2006-12-25,
Super Mario Bros. 2,VC,Platform,Nintendo,Nintendo EAD,8.5,,,,,,2007-07-02,
Super Mario Bros. 3,VC,Platform,Nintendo,Nintendo R&D2,9.5,,,,,,2007-11-05,
Super Mario Land,3DS,Platform,Nintendo,Nintendo R&D1,7.5,,,,,,2011-06-06,
Super Mario Land 2: 6 Golden Coins,3DS,Platform,Unknown,Nintendo,9.0,,,,,,,
Super Mario World,VC,Platform,Nintendo,Nintendo EAD,8.5,,,,,,2007-02-05,
Super Meat Boy,XBL,Platform,Microsoft,Team Meat,9.0,,,,,,2010-10-20,
T.E.C. 3001,XBL,Platform,Bulkypix,Phoenix Games Studio,8.0,,,,,,2014-08-24,
Taz Wanted,PC,Platform,Atari,Blitz Games,5.7,,,,,,2002-10-01,
The Fancy Pants Adventures,XBL,Platform,Electronic Arts,Over The Top Games,7.1,,,,,,2011-04-20,
The Fancy Pants Adventures,PSN,Platform,Electronic Arts,Over The Top Games,7.2,,,,,,2011-04-19,
The Legend of Spyro: A New Beginning,XB,Platform,Sierra Entertainment,Krome Studios,6.4,,,,,,2006-10-10,
The Legend of Spyro: A New Beginning,PS2,Platform,Sierra Entertainment,Krome Studios,6.3,,,,,,2006-10-10,
The War of the Worlds,XBL,Platform,Paramount Digital Entertainment,Other Ocean Interactive,3.5,,,,,,2011-10-26,
Tobe's Vertical Adventure,PC,Platform,Unknown,Secret Base,8.0,,,,,,2011-07-18,
Tomb Raider starring Lara Croft,GB,Platform,THQ,Core Design Ltd.,8.1,,,,,,2000-06-08,
Trine,PS3,Platform,Nobilis,Frozenbyte,8.2,,,,,,2009-10-09,
Trine,PSN,Platform,Nobilis,Frozenbyte,8.3,,,,,,2009-10-22,
Wik & The Fable of Souls,XBL,Platform,Microsoft,Reflexive Entertainment,7.8,,,,,,2005-12-15,
Celeste,NS,Platform,Matt Makes Games Inc.,Matt Makes Games Inc.,9.3,,,,,,2018-01-25,2018-01-13
Mario vs. Donkey Kong: Mini-Land Mayhem!,DS,Puzzle,Nintendo,Nintendo Software Technology Corporation,7.8,,,,,,2010-11-14,
Tetris DS,DS,Puzzle,Nintendo,Nintendo,8.5,,,,,,2006-03-20,
WarioWare Touched!,DS,Puzzle,Nintendo,Intelligent Systems,7.8,,,,,,2005-02-14,
Captain Toad: Treasure Tracker,NS,Puzzle,Nintendo,Nintendo EPD,8.1,,,,,,2018-07-13,2018-11-18
WarioWare: Smooth Moves,Wii,Puzzle,Nintendo,Intelligent Systems,8.2,,,,,,2007-01-15,
"Papers, Please",PC,Puzzle,3909 LLC,3909 LLC,8.4,,,,,,2013-08-13,2018-01-20
Mario vs. Donkey Kong 2: March of the Minis,DS,Puzzle,Nintendo,Nintendo Software Technology Corporation,7.7,,,,,,2006-09-25,
Puzzle & Dragons Z + Super Mario Bros. Edition,3DS,Puzzle,Nintendo,GungHo Online Entertainment,7.8,,,,,,2015-05-22,2018-07-17
Professor Layton and the Mask of Miracle,3DS,Puzzle,Nintendo,Level 5,8.4,,,,,,2012-10-28,2018-01-05
Captain Toad: Treasure Tracker,WiiU,Puzzle,Nintendo,Nintendo EAD Tokyo,7.7,,,,,,2014-12-05,2020-08-04
Scribblenauts: Unlimited,PC,Puzzle,Warner Bros. Interactive Entertainment,5TH Cell,8.8,,,,,,2012-11-19,2017-12-31
Puyo Puyo Tetris,NS,Puzzle,Sega,Sonic Team,8.3,,,,,,2017-04-25,2018-07-04
Scribblenauts,DS,Puzzle,Warner Bros. Interactive,5TH Cell,8.2,,,,,,2009-09-15,
SpaceChem,PC,Puzzle,Unknown,Zachtronics Industries,9.0,,,,,,2011-03-02,
Bomberman Live,XBL,Puzzle,Hudson Soft,Backbone Entertainment,8.3,,,,,,2007-07-18,
Lumines: Puzzle Fusion,PSP,Puzzle,Ubisoft,Q Entertainment,9.1,,,,,,2005-03-22,
Boom Blox,Wii,Puzzle,Electronic Arts,EA Los Angeles,8.6,,,,,,2008-05-06,
Cogs,PC,Puzzle,Lazy 8 Studios,Lazy 8 Studios,7.5,,,,,,2009-04-14,
Bejeweled 3,PC,Puzzle,PopCap Games,PopCap Games,8.1,,,,,,2010-12-07,
Shatter,PC,Puzzle,Sidhe Interactive,Sidhe Interactive,8.6,,,,,,2010-03-15,
NightSky,PC,Puzzle,Unknown,Nicalis,7.8,,,,,,2011-01-06,
Peggle Nights,PC,Puzzle,PopCap Games,PopCap Games,7.8,,,,,,2008-09-16,
The Misadventures of P.B. Winterbottom,PC,Puzzle,2K Games,The Odd Gentlemen,8.1,,,,,,2010-04-20,
1001 Blockbusters,DSiW,Puzzle,SelectSoft,SelectSoft,7.0,,,,,,2011-10-13,
101-in-1 Explosive Megamix,WW,Puzzle,Unknown,Nordcurrent,2.5,,,,,,,
7 Wonders of the Ancient World,PSN,Puzzle,Mumbo Jumbo,Hot Lava Games,5.4,,,,,,2009-04-01,
AfterZoom,DSiW,Puzzle,Abylight,Abylight,7.5,,,,,,2011-07-14,
AlphaBounce,DSiW,Puzzle,Mad Monkey Studio,Mad Monkey Studio,9.0,,,,,,2010-04-12,
Angry Birds,PSN,Puzzle,Chillingo,Abstraction Games,7.5,,,,,,2011-01-04,
Archer Maclean's Mercury,PSN,Puzzle,Ignition Entertainment,Awesome Studios,7.7,,,,,,2008-12-03,
Armadillo Run,PC,Puzzle,Unknown,Peter Stock,9.0,,,,,,,
Art Style: AQUIA,DSiW,Puzzle,Nintendo,skip Ltd.,7.5,,,,,,2009-04-05,
Art Style: ORBIENT,WW,Puzzle,Nintendo,skip Ltd.,7.8,,,,,,2008-09-29,
Art Style: PiCTOBiTS,DSiW,Puzzle,Nintendo,skip Ltd.,7.7,,,,,,2009-05-18,
AstroPop,XBL,Puzzle,Oberon Media,PopCap Games,7.4,,,,,,2006-03-22,
Auditorium HD,PSN,Puzzle,Zoo Games,Cipher Prime,7.8,,,,,,2010-11-23,
Aya and the Cubes of Light,WW,Puzzle,Unknown,Object Vision Software,7.0,,,,,,2011-09-22,
Bejeweled 2 Deluxe,XBL,Puzzle,Oberon Media,PopCap Games,6.9,,,,,,2005-11-22,
Bejeweled Blitz Live,XBL,Puzzle,PopCap Games,Torpex Games,7.2,,,,,,2011-02-23,
Bliss Island,PSN,Puzzle,Codemasters,PomPom Games,5.7,,,,,,2009-02-05,
Bliss Island,XBL,Puzzle,Codemasters Online,PomPom Games,5.3,,,,,,2008-03-12,
Bomberman,NGage,Puzzle,Nokia,Hudson Soft,5.4,,,,,,2004-08-04,
Bomberman Blast,WW,Puzzle,Hudson Entertainment,Hudson Soft,8.1,,,,,,2008-09-29,
Bomberman Live: Battlefest,XBL,Puzzle,Hudson Soft,Pi Studios,7.3,,,,,,2010-12-08,
Bomberman Online,DC,Puzzle,Sega,Hudson Soft,8.4,,,,,,2001-10-30,
Bomberman Ultra,PSN,Puzzle,Hudson Soft,Hudson Soft,8.0,,,,,,2009-06-11,
Boogie Bunnies,XBL,Puzzle,Sierra Online,Artech Studios,6.5,,,,,,2008-01-16,
Bookworm Adventures Volume 2,PC,Puzzle,PopCap Games,PopCap Games,8.3,,,,,,2009-07-30,
Boom Boom Rocket,XBL,Puzzle,Electronic Arts,Bizarre Creations,6.3,,,,,,2007-04-11,
Boulder Dash-XL,XBL,Puzzle,Kalypso,Catnip Games,7.6,,,,,,2011-07-13,
BreakQuest,PSN,Puzzle,Beatshapers,Beatshapers,7.0,,,,,,2010-03-18,
Bubble Bobble Neo!,XBL,Puzzle,Taito,Taito Corporation,7.5,,,,,,2009-09-16,
Bubble Trubble,PSN,Puzzle,Creat Studio,Creat Studios,6.0,,,,,,2009-11-11,
Buku Sudoku,XBL,Puzzle,Microsoft,Absolutist Ltd.,6.7,,,,,,2008-05-28,
Burn the Rope,WW,Puzzle,Unknown,Big Blue Bubble Inc.,6.0,,,,,,,
Bust-A-Move 4,DC,Puzzle,Acclaim Entertainment,Taito Corporation,8.2,,,,,,2000-05-31,
Cardboard Castle,iOS,Puzzle,Unknown,White Birds Productions,7.5,,,,,,,
Carol Vorderman's Sudoku,PSN,Puzzle,Empire Interactive,Empire Interactive,7.4,,,,,,2008-11-27,
Catrap,3DS,Puzzle,Unknown,Nintendo,8.5,,,,,,,
Chime,XBL,Puzzle,Valcon Games,Zoe Mode,8.0,,,,,,2010-02-03,
Chime Super Deluxe,PSN,Puzzle,Unknown,Zoe Mode,7.6,,,,,,2011-03-29,
ColorZ,WW,Puzzle,Exkee,Exkee,7.0,,,,,,2009-09-07,
Columns,VC,Puzzle,Sega,Sega,6.5,,,,,,2006-12-04,
Columns Crown,GBA,Puzzle,THQ,Sega,7.3,,,,,,2002-02-04,
Crayon Physics Deluxe,PC,Puzzle,Kloonigames,Petri Purho,7.5,,,,,,2009-01-07,
Crazy Machines Elements,XBL,Puzzle,DTP Entertainment,FAKT Software GmBH,5.0,,,,,,2011-08-24,
Critical Mass,PC,Puzzle,Unknown,Manic Game Studios,8.7,,,,,,2011-06-20,
Critter Crunch,PSN,Puzzle,Capybara Games,Capybara Games,8.8,,,,,,2009-10-08,
Cubixx,PSN,Puzzle,Laughing Jackal,Laughing Jackal,6.6,,,,,,2010-06-08,
Dig Dug,XBL,Puzzle,Namco Bandai,Namco,6.7,,,,,,2006-10-11,
Diner Dash,WW,Puzzle,Hudson Soft,Hudson Entertainment,6.4,,,,,,2010-03-29,
Diner Dash,XBL,Puzzle,Big Fish Games,GameLab,6.4,,,,,,2009-11-18,
Disney Fireworks,DSiW,Puzzle,Disney Interactive Studios,Disney Interactive Studios,5.0,,,,,,2010-03-29,
Droplitz,XBL,Puzzle,Atlus,Blitz Arcade,5.0,,,,,,2009-06-24,
Droplitz,PSN,Puzzle,Atlus,Blitz Arcade,7.8,,,,,,2009-06-25,
echochrome ii,PSN,Puzzle,Sony Computer Entertainment,SCE Japan Studio,8.0,,,,,,2010-12-21,2018-09-16
Echoes,PSN,Puzzle,Halfbrick Studios,Halfbrick Studios,7.9,,,,,,2009-11-18,
echoshift,PSN,Puzzle,Sony Computer Entertainment,SCE Japan Studio,7.5,,,,,,2010-02-24,2018-09-17
Exit,PSN,Puzzle,Ubisoft,Taito Corporation,7.9,,,,,,2009-04-23,
Exit,XBL,Puzzle,Taito,Taito Corporation,7.5,,,,,,2007-10-24,
Fading Shadows,PSN,Puzzle,Nordcurrent,Ivolgamus,7.0,,,,,,2009-05-21,
Feeding Frenzy,XBL,Puzzle,Oberon Media,Sprout Games,5.3,,,,,,2006-03-15,
Fish Tank,WW,Puzzle,Unknown,iFun4all,6.5,,,,,,2011-10-20,
Flipper,DSiW,Puzzle,Xform,Goodbye Galaxy Games,7.5,,,,,,2010-02-22,
Fluidity,WW,Puzzle,Nintendo,Curve Studios,8.4,,,,,,2010-12-06,
Gem Smashers,GBA,Puzzle,Metro 3D,Frame Studios Interactive,8.0,,,,,,2003-07-01,
Hanagumi Taisen Columns 2,DC,Puzzle,Sega,Tenky,9.0,,,,,,2000-01-06,
Hexic HD,XBL,Puzzle,Microsoft,Carbonated Games,7.4,,,,,,2005-11-22,
It's Mr Pants,GBA,Puzzle,THQ,Rare Ltd.,7.5,,,,,,2005-11-15,
Jewel Keepers: Easter Island,DSiW,Puzzle,Nordcurrent,Nordcurrent,6.0,,,,,,2011-07-07,
Jewel Quest,PC,Puzzle,Mumbo Jumbo,"iWin, Inc.",8.0,,,,,,2004-10-29,
Jewel Quest,XBL,Puzzle,iWin,"iWin, Inc.",6.8,,,,,,2006-03-08,
KrissX,XBL,Puzzle,Microsoft,Regolith Games Ltd,6.5,,,,,,2010-01-27,
Leedmees,XBL,Puzzle,Konami,Konami,6.5,,,,,,2011-09-07,
Legend of Fae,PC,Puzzle,Endless Fluff Games,Endless Fluff Games,8.0,,,,,,2011-06-26,
Lemmings,PSN,Puzzle,Sony Computer Entertainment,Team17 Software,6.5,,,,,,2006-12-07,
Lode Runner,XBL,Puzzle,Microsoft,Tozai Games / SouthEnd Interactive,7.0,,,,,,2009-04-22,
Luxor 2,XBL,Puzzle,United Developers,MumboJumbo,5.5,,,,,,2007-04-04,
Maboshi's Arcade,WW,Puzzle,Nintendo,Nintendo,8.5,,,,,,2008-12-29,
Marble Blast Ultra,XBL,Puzzle,Microsoft,GarageGames.com,7.2,,,,,,2006-01-23,
Mario vs. Donkey Kong: Minis March Again!,DSiW,Puzzle,Nintendo,Nintendo Software Technology Corporation,8.1,,,,,,2009-06-08,
Mercury Hg,PSN,Puzzle,Ignition Entertainment,Ignition Entertainment,7.0,,,,,,2011-09-27,
Mighty Flip Champs!,DSiW,Puzzle,WayForward,Way Forward Technologies,8.3,,,,,,2009-06-01,
Mole Mania,GB,Puzzle,Nintendo,Pax Softnica,8.0,,,,,,1997-02-01,
Monument Valley,iOS,Puzzle,Ustwo Games,Ustwo Games,8.7,,,,,,2014-04-03,2018-01-21
Mr. Driller,DC,Puzzle,Namco,Namco,7.6,,,,,,2000-06-25,
Mr. Driller: Drill Till You Drop,DSiW,Puzzle,Namco Bandai,Bandai Namco Games,6.5,,,,,,2010-04-05,
Ms. Pac-Man: Maze Madness,DC,Puzzle,Namco,Namco,6.9,,,,,,2000-11-13,
Nimbus,PC,Puzzle,Unknown,Noumenon Games,8.0,,,,,,2010-10-25,
O-D Beat Drop,XBL,Puzzle,Arc System Works,Cyclone Zero,8.5,,,,,,2009-11-11,
Pac-Man,XBL,Puzzle,Namco Bandai,Namco Bandai Games,7.0,,,,,,2006-08-09,
Pac-Man,3DS,Puzzle,Namco Bandai,Bandai Namco Games,5.0,,,,,,2011-09-01,
Pac-Man Championship Edition,PSN,Puzzle,Namco Bandai,Namco Bandai Games,5.5,,,,,,2011-02-01,
Pac-Man Championship Edition,XBL,Puzzle,Namco Bandai,Namco Bandai Games,8.5,,,,,,2007-06-06,
Pac-Man Championship Edition DX,PSN,Puzzle,Namco Bandai,Namco Bandai Games,9.0,,,,,,2010-11-23,
Pac-Man Championship Edition DX,XBL,Puzzle,Namco Bandai,Namco Bandai Games,9.4,,,,,,2010-11-17,
Pac-Man vs.,GC,Puzzle,Namco,Nintendo,7.0,,,,,,2003-12-02,
Peggle,XBL,Puzzle,PopCap Games,PopCap Games,8.8,,,,,,2009-03-11,
Peggle Nights,XBL,Puzzle,PopCap Games,PopCap Games,8.4,,,,,,2009-11-18,
Polar Panic,XBL,Puzzle,Valcon Games,Eiconic Games,7.5,,,,,,2009-12-23,
pOp,WW,Puzzle,Nnooo,Nnooo,5.6,,,,,,2008-05-12,
Primrose,PC,Puzzle,Jason Rohrer,Jason Rohrer,7.0,,,,,,2009-02-19,
Puyo Pop,NGage,Puzzle,Sega,Sega,5.7,,,,,,2003-10-06,
Puyo Puyo 4,DC,Puzzle,Sega,Compile,8.7,,,,,,1999-03-04,
Puyo Puyo DA! featuring ELLENA System,DC,Puzzle,Compile,Compile,2.3,,,,,,1999-12-16,
Puzzle Agent,PC,Puzzle,Telltale Games,Telltale Games,7.0,,,,,,2010-06-30,
Puzzle Agent 2,PC,Puzzle,Telltale Games,Telltale Games,6.3,,,,,,2011-06-30,
Puzzle Bobble VS,NGage,Puzzle,Taito,Taito Corporation,2.2,,,,,,2003-10-06,
Puzzle Dimension,PSN,Puzzle,Unknown,Doctor Entertainment,8.0,,,,,,2011-06-28,
Puzzle Quest: Challenge of the Warlords,XBL,Puzzle,D3 Publisher,Infinite Interactive,9.1,,,,,,2007-10-10,
Puzzle Quest: Challenge of the Warlords,PC,Puzzle,D3 Publisher,Infinite Interactive,8.6,,,,,,2007-10-10,
Puzzle Rocks,DSiW,Puzzle,Cinemax,Cinemax,5.5,,,,,,2011-06-03,
Puzzlegeddon,XBL,Puzzle,Tecmo,Pieces Interactive,6.4,,,,,,2009-12-16,
Pyramids,3DS,Puzzle,Enjoy Gaming,Visual Impact Productions,7.5,,,,,,2011-10-27,
Q*Bert,DC,Puzzle,Hasbro Interactive,Artech Digital Entertainment,5.4,,,,,,2000-11-30,
Qix++,XBL,Puzzle,Taito,Taito Corporation,4.2,,,,,,2009-12-09,
Raskulls,XBL,Puzzle,Halfbrick Studios,Halfbrick Studios,7.4,,,,,,2010-12-29,
Rotastic,XBL,Puzzle,Focus Home Interactive,Dancing Dots,5.0,,,,,,2011-09-21,
Save the Turtles,DSiW,Puzzle,Sabarasa Entertainment,Sabarasa Entertainment,8.0,,,,,,2010-03-29,
Sega Swirl,DC,Puzzle,Sega,Tremor Entertainment,8.6,,,,,,2000-01-01,
Shatter,PSN,Puzzle,Sidhe Interactive,Sidhe Interactive,8.4,,,,,,2009-07-23,
SHIFT extended,PSN,Puzzle,Zallag,Fishing Cactus,8.0,,,,,,2011-01-19,
Simply Minesweeper,DSiW,Puzzle,Engine Software,Engine Software,6.0,,,,,,2011-10-06,
Snakes,NGage,Puzzle,Nokia,IOMO,8.4,,,,,,2005-01-25,
Solomon's Key,VC,Puzzle,Tecmo,Tecmo,7.0,,,,,,2006-11-19,
Stacking,XBL,Puzzle,THQ,Double Fine Productions,8.3,,,,,,2011-02-09,
Stacking,PSN,Puzzle,THQ,Double Fine Productions,8.4,,,,,,2011-02-08,
StarDrone,PSN,Puzzle,Beatshapers,Beatshapers,7.2,,,,,,2011-04-05,
Super Bubble Pop,PS,Puzzle,Jaleco,Runecraft,4.6,,,,,,2002-12-25,
Super Monkey Ball,NGage,Puzzle,Sega,Amusement Vision,5.8,,,,,,2003-10-06,
Super Yum Yum: Puzzle Adventures,DSiW,Puzzle,Mastertronic,AirPlay,3.0,,,,,,2010-03-29,
Swarm,PSN,Puzzle,Ignition Entertainment,Hothead Games,6.8,,,,,,2011-03-22,
Swarm,XBL,Puzzle,Ignition Entertainment,Hothead Games,6.8,,,,,,2011-03-23,
Tetris,PSN,Puzzle,Electronic Arts,Electronic Arts,7.5,,,,,,2011-01-04,
Tetris 4D,DC,Puzzle,Bullet Proof Software,Bullet Proof Software,5.8,,,,,,1998-12-23,
Tetris Party,WW,Puzzle,Tetris Online,Hudson Soft,8.5,,,,,,2008-10-20,
The Misadventures of P.B. Winterbottom,XBL,Puzzle,2K Play,The Odd Gentlemen,8.4,,,,,,2010-02-17,
The UnderGarden,PC,Puzzle,Atari,Vitamin G Studios,6.4,,,,,,2010-11-10,
The UnderGarden,PSN,Puzzle,Atari,Vitamin G Studios,6.0,,,,,,2011-02-01,
The UnderGarden,XBL,Puzzle,Atari,Vitamin G Studios,6.4,,,,,,2010-10-29,
Tidalis,PC,Puzzle,"Arcen Games, LLC","Arcen Games, LLC",7.0,,,,,,2010-07-16,
Toki Tori,WW,Puzzle,Two Tribes,Two Tribes,7.7,,,,,,2008-06-02,
Trajectile,DSiW,Puzzle,Nintendo,Q Games,6.7,,,,,,2010-01-04,
Trash Panic,PSN,Puzzle,Sony Computer Entertainment,Sony Online Entertainment,6.8,,,,,,2009-06-04,
Tumble,PSN,Puzzle,Sony Computer Entertainment,Supermassive Games Ltd.,7.2,,,,,,2010-09-14,
Wario's Woods,VC,Puzzle,Nintendo,Nintendo,7.5,,,,,,2006-11-19,
Where is my Heart?,PSN,Puzzle,Unknown,Copenhagen Game Collective,7.5,,,,,,2011-11-22,
World of Goo,WW,Puzzle,2D Boy,2D Boy,9.2,,,,,,2008-10-13,
Yohoho! Puzzle Pirates,PC,Puzzle,Ubisoft,Three Rings Design,8.3,,,,,,2003-12-08,
Yosumin! Live,XBL,Puzzle,Square Enix,Square Enix,6.0,,,,,,2009-05-27,
Zooo,GBA,Puzzle,Ignition Entertainment,Success,7.0,,,,,,2006-01-17,
Zuma,PSN,Puzzle,Sony Online Entertainment,PopCap Games,8.0,,,,,,2009-02-19,
Zuma Deluxe,XBL,Puzzle,Microsoft,Oberon Media,7.4,,,,,,2005-11-22,
GNOG,PS4,Puzzle,Double Fine Presents,KO_OP Mode,7.9,,,,,,2017-05-02,2018-05-13
Gorogoa,NS,Puzzle,Annapurna Interactive,Buried Signal,8.5,,,,,,2017-12-14,2018-01-31
Mario Kart 8 Deluxe,NS,Racing,Nintendo,Nintendo EPD,9.3,,,,,,2017-04-28,2018-11-19
Mario Kart Wii,Wii,Racing,Nintendo,Nintendo EAD,8.2,,,,,,2008-04-27,2018-04-11
Mario Kart DS,DS,Racing,Nintendo,Nintendo EAD,9.1,,,,,,2005-11-14,
Mario Kart 7,3DS,Racing,Nintendo,Nintendo EAD / Retro Studios,8.2,,,,,,2011-12-04,
Gran Turismo 3: A-Spec,PS2,Racing,Sony Computer Entertainment,Polyphony Digital,9.3,,,,,,2001-07-09,
Gran Turismo 5,PS3,Racing,Sony Computer Entertainment,Polyphony Digital,8.3,,,,,,2010-11-24,
Gran Turismo 4,PS2,Racing,Sony Computer Entertainment,Polyphony Digital,8.7,,,,,,2005-02-22,
Gran Turismo,PS,Racing,Sony Computer Entertainment,Polyphony Digital,9.5,,,,,,1998-04-30,
Mario Kart 64,N64,Racing,Nintendo,Nintendo EAD,8.5,,,,,,1997-02-10,
Gran Turismo 2,PS,Racing,Sony Computer Entertainment,Polyphony Digital,9.2,,,,,,1999-01-17,
Super Mario Kart,SNES,Racing,Nintendo,Nintendo EAD,10.0,,,,,,1992-09-01,
Mario Kart 8,WiiU,Racing,Nintendo,Nintendo,8.8,,,,,,2014-05-30,2020-08-02
Mario Kart: Double Dash!!,GC,Racing,Nintendo,Nintendo EAD,8.5,,,,,,2003-11-17,
Project Gotham Racing,XB,Racing,Microsoft,Bizarre Creations,8.4,,,,,,2001-11-14,
Mario Kart: Super Circuit,GBA,Racing,Nintendo,Intelligent Systems,9.3,,,,,,2001-08-26,
Gran Turismo 5 Prologue,PS3,Racing,Sony Computer Entertainment,Polyphony Digital,8.3,,,,,,2008-04-15,
Gran Turismo 6,PS3,Racing,Sony Computer Entertainment America,Polyphony Digital,8.6,,,,,,2013-12-06,2018-04-18
Driveclub,PS4,Racing,Sony Computer Entertainment,Evolution Studios,7.2,,,,,,2014-10-07,2018-09-25
Diddy Kong Racing,N64,Racing,Nintendo,Rare Ltd.,8.3,,,,,,1997-11-24,
Gran Turismo,PSP,Racing,Sony Computer Entertainment,Polyphony Digital,7.7,,,,,,2009-10-01,
Star Wars Episode I Racer,N64,Racing,LucasArts,LucasArts,8.7,,,,,,1999-05-19,
MotorStorm,PS3,Racing,Sony Computer Entertainment,Evolution Studios,8.2,,,,,,2007-03-06,
Wave Race 64,N64,Racing,Nintendo,Nintendo EAD,9.2,,,,,,1996-11-05,
Forza Horizon 3,XOne,Racing,Microsoft Studios,Playground Games,9.0,,,,,,2016-09-27,2018-01-13
Trials HD,XBL,Racing,Microsoft,"RedLynx, Ltd.",8.6,,,,,,2009-08-12,
Diddy Kong Racing DS,DS,Racing,Nintendo,Rare Ltd.,5.1,,,,,,2007-02-05,
Kirby Air Ride,GC,Racing,Nintendo,HAL Laboratory,6.4,,,,,,2003-10-13,
F-Zero X,N64,Racing,Nintendo,Nintendo EAD,8.5,,,,,,1998-09-30,
F-Zero: Maximum Velocity,GBA,Racing,Nintendo,"Nd Cube Co., Ltd.",8.7,,,,,,2001-06-12,
MotorStorm: Pacific Rift,PS3,Racing,Sony Computer Entertainment,Evolution Studios,8.0,,,,,,2008-10-28,
South Park Rally,N64,Racing,Acclaim Entertainment,Tantalus Interactive,4.2,,,,,,2000-02-29,
WipEout,PS,Racing,Psygnosis,Psygnosis,8.0,,,,,,1995-11-21,
Ridge Racer,PSP,Racing,Namco,Namco,8.8,,,,,,2005-03-22,
Colin McRae: DiRT,All,Racing,Codemasters,Codemasters,9.4,,,,,,2007-06-19,2021-01-26
F1 2012,PC,Racing,Codemasters,Codemasters Birmingham,8.8,,,,,,2012-09-18,2018-03-13
Grand Prix 3,PC,Racing,Microprose,MicroProse,9.3,,,,,,2000-08-24,
Full Auto,X360,Racing,Sega,Pseudo Interactive,7.0,,,,,,2006-02-14,
Colin McRae Rally,PC,Racing,Codemasters,Codemasters,9.0,,,,,,2000-02-29,
MSR: Metropolis Street Racer,DC,Racing,Sega,Bizarre Creations,8.6,,,,,,2001-01-15,
Ridge Racer 3D,3DS,Racing,Namco Bandai,Namco Bandai Games,7.4,,,,,,2011-03-22,
18 Wheeler: American Pro Trucker,DC,Racing,Sega,Sega-AM2,7.4,,,,,,2001-05-22,
4 Wheel Thunder,DC,Racing,Midway Games,Kalisto,8.1,,,,,,2000-05-04,
4x4 Evolution,DC,Racing,Gathering of Developers,Terminal Reality,7.9,,,,,,2000-10-30,
Andretti Racing,SAT,Racing,EA Sports,Press Start Inc./ High Score Productions,9.0,,,,,,1997-11-17,
Art Style: light trax,WW,Racing,Nintendo,skip Ltd.,7.4,,,,,,2010-05-24,
Asphalt: Urban GT,NGage,Racing,Nokia,Gameloft,7.5,,,,,,2004-11-15,
Baja: Edge of Control,XBL,Racing,THQ,2XL Games,6.6,,,,,,2010-03-16,
Big Bumpin',XB,Racing,King Games,Blitz Games,6.3,,,,,,2006-11-19,
Burnout Crash!,XBL,Racing,Electronic Arts,Criterion Games,6.8,,,,,,2011-09-21,
Burnout Crash!,PSN,Racing,Electronic Arts,Criterion Games,7.0,,,,,,2011-09-20,
Burnout Dominator,PS2,Racing,Electronic Arts,Criterion Games,7.8,,,,,,2007-03-06,
Burnout Dominator,PSN,Racing,Electronic Arts,Criterion Games,7.8,,,,,,2009-09-30,
Burnout Legends,PSN,Racing,Electronic Arts,Criterion Games,8.4,,,,,,2009-09-30,
Burnout Paradise,XBL,Racing,Electronic Arts,Criterion Games,9.0,,,,,,2009-08-11,
Burnout Paradise,PSN,Racing,Electronic Arts,Criterion,9.0,,,,,,2008-09-25,
Burnout Paradise: Big Surf Island,XBL,Racing,Electronic Arts,Criterion Games,8.0,,,,,,2009-06-11,
Burnout Paradise: Big Surf Island,PSN,Racing,Electronic Arts,Criterion Games,8.0,,,,,,2009-06-11,
Car and Driver Presents: Grand Tour Racing '98,PS,Racing,Activision,Eutechnyx,7.0,,,,,,1997-09-30,
CART Flag To Flag,DC,Racing,Sega,Zoom Inc.,6.3,,,,,,1999-09-08,
Cartoon Network Speedway,GBA,Racing,Majesco,DC Studios,3.0,,,,,,2003-11-09,
Cel Damage Overdrive,PS2,Racing,Electronic Arts,Pseudo Interactive,5.3,,,,,,2002-12-12,
Colin McRae Rally 2005,NGage,Racing,Nokia,Ideaworks3D,8.3,,,,,,2004-11-15,
Crash Nitro Kart,NGage,Racing,Nokia,Vicarious Visions,6.0,,,,,,2004-07-28,
Crazy Taxi,PC,Racing,Activision,Strangelite,5.0,,,,,,2002-09-30,
Crazy Taxi,PSN,Racing,Sega,Sega,6.0,,,,,,2010-11-16,
Crazy Taxi,XBL,Racing,Sega,Sega,6.0,,,,,,2010-11-24,
Crazy Taxi: Fare Wars,PSN,Racing,Sega,Sniper Studios,6.3,,,,,,2009-09-30,
Daytona USA,DC,Racing,Sega,Amusement Vision,7.7,,,,,,2001-03-12,
Daytona USA,PSN,Racing,Sega,Sega,8.5,,,,,,2011-10-25,
Daytona USA,XBL,Racing,Sega,Sega,9.0,,,,,,2011-10-26,
Demolition Racer: No Exit,DC,Racing,Infogrames,Pitbull Syndicate,7.7,,,,,,2000-10-23,
Dirt Trax FX,SNES,Racing,Acclaim Entertainment,Sculptured Software,7.0,,,,,,1995-06-01,
Doritos Crash Course,XBL,Racing,Microsoft Game Studios,Wanako Studios,8.0,,,,,,2010-12-08,
Downforce,GBA,Racing,Titus,Karma Studios,7.9,,,,,,2002-05-24,
Driver '76,PSN,Racing,Ubisoft,Sumo Digital,5.5,,,,,,2009-06-24,
Ducati World Championship,PC,Racing,Unknown,Artematica Entertainment,3.0,,,,,,,
Ducati World Racing Challenge,DC,Racing,Acclaim Entertainment,Attention To Detail,2.4,,,,,,2001-02-13,
Excitebike: World Rally,WW,Racing,Nintendo,Monster Games,6.5,,,,,,2009-11-09,
F-Zero,VC,Racing,Nintendo,Nintendo EAD,7.8,,,,,,2006-11-19,
F-Zero X,VC,Racing,Nintendo,Nintendo EAD,6.8,,,,,,2007-06-26,
F1 2002,XB,Racing,EA Sports,Visual Sciences Ltd.,7.0,,,,,,2002-04-05,
F1 2009,PSN,Racing,Codemasters,Sumo Digital,7.4,,,,,,2009-12-17,
F1 World Grand Prix,DC,Racing,Sega,Paradigm Entertainment,8.0,,,,,,2000-04-24,
F1 World Grand Prix II,DC,Racing,Video System,Paradigm Entertainment,7.1,,,,,,2000-12-02,
F355 Challenge: Passione Rossa,DC,Racing,Acclaim Entertainment,Sega,8.5,,,,,,2000-09-19,
FAST - Racing League,WW,Racing,Shin'en,Shin'en Multimedia,6.0,,,,,,2011-05-30,
FlatOut: Head On,PSN,Racing,Empire Interactive,Empire Interactive,7.3,,,,,,2009-01-08,
Formula One 2005,PS2,Racing,Sony Computer Entertainment,Studio Liverpool,7.0,,,,,,2005-07-01,
Forza Motorsport 7,PC,Racing,Microsoft Studios,Turn 10 Studios,8.1,,,,,,2017-10-03,2018-10-01
FUEL,XBL,Racing,Codemasters,Asobo Studio,6.6,,,,,,2011-07-12,
Full Auto 2: Battlelines,PSN,Racing,Sega,Deep Fried Entertainment,5.5,,,,,,2009-09-30,
Glimmerati,NGage,Racing,Nokia,BugBear,8.4,,,,,,2005-08-16,
GRID,XBL,Racing,Codemasters,Codemasters,8.6,,,,,,2009-11-17,
Halfbrick Rocket Racing!,PSN,Racing,Halfbrick Studios,Halfbrick Studios,7.0,,,,,,2010-03-11,
Harms Way,XBL,Racing,Unknown,Bongfish GmbH,6.0,,,,,,2010-12-08,
Hydro Thunder,DC,Racing,Midway Games,Eurocom Entertainment Software,7.9,,,,,,1999-09-09,
Hydro Thunder Hurricane,XBL,Racing,Microsoft Game Studios,Vector Unit Studios,7.5,,,,,,2010-07-28,
JellyCar 2,WW,Racing,Disney Interactive Studios,Walt Disney Internet Group,3.5,,,,,,2011-01-10,
Jeremy McGrath Supercross 2000,DC,Racing,Acclaim Entertainment,Acclaim Entertainment,4.4,,,,,,1999-09-29,
lilt line,WW,Racing,Gaijin Entertainment,Different Cloth,6.2,,,,,,2010-12-13,
Looney Tunes: Space Race,DC,Racing,Infogrames,Infogrames Melbourne,7.8,,,,,,2000-11-27,
Mag Force Racing,DC,Racing,Crave Entertainment,VCC Entertainment,6.9,,,,,,2000-07-13,
Mario Kart 64,VC,Racing,Nintendo,Nintendo EAD,7.1,,,,,,2007-01-29,
Midnight Club: Los Angeles,XBL,Racing,Rockstar Games,Rockstar San Diego,8.3,,,,,,2009-10-20,
ModNation Racers,PSN,Racing,Sony Computer Entertainment,SCE San Diego Studio,7.7,,,,,,2011-03-01,2018-02-03
Monaco Grand Prix,DC,Racing,Ubisoft,Ubisoft,6.6,,,,,,1999-08-31,
Monochrome Racing,WW,Racing,Nordcurrent,Nordcurrent,3.0,,,,,,2011-08-04,
MotoGP,NGage,Racing,THQ,THQ,2.7,,,,,,2003-11-14,
MotoHeroz,WW,Racing,RedLynx,"RedLynx, Ltd.",8.3,,,,,,2011-09-15,
MotorStorm: Arctic Edge,PSN,Racing,Sony Computer Entertainment,Bigbig Studios,7.7,,,,,,2009-10-01,
Need for Speed: Hot Pursuit,XBL,Racing,Electronic Arts,Criterion Games,8.7,,,,,,2011-07-26,
Need for Speed: Hot Pursuit,PSN,Racing,Electronic Arts,Criterion Games,8.9,,,,,,2011-12-06,
Need for Speed: Most Wanted,XBL,Racing,Electronic Arts,EA Canada,9.0,,,,,,2009-08-11,
Need for Speed: Most Wanted 5-1-0,PSN,Racing,Electronic Arts,EA Canada,7.4,,,,,,2009-09-30,
Need for Speed: Shift 2: Unleashed,PSN,Racing,Electronic Arts,Slightly Mad Studios,8.4,,,,,,2011-10-04,
New Rally-X,XBL,Racing,Namco Bandai,Namco Bandai Games,4.2,,,,,,2006-12-27,
OutRun Online Arcade,XBL,Racing,Sega,Sumo Digital,8.0,,,,,,2009-04-15,
OutRun Online Arcade,PSN,Racing,Unknown,Sumo Digital,8.0,,,,,,,
PixelJunk Racers,PSN,Racing,Sony Computer Entertainment,Q-Games,5.9,,,,,,2007-09-13,
PixelJunk Racers: 2nd Lap,PSN,Racing,Sony Computer Entertainment,Q-Games,6.6,,,,,,2010-08-24,
PocketBike Racer,X360,Racing,King Games,Blitz Games,5.4,,,,,,2006-11-19,
PocketBike Racer,XB,Racing,King Games,Blitz Games,5.1,,,,,,2006-11-19,
POD: Speedzone,DC,Racing,Ubisoft,Ubisoft,5.4,,,,,,2000-12-05,
Pure,PC,Racing,Disney Interactive Studios,Black Rock Studio,7.0,,,,,,2008-09-16,
Pursuit Force,PSN,Racing,Sony Computer Entertainment,Bigbig Studios,7.3,,,,,,2009-05-07,
Pursuit Force: Extreme Justice,PSN,Racing,Sony Computer Entertainment,Bigbig Studios,7.3,,,,,,2009-05-13,
Re-Volt,DC,Racing,Acclaim Entertainment,Probe Entertainment Limited,7.7,,,,,,1999-12-17,
Roadsters,GB,Racing,Titus,Titus Software,3.0,,,,,,2000-01-01,
Roadsters,DC,Racing,Titus,Player 1,4.6,,,,,,2000-11-21,
San Francisco Rush  2049,DC,Racing,Midway Games,Midway,8.1,,,,,,2000-09-06,
Scrap Metal,XBL,Racing,Microsoft,Slick Entertainment,7.6,,,,,,2010-03-10,
SkyDrift,XBL,Racing,Unknown,Digital Reality,7.5,,,,,,2011-09-07,2019-04-17
SkyDrift,PSN,Racing,Unknown,Digital Reality,7.5,,,,,,2011-09-06,2019-04-17
Sno-Cross Championship Racing,DC,Racing,Crave Entertainment,UDS,4.8,,,,,,2000-11-30,
South Park Rally,PC,Racing,Acclaim Entertainment,Tantalus Interactive,4.1,,,,,,1999-12-31,
South Park Rally,DC,Racing,Acclaim Entertainment,Tantalus Interactive,3.9,,,,,,2000-06-30,
Speed Devils,DC,Racing,Ubisoft,Ubisoft,8.2,,,,,,1999-10-14,
Speed Devils Online Racing,DC,Racing,Ubisoft,Ubisoft,7.3,,,,,,2000-12-13,
Spirit Of Speed 1937,DC,Racing,Acclaim Entertainment,Acclaim,1.7,,,,,,2000-07-31,
Star Wars Episode I Racer,DC,Racing,LucasArts,LucasArts,6.6,,,,,,2000-04-04,
Star Wars: Demolition,DC,Racing,LucasArts,"Luxoflux, Inc.",6.4,,,,,,2000-11-19,
Starsky & Hutch,PC,Racing,Gotham Games,Minds-Eye Productions,6.2,,,,,,2003-09-10,
Super Runabout: San Francisco Edition,DC,Racing,Climax Entertainment,Climax Entertainment,6.1,,,,,,2000-10-28,
Surf Rocket Racers,DC,Racing,Crave Entertainment,CRI,5.6,,,,,,2001-02-28,
Suzuki Alstare Extreme Racing,DC,Racing,Ubisoft,Criterion Games,6.0,,,,,,1999-11-16,
Swamp Buggy Racing,PC,Racing,WizardWorks,Daylight Productions,1.9,,,,,,2000-01-21,
System Rush,NGage,Racing,Nokia,Ideaworks3D,8.2,,,,,,2005-09-01,
Test Drive 6,DC,Racing,Infogrames,Pitbull Syndicate,4.8,,,,,,1999-11-30,
Test Drive Le Mans,DC,Racing,Infogrames,Melbourne House Pty Ltd.,8.2,,,,,,2000-11-13,
Test Drive Unlimited,PS2,Racing,Atari,Melbourne House,7.3,,,,,,2007-03-20,
Test Drive V-Rally,DC,Racing,Atari,Eden Studios,6.9,,,,,,2000-07-02,
TNT Racers (PSP),PSN,Racing,DTP Entertainment,Keen Games,7.0,,,,,,2011-02-15,
TrackMania,PC,Racing,Enlight,Nadeo,7.0,,,,,,2004-07-08,
TrackMania 2: Canyon,PC,Racing,Ubisoft,Nadeo,8.3,,,,,,2011-09-14,
Vin Diesel: Wheelman,XBL,Racing,Ubisoft,Tigon,6.7,,,,,,2011-08-30,
WipEout HD,PSN,Racing,Sony Computer Entertainment,Studio Liverpool,8.7,,,,,,2008-09-25,
WipEout XL,PC,Racing,Psygnosis,Psygnosis,7.1,,,,,,1997-07-31,
DiRT 5,XOne,Racing,Codemasters,Codemasters,8.0,,,,,,2020-11-06,2020-05-07
DiRT Rally 2.0,PS4,Racing,Deep Silver,Codemasters,7.9,,,,,,2019-02-26,2018-12-17
F1 2019,PS4,Racing,Codemasters,Codemasters,8.8,,,,,,2019-06-28,2019-05-04
F1 2020,PS4,Racing,Codemasters,Codemasters Birmingham,9.0,,,,,,2020-07-10,2020-04-16
F1 2020,XOne,Racing,Codemasters,Codemasters Birmingham,9.0,,,,,,2020-07-10,2020-04-16
F1 2021,XOne,Racing,Unknown,Codemasters,9.0,,,,,,,2021-06-10
F1 2021,XS,Racing,Unknown,Codemasters,8.5,,,,,,,2021-06-10
F1 22,PS5,Racing,Codemasters,Codemasters,7.5,,,,,,2022-07-01,2022-07-12
F1 22,XS,Racing,Codemasters,Codemasters,7.5,,,,,,2022-07-01,2022-07-12
F1 23,XS,Racing,Unknown,Codemasters,8.0,,,,,,,2023-06-23
F1 23,PS5,Racing,Unknown,Codemasters,8.5,,,,,,,2023-06-23
Forza Horizon 4,PC,Racing,Microsoft Studios,Playground Games,10.0,,,,,,2018-10-02,2018-06-11
GRID,PS4,Racing,Codemasters,Codemasters,7.1,,,,,,2019-10-11,2019-05-28
Need for Speed Heat,PC,Racing,Electronic Arts,Ghost Games,8.0,,,,,,2019-11-08,2019-10-01
Need for Speed Heat,PS4,Racing,Electronic Arts,Ghost Games,6.6,,,,,,2019-11-08,2019-10-01
Need for Speed Heat,XOne,Racing,Electronic Arts,Ghost Games,7.5,,,,,,2019-11-08,2019-10-01
Need for Speed Unbound,PS5,Racing,Unknown,Criterion Games,8.0,,,,,,,2022-10-15
Need for Speed Unbound,XS,Racing,Unknown,Criterion Games,7.8,,,,,,,2022-10-15
Pokémon Red / Green / Blue Version,GB,Role-Playing,Nintendo,Game Freak,9.4,,,,,,1998-09-30,
Pokémon Gold / Silver Version,GB,Role-Playing,Nintendo,Game Freak,9.2,,,,,,2000-10-14,
Pokémon Diamond / Pearl Version,DS,Role-Playing,Nintendo,Game Freak,8.6,,,,,,2007-04-28,
Pokémon X/Y,3DS,Role-Playing,Nintendo,Game Freak,8.9,,,,,,2013-10-12,2018-01-06
Pokémon Sun/Moon,3DS,Role-Playing,Nintendo,Game Freak,9.0,,,,,,2016-11-18,2018-08-03
Pokémon Ruby / Sapphire Version,GBA,Role-Playing,Nintendo,Game Freak,8.8,,,,,,2003-03-17,
Pokémon Black / White Version,DS,Role-Playing,Nintendo,Game Freak,8.6,,,,,,2011-03-06,
Pokémon Yellow: Special Pikachu Edition,GB,Role-Playing,Nintendo,Game Freak,8.7,,,,,,1999-10-19,
Pokémon Heart Gold / Soul Silver Version,DS,Role-Playing,Nintendo,Game Freak,8.6,,,,,,2010-03-14,
Diablo III,PC,Role-Playing,Blizzard Entertainment,Blizzard Entertainment,9.0,,,,,,2012-05-15,2018-01-03
Pokémon FireRed / LeafGreen Version,GBA,Role-Playing,Nintendo,Game Freak,8.3,,,,,,2004-09-07,
Final Fantasy VII,PS,Role-Playing,Sony Computer Entertainment,SquareSoft,9.6,,,,,,1997-09-03,2019-03-23
Pokémon: Ultra Sun and Ultra Moon,3DS,Role-Playing,Nintendo,Game Freak,8.1,,,,,,2017-11-17,2018-08-03
Final Fantasy VIII,PS,Role-Playing,Square EA,SquareSoft,9.4,,,,,,1999-09-07,
Final Fantasy X,PS2,Role-Playing,Square,SquareSoft,9.0,,,,,,2001-12-17,
Pokémon Black 2 and White 2,DS,Role-Playing,Nintendo,Game Freak,8.0,,,,,,2012-10-07,2018-02-25
Bloodborne,PS4,Role-Playing,Sony Computer Entertainment,From Software,8.2,,,,,,2015-03-24,2018-04-10
Pokémon Platinum Version,DS,Role-Playing,Nintendo,Game Freak,8.3,,,,,,2009-03-22,
Pokémon Emerald Version,GBA,Role-Playing,Nintendo,Game Freak,7.7,,,,,,2005-04-30,
Fallout 4,PC,Role-Playing,Bethesda Softworks,Bethesda Game Studios,9.0,,,,,,2015-11-10,2018-03-24
Guild Wars,PC,Role-Playing,NCSoft,ArenaNet,8.7,,,,,,2005-04-26,
Final Fantasy XII,PS2,Role-Playing,Square Enix,Square Enix,9.4,,,,,,2006-10-31,
Pokémon Crystal Version,GBC,Role-Playing,Nintendo,Game Freak,8.7,,,,,,2001-07-29,2018-01-06
Kingdom Hearts,PS2,Role-Playing,Square EA,SquareSoft,8.5,,,,,,2002-09-16,
Dragon Quest IX: Sentinels of the Starry Skies,DS,Role-Playing,Nintendo,Level 5,8.6,,,,,,2010-07-11,
Final Fantasy IX,PS,Role-Playing,Square,SquareSoft,9.2,,,,,,2000-11-13,
Final Fantasy X-2,PS2,Role-Playing,Square Enix,Square Enix,8.3,,,,,,2003-11-18,
Fallout: New Vegas,PC,Role-Playing,Bethesda Softworks,Obsidian Entertainment,8.3,,,,,,2010-10-19,
Kingdom Hearts II,PS2,Role-Playing,Square Enix,Square Enix,8.3,,,,,,2006-03-28,
Final Fantasy VII Remake,PS4,Role-Playing,Square Enix,Square Enix,8.7,,,,,,2020-04-10,2020-08-05
Dragon Quest VIII: Journey of the Cursed King,PS2,Role-Playing,Square Enix,Level 5 / Armor Project,8.6,,,,,,2005-11-15,
Pokémon Mystery Dungeon: Explorers of Time / Darkness,DS,Role-Playing,Nintendo,ChunSoft,6.4,,,,,,2008-04-20,
Mario & Luigi: Bowser's Inside Story,DS,Role-Playing,Nintendo,AlphaDream Corporation,9.1,,,,,,2009-09-14,
Dragon Quest VII,PS,Role-Playing,Enix,Heart Beat,8.0,,,,,,2001-11-01,2018-03-27
Monster Hunter 4 Ultimate,3DS,Role-Playing,Capcom,Capcom,8.8,,,,,,2015-02-13,2018-03-28
Diablo II,PC,Role-Playing,Blizzard Entertainment,Blizzard North,8.8,,,,,,2000-06-29,
Monster Hunter Freedom Unite,PSP,Role-Playing,Capcom,Capcom Production Studio 1,7.7,,,,,,2009-06-23,
Fable II,X360,Role-Playing,Microsoft Game Studios,Lionhead Studios,9.0,,,,,,2008-10-21,
Pokémon Mystery Dungeon: Blue Rescue Team,DS,Role-Playing,Nintendo,ChunSoft,6.3,,,,,,2006-09-18,
Fable,XB,Role-Playing,Microsoft Game Studios,Big Blue Box,8.6,,,,,,2004-09-14,2018-09-25
Yokai Watch,3DS,Role-Playing,Nintendo,Level 5,7.7,,,,,,2015-11-06,2018-01-05
Pokémon Ranger,DS,Role-Playing,Nintendo,HAL Laboratory,6.6,,,,,,2006-10-30,
Final Fantasy III,SNES,Role-Playing,Square,SquareSoft,9.1,,,,,,1994-10-20,
Baldur's Gate,PC,Role-Playing,Interplay,BioWare,9.2,,,,,,1998-11-30,
Magicka,PC,Role-Playing,Paradox Interactive,Arrowhead Game Studios,7.6,,,,,,2011-01-25,
Mario & Luigi: Dream Team,3DS,Role-Playing,Nintendo,AlphaDream Corporation,8.0,,,,,,2013-08-11,2018-08-28
Xenoblade Chronicles 2,NS,Role-Playing,Nintendo,Monolith Soft,8.2,,,,,,2017-12-01,2018-01-01
Monster Hunter 3G,3DS,Role-Playing,Capcom,Capcom,7.6,,,,,,2013-03-19,2018-01-05
Bastion,PC,Role-Playing,Warner Bros. Interactive Entertainment,Supergiant Games,8.5,,,,,,2011-08-16,
Crisis Core: Final Fantasy VII,PSP,Role-Playing,Square Enix,Square Enix,8.1,,,,,,2008-03-25,
Diablo,PC,Role-Playing,Blizzard Entertainment,Blizzard Entertainment,8.7,,,,,,1996-11-30,
Final Fantasy Tactics,PS,Role-Playing,Sony Computer Entertainment,SquareSoft,8.8,,,,,,1998-01-28,
Dungeon Defenders,PC,Role-Playing,Trendy Entertainment,Trendy Entertainment,8.3,,,,,,2011-10-19,
Pokémon Colosseum,GC,Role-Playing,Nintendo,Genius Sonority Inc.,7.0,,,,,,2004-03-22,
Final Fantasy V,SNES,Role-Playing,Square,SquareSoft,7.5,,,,,,1992-12-06,
Monster Hunter Freedom 2,PSP,Role-Playing,Capcom,Capcom,7.6,,,,,,2007-08-29,
Fire Emblem: Awakening,3DS,Role-Playing,Nintendo,Intelligent Systems,9.0,,,,,,2013-02-04,2018-01-01
Pokémon Ranger: Shadows of Almia,DS,Role-Playing,Nintendo,HAL Laboratory,6.7,,,,,,2008-11-10,
Chrono Trigger,SNES,Role-Playing,Square,SquareSoft,8.8,,,,,,1995-09-27,
Final Fantasy III,DS,Role-Playing,Square Enix,Matrix Software,7.4,,,,,,2006-11-14,
Neverwinter Nights,PC,Role-Playing,Atari,BioWare Corp.,8.7,,,,,,2002-06-16,
Mario & Luigi: Superstar Saga,GBA,Role-Playing,Nintendo,AlphaDream Corporation,8.8,,,,,,2003-11-17,
Baldur's Gate II: Shadows of Amn,PC,Role-Playing,Interplay,BioWare,9.5,,,,,,2000-09-24,
Dragon Quest Monsters: Joker 2,DS,Role-Playing,Nintendo,TOSE Software,8.1,,,,,,2011-09-19,
Star Wars: The Old Republic,PC,Role-Playing,Electronic Arts,BioWare / LucasArts,8.4,,,,,,2011-12-20,
Yu-Gi-Oh! Forbidden Memories,PS,Role-Playing,Konami,KCEJ,7.0,,,,,,2002-03-20,
Pokémon Battle Revolution,Wii,Role-Playing,Nintendo,Genius Sonority Inc.,5.2,,,,,,2007-06-25,
Paper Mario: The Thousand-Year Door,GC,Role-Playing,Nintendo,Intelligent Systems,9.0,,,,,,2004-10-11,
Dragon Quest Monsters: Joker,DS,Role-Playing,Square Enix,TOSE Software,7.6,,,,,,2007-11-06,
Monster Hunter Tri,Wii,Role-Playing,Capcom,Capcom Production Studio 1,8.1,,,,,,2010-04-20,
Octopath Traveler,NS,Role-Playing,Nintendo,Square Enix,8.1,,,,,,2018-07-13,2018-10-02
Parasite Eve,PS,Role-Playing,Square EA,SquareSoft,7.9,,,,,,1998-09-09,
Secret of Mana,SNES,Role-Playing,Square,SquareSoft,9.1,,,,,,1993-10-03,
Mario & Luigi: Partners in Time,DS,Role-Playing,Nintendo,AlphaDream Corporation,8.8,,,,,,2005-11-28,
Chrono Cross,PS,Role-Playing,Square EA,SquareSoft,9.7,,,,,,2000-08-15,
Dragon Quest V: Hand of the Heavenly Bride,DS,Role-Playing,Square Enix,ArtePiazza,8.6,,,,,,2009-02-17,
Dragon Quest VI: Realms of Revelation,DS,Role-Playing,Nintendo,ArtePiazza,7.6,,,,,,2011-02-14,
Final Fantasy II,SNES,Role-Playing,Square,Square,10.0,,,,,,1991-11-23,
Kingdom Hearts 358/2 Days,DS,Role-Playing,Square Enix,High Horse Entertainment,7.5,,,,,,2009-09-29,
Kingdom Hearts: Birth by Sleep,PSP,Role-Playing,Square Enix,Square Enix,7.9,,,,,,2010-09-07,
Pokémon Super Mystery Dungeon,3DS,Role-Playing,Nintendo,ChunSoft,7.7,,,,,,2015-11-20,2018-08-03
Golden Sun,GBA,Role-Playing,Nintendo,Camelot Software Planning,9.1,,,,,,2001-11-11,
Dragon Quest IV: Chapters of the Chosen,DS,Role-Playing,Square Enix,ArtePiazza,8.1,,,,,,2008-09-16,
Kingdom Hearts: Chain of Memories,GBA,Role-Playing,Square Enix,Jupiter Corporation,7.4,,,,,,2004-12-07,
Pokémon Ranger: Guardian Signs,DS,Role-Playing,Nintendo,Creatures Inc.,6.5,,,,,,2010-10-04,
Pokémon Mystery Dungeon: Explorers of Sky,DS,Role-Playing,Nintendo,ChunSoft,5.7,,,,,,2009-10-12,
Grim Dawn,PC,Role-Playing,Crate Entertainment,Crate Entertainment,8.4,,,,,,2016-02-25,
Pokémon XD: Gale of Darkness,GC,Role-Playing,Nintendo,Genius Sonority Inc.,6.9,,,,,,2005-09-28,
Bravely Default: Flying Fairy,3DS,Role-Playing,Nintendo,Square Enix,8.2,,,,,,2014-02-07,2018-01-05
Star Ocean: Till The End of Time,PS2,Role-Playing,Square Enix,tri-Ace,7.8,,,,,,2004-08-31,
Pokémon Mystery Dungeon: Gates to Infinity,3DS,Role-Playing,Nintendo,Spike Chunsoft,5.9,,,,,,2013-03-24,2018-01-05
Paper Mario,N64,Role-Playing,Nintendo,Intelligent Systems,9.1,,,,,,2001-02-05,
The Final Fantasy Legend,GB,Role-Playing,Square,Square,6.0,,,,,,1990-09-01,
Final Fantasy X / X-2 HD Remaster,PS3,Role-Playing,Square Enix,Square Enix,8.5,,,,,,2014-03-18,2019-03-22
Final Fantasy: Crystal Chronicles,GC,Role-Playing,Nintendo,Square Enix,7.7,,,,,,2004-02-09,
Kingdom Hearts 3D: Dream Drop Distance,3DS,Role-Playing,Square Enix,Square Enix,7.5,,,,,,2012-07-31,2018-01-05
Kingdom Hearts HD II.8 Final Chapter Prologue,PS4,Role-Playing,Square Enix,Square-Enix,7.6,,,,,,2017-01-24,2018-01-01
Monster Hunter Freedom,PSP,Role-Playing,Capcom,Capcom,7.0,,,,,,2006-05-23,
SaGa Frontier,PS,Role-Playing,Sony Computer Entertainment,SquareSoft,8.0,,,,,,1998-03-31,
Xenogears,PS,Role-Playing,Square,SquareSoft,7.8,,,,,,1998-10-20,
Dark Souls,X360,Role-Playing,Namco Bandai,From Software,9.1,,,,,,2011-10-04,
Miitopia,3DS,Role-Playing,Nintendo,Nintendo EPD,6.6,,,,,,2017-07-28,2018-11-18
Final Fantasy,NES,Role-Playing,Nintendo,Square,8.5,,,,,,1990-07-12,
Final Fantasy IV,DS,Role-Playing,Square Enix,Matrix Software,8.5,,,,,,2008-07-21,
Final Fantasy XII: The Zodiac Age,PS4,Role-Playing,Square Enix,Square Enix,8.6,,,,,,2017-07-11,2018-09-22
Parasite Eve II,PS,Role-Playing,Square EA,SquareSoft,7.4,,,,,,2000-01-12,
Final Fantasy Tactics Advance,GBA,Role-Playing,Square Enix,SquareSoft,8.9,,,,,,2003-09-08,
Dark Souls: Remastered,NS,Role-Playing,Bandai Namco Entertainment,From Software,8.8,,,,,,2018-10-19,2018-06-05
Tales of Destiny,PS,Role-Playing,Namco,Wolfteam,6.2,,,,,,1998-09-30,
Final Fantasy VII,PC,Role-Playing,Eidos Interactive,SquareSoft,8.4,,,,,,1998-05-31,2019-03-23
Golden Sun: The Lost Age,GBA,Role-Playing,Nintendo,Camelot Software Planning,8.3,,,,,,2003-04-14,
Fantasy Life,3DS,Role-Playing,Nintendo,Level 5/Brownie Brown,6.9,,,,,,2014-10-24,2018-01-01
Chrono Trigger,DS,Role-Playing,Square Enix,Square Enix,9.2,,,,,,2008-11-25,
Star Ocean: The Second Story,PS,Role-Playing,Sony Computer Entertainment,tri-Ace,8.2,,,,,,1999-06-02,
Mario & Luigi: Paper Jam,3DS,Role-Playing,Nintendo,AlphaDream Corporation,7.4,,,,,,2016-01-22,2018-01-07
Titan Quest,PC,Role-Playing,THQ,Iron Lore Entertainment,7.6,,,,,,2006-06-26,
Final Fantasy XII: Revenant Wings,DS,Role-Playing,Square Enix,Square Enix / Think and Feel Inc.,8.2,,,,,,2007-11-20,
Age of Conan: Hyborian Adventures,PC,Role-Playing,Eidos Interactive,Funcom,7.9,,,,,,2008-05-20,
Demon's Souls,PS3,Role-Playing,Atlus,From Software,9.1,,,,,,2009-10-06,
Final Fantasy Tactics: The War of the Lions,PSP,Role-Playing,Square Enix,Square Enix,8.9,,,,,,2007-10-09,
Fire Emblem Echoes: Shadows of Valentia,3DS,Role-Playing,Nintendo,Intelligent Systems,8.3,,,,,,2017-05-19,2017-12-31
Legend of Mana,PS,Role-Playing,Square,SquareSoft,7.8,,,,,,2000-06-07,
The Witcher,PC,Role-Playing,Atari,CD Projekt Red Studio,7.9,,,,,,2007-10-30,
Valkyria Chronicles,PS3,Role-Playing,Sega,Sega WOW Overworks,8.4,,,,,,2008-11-04,
Xenosaga Episode I: Der Wille zur Macht,PS2,Role-Playing,Namco,Monolith Soft,8.7,,,,,,2003-02-26,
Tales of Symphonia,GC,Role-Playing,Namco,Namco Tales Studio,8.5,,,,,,2004-07-14,
Final Fantasy I & II: Dawn of Souls,GBA,Role-Playing,Nintendo,Square Enix,7.1,,,,,,2004-11-29,
Tales of the Abyss,PS2,Role-Playing,Namco,Namco Tales Studio,8.0,,,,,,2006-10-10,
Valkyrie Profile 2: Silmeria,PS2,Role-Playing,Square Enix,tri-Ace,8.4,,,,,,2006-09-26,
Risen 2: Dark Waters,PC,Role-Playing,Deep Silver,Piranha Bytes,6.6,,,,,,2012-04-26,2018-01-03
Valkyrie Profile,PS,Role-Playing,Enix,tri-Ace,8.1,,,,,,2000-08-29,
Two Worlds II,PC,Role-Playing,SouthPeak Interactive,Reality Pump,6.9,,,,,,2011-02-08,
Bravely Second: End Layer,3DS,Role-Playing,Nintendo,Silicon Studio,7.4,,,,,,2016-04-15,2018-01-08
The Elder Scrolls: Chapter II: Daggerfall,PC,Role-Playing,Bethesda Softworks,Bethesda Softworks,8.4,,,,,,1996-08-31,
Unlimited Saga,PS2,Role-Playing,Square Enix,SquareSoft,4.9,,,,,,2003-06-17,
Final Fantasy Tactics A2: Grimoire of the Rift,DS,Role-Playing,Square Enix,Square Enix,8.1,,,,,,2008-06-24,
Phantasy Star Portable,PSP,Role-Playing,Sega,Alfa System,7.1,,,,,,2009-03-03,
Dungeon Siege III,PC,Role-Playing,Square Enix,Obsidian Entertainment,7.3,,,,,,2011-06-21,
Baldur's Gate: Tales of the Sword Coast,PC,Role-Playing,Interplay,BioWare,8.1,,,,,,1999-04-30,
Fallout,PC,Role-Playing,Interplay,Black Isle Studios,8.9,,,,,,1997-09-30,
Phantasy Star Portable 2,PSP,Role-Playing,Sega,Alfa System,7.4,,,,,,2010-09-14,
Shin Megami Tensei IV,3DS,Role-Playing,Atlus,Atlus,8.3,,,,,,2013-07-16,2020-08-05
Final Fantasy VIII,PC,Role-Playing,Square EA,SquareSoft,8.0,,,,,,2000-01-25,
The Last Remnant,X360,Role-Playing,Square Enix,Square Enix,6.5,,,,,,2008-11-20,
Dungeons of Dredmor,PC,Role-Playing,Unknown,Gaslamp Games,8.0,,,,,,2011-07-13,
Baldur's Gate II: Throne of Bhaal,PC,Role-Playing,Interplay,BioWare Corporation,8.9,,,,,,2001-06-21,
Gothic 3,PC,Role-Playing,Aspyr,Piranha Bytes,6.8,,,,,,2006-11-14,
Magicka: Vietnam,PC,Role-Playing,Paradox Interactive,Arrowhead Game Studios,5.5,,,,,,2011-04-21,
Romancing SaGa,PS2,Role-Playing,Square Enix,Square Enix,6.0,,,,,,2005-10-11,
Infinite Undiscovery,X360,Role-Playing,Square Enix,tri-Ace,6.8,,,,,,2008-09-02,
Star Ocean: The Last Hope,X360,Role-Playing,Square Enix,tri-Ace,7.3,,,,,,2009-02-24,
Radiata Stories,PS2,Role-Playing,Square Enix,tri-Ace,7.7,,,,,,2005-09-06,
Shin Megami Tensei: Persona 4,PS2,Role-Playing,Atlus,Atlus,9.2,,,,,,2008-12-08,2018-01-11
Project X Zone,3DS,Role-Playing,Namco Bandai Games,Banpresto,6.5,,,,,,2013-06-25,2018-01-17
Tales of Eternia,PSP,Role-Playing,Ubisoft,Namco,8.0,,,,,,2006-02-10,
Tales of Legendia,PS2,Role-Playing,Namco,Namco / Team MelFes,7.2,,,,,,2006-02-07,
The World Ends With You,DS,Role-Playing,Square Enix,Square Enix,8.6,,,,,,2008-04-21,
Xenosaga Episode III: Also sprach Zarathustra,PS2,Role-Playing,Namco,Monolith Soft,7.9,,,,,,2006-08-29,
Risen 3: Titan Lords Enhanced Edition,PC,Role-Playing,Deep Silver,Piranha Bytes,6.3,,,,,,2014-08-12,2018-01-03
Costume Quest,PC,Role-Playing,Unknown,Double Fine Productions,8.0,,,,,,2011-10-14,
Tales of Phantasia,GBA,Role-Playing,Nintendo,Wolfteam / Namco Tales Studio,7.0,,,,,,2006-03-06,
Tales of the World: Radiant Mythology,PSP,Role-Playing,Namco Bandai,Alfa System,7.0,,,,,,2007-07-17,
Xenosaga Episode II: Jenseits von Gut und Böse,PS2,Role-Playing,Namco,Monolith Soft,7.3,,,,,,2005-02-15,
Final Fantasy Anniversary Edition,PSP,Role-Playing,Square Enix,Square Enix,7.4,,,,,,2007-06-26,
Shin Megami Tensei: Nocturne,PS2,Role-Playing,Atlus,Atlus Co.,8.0,,,,,,2004-10-12,
Final Fantasy Origins,PS,Role-Playing,Square Enix,TOSE,8.3,,,,,,2003-04-08,
Grandia III,PS2,Role-Playing,Square Enix,Game Arts,7.5,,,,,,2006-02-14,
Persona Q: Shadow of the Labyrinth,3DS,Role-Playing,Atlus,Atlus,8.3,,,,,,2014-11-25,2018-01-07
Valkyrie Profile: Covenant of the Plume,DS,Role-Playing,Square Enix,tri-Ace,7.5,,,,,,2009-03-16,
Shin Megami Tensei: Persona 3 Portable,PSP,Role-Playing,Atlus,Atlus Co.,8.9,,,,,,2010-07-06,
Tales of Symphonia: Dawn of the New World,Wii,Role-Playing,Namco Bandai,Namco Tales Studio,6.8,,,,,,2008-11-11,
Phantasy Star 0,DS,Role-Playing,Sega,Sonic Team,7.5,,,,,,2009-11-10,
Shin Megami Tensei: Persona,PSP,Role-Playing,Atlus,Atlus Co.,7.6,,,,,,2009-09-22,
Disgaea 5 Complete,NS,Role-Playing,NIS America,Nippon Ichi Software,9.0,,,,,,2017-05-23,2018-02-25
Gothic,PC,Role-Playing,Xicat Interactive,Piranha Bytes,8.1,,,,,,2001-11-23,
Gothic II,PC,Role-Playing,Atari,Piranha Bytes,8.0,,,,,,2003-10-28,
Phantasy Star Universe,PS2,Role-Playing,Sega,Sonic Team,6.4,,,,,,2006-10-24,
Dragon Ball Z: Attack of the Saiyans,DS,Role-Playing,Namco Bandai,Monolith Soft,7.2,,,,,,2009-11-10,
Valkyrie Profile: Lenneth,PSP,Role-Playing,Square Enix,tri-Ace,8.1,,,,,,2006-07-18,
Musashi: Samurai Legend,PS2,Role-Playing,Square Enix,Square Enix,6.9,,,,,,2005-03-15,
Shin Megami Tensei: Devil Summoner 2 - Raidou Kuzunoha vs. King Abaddon,PS2,Role-Playing,Atlus,Atlus Co.,8.0,,,,,,2009-05-12,
3D Dot Game Heroes,PS3,Role-Playing,Atlus,Silicon Studio,7.5,,,,,,2010-05-11,
Final Fantasy Fables: Chocobo's Dungeon,Wii,Role-Playing,Square Enix,High Horse Entertainment,7.4,,,,,,2008-07-08,
Final Fantasy II Anniversary Edition,PSP,Role-Playing,Square Enix,Square Enix,6.5,,,,,,2007-07-24,
.hack//G.U. Vol.1//Rebirth,PS2,Role-Playing,Namco Bandai,CyberConnect2,6.6,,,,,,2006-10-24,
Shin Megami Tensei: Strange Journey,DS,Role-Playing,Atlus,Atlus Co.,8.0,,,,,,2010-03-23,
Etrian Odyssey IV: Legends of the Titan,3DS,Role-Playing,Atlus,Atlus Co.,8.2,,,,,,2013-02-26,2018-01-17
Moonlighter,NS,Role-Playing,Merge Games,Digital Sun,8.3,,,,,,2018-11-09,2019-02-22
Shin Megami Tensei: Devil Survivor,DS,Role-Playing,Atlus,Atlus Co.,8.4,,,,,,2009-06-23,
Tales of the Abyss,3DS,Role-Playing,Namco Bandai,Namco Tales Studio,7.3,,,,,,2012-02-14,
Etrian Odyssey III: The Drowned City,DS,Role-Playing,Atlus,Atlus Co. / Lancarse,7.3,,,,,,2010-09-21,
Heroes of Ruin,3DS,Role-Playing,Square Enix,n-Space,6.6,,,,,,2012-07-17,
Ni no Kuni II: Revenant Kingdom,PC,Role-Playing,Namco Bandai Games,Level 5,8.5,,,,,,2018-03-23,2019-04-21
Desktop Dungeons,PC,Role-Playing,QCF Design,QCF Design,8.5,,,,,,2013-11-07,2019-04-17
Dawn of Mana,PS2,Role-Playing,Square Enix,Square Enix,6.3,,,,,,2007-05-24,
Half-Minute Hero,PSP,Role-Playing,Xseed Games,Opus Studio,8.5,,,,,,2009-10-13,
Muramasa: The Demon Blade,Wii,Role-Playing,Ignition Entertainment,Vanillaware,8.0,,,,,,2009-09-08,2019-01-10
Arc Rise Fantasia,Wii,Role-Playing,Ignition Entertainment,imageepoch Inc.,6.3,,,,,,2010-07-20,
Valhalla Knights: Eldar Saga,Wii,Role-Playing,Xseed Games,K2 / Kurogane,3.5,,,,,,2009-09-29,
Aedis Eclipse: Generation of Chaos,PSN,Role-Playing,NIS America,Neverland Company,5.9,,,,,,2009-12-22,
Albert Odyssey: Legend of Eldean,SAT,Role-Playing,Working Designs,SunSoft,7.0,,,,,,1997-07-31,
Alien Syndrome,PSN,Role-Playing,Sega,Totally Games,4.9,,,,,,2009-09-30,
Allods Online,PC,Role-Playing,Unknown,Astrum Nival,6.0,,,,,,,
An Elder Scrolls Legend: Battlespire,PC,Role-Playing,Bethesda Softworks,Bethesda Softworks,6.7,,,,,,1997-11-30,
Ape Quest,PSN,Role-Playing,Sony Computer Entertainment,Shift,7.0,,,,,,2008-01-10,
Astonishia Story,PSN,Role-Playing,Ubisoft,Sonnori,4.8,,,,,,2010-01-07,
Avencast: Rise of the Mage,PC,Role-Playing,Lighthouse Interactive,ClockStoneSoftware,7.3,,,,,,2007-11-08,
Back to Stone,GBA,Role-Playing,O~3 Entertainment,Hidden Floor,5.5,,,,,,2006-12-15,
Bastion,XBL,Role-Playing,Warner Bros. Interactive Entertainment,Supergiant Games,9.0,,,,,,2011-07-20,
Beyond Oasis,VC,Role-Playing,Sega,Ancient,7.8,,,,,,2007-03-19,
Brave Story: New Traveler,PSN,Role-Playing,Xseed Games,Game Republic,7.5,,,,,,2009-07-29,
Breath of Fire,SNES,Role-Playing,Square,Capcom,9.0,,,,,,1994-10-10,
Breath of Fire III,PSN,Role-Playing,Capcom,Capcom,6.0,,,,,,2009-11-26,
Chantelise,PC,Role-Playing,Unknown,EasyGameStation,5.2,,,,,,2011-07-29,
Chronicles of Pern: Dragon Riders,DC,Role-Playing,Ubisoft,Ubisoft,4.9,,,,,,2001-08-09,
Chrono Trigger,VC,Role-Playing,Square Enix,SquareSoft,9.5,,,,,,2011-05-16,
ClaDun x2,PSN,Role-Playing,Unknown,System Prisma,6.0,,,,,,,
ClaDun: This is an RPG,PSN,Role-Playing,NIS America,System Prisma,8.0,,,,,,2010-09-21,
Costume Quest,XBL,Role-Playing,THQ,Double Fine Productions,7.6,,,,,,2010-10-20,
Costume Quest,PSN,Role-Playing,THQ,Double Fine Productions,7.6,,,,,,2010-10-19,
Costume Quest: Grubbins on Ice,XBL,Role-Playing,THQ,Double Fine Productions,6.9,,,,,,2010-12-21,
Costume Quest: Grubbins on Ice,PSN,Role-Playing,THQ,Double Fine Productions,6.9,,,,,,2010-12-21,
Crimson Alliance,XBL,Role-Playing,Microsoft,Certain Affinity,7.6,,,,,,2011-09-07,
Crimson Gem Saga,PSN,Role-Playing,Atlus,IronNos Corp.,7.3,,,,,,2009-10-21,
Crimson Shroud,3DS,Role-Playing,Level 5,Nex Entertainment,7.9,,,,,,2012-12-13,2019-01-04
Crusaders of Might and Magic,PC,Role-Playing,3DO,3DO,4.8,,,,,,1999-11-30,
Cthulhu Saves the World,PC,Role-Playing,Zeboyd Games,Zeboyd Games,8.0,,,,,,2011-07-13,
Cthulhu Saves the World,XBL,Role-Playing,Microsoft,Zeboyd Games,8.0,,,,,,2010-12-30,
Dark Age of Camelot,PC,Role-Playing,Mythic Entertainment,Mythic Entertainment,8.7,,,,,,2001-09-01,
DeathSpank,PSN,Role-Playing,Electronic Arts,Hothead Games,7.8,,,,,,2010-07-13,
DeathSpank,PC,Role-Playing,Hothead Games,Hothead Games,8.2,,,,,,2010-10-26,
DeathSpank,XBL,Role-Playing,Electronic Arts,Hothead Games,7.7,,,,,,2010-07-14,
DeathSpank: Thongs of Virtue,PSN,Role-Playing,Electronic Arts,Hothead Games,8.3,,,,,,2010-09-28,
DeathSpank: Thongs of Virtue,XBL,Role-Playing,Electronic Arts,Hothead Games,8.5,,,,,,2010-09-22,
DeathSpank: Thongs of Virtue,PC,Role-Playing,Electronic Arts,Hothead Games,8.5,,,,,,2010-11-30,
Digimon World 3,PS,Role-Playing,Bandai,Bandai,4.0,,,,,,2002-06-05,
Disgaea 2: Dark Hero Days,PSN,Role-Playing,NIS America,Nippon Ichi Software,8.1,,,,,,2009-09-30,
Disgaea: Afternoon of Darkness,PSN,Role-Playing,NIS America,Nippon Ichi Software,8.7,,,,,,2009-09-30,
Double Dungeons,VC,Role-Playing,Hudson Soft,NCS/Masaya,3.5,,,,,,2007-03-12,
Dragon Age II: Legacy,XBL,Role-Playing,Electronic Arts,BioWare,5.3,,,,,,2011-07-26,
Dragon Age II: Legacy,PC,Role-Playing,Electronic Arts,BioWare,5.6,,,,,,2011-07-26,
Dragon Age Origins: Darkspawn Chronicles,PC,Role-Playing,Electronic Arts,BioWare Corp.,5.3,,,,,,2010-05-18,
Dragon Age Origins: Darkspawn Chronicles,XBL,Role-Playing,Electronic Arts,BioWare Corp.,5.3,,,,,,2010-05-18,
Dragon Age Origins: Darkspawn Chronicles,PSN,Role-Playing,Electronic Arts,BioWare Corp.,5.0,,,,,,2010-05-18,
Dragon Age Origins: Leliana's Song,PC,Role-Playing,Electronic Arts,BioWare Corp.,7.0,,,,,,2010-07-06,
Dragon Age Origins: Leliana's Song,XBL,Role-Playing,Electronic Arts,BioWare Corp.,7.0,,,,,,2010-07-06,
Dragon Age Origins: Leliana's Song,PSN,Role-Playing,Electronic Arts,BioWare Corp.,7.0,,,,,,2010-07-06,
Dragon Age Origins: Return to Ostagar,PC,Role-Playing,Electronic Arts,BioWare Corp.,6.3,,,,,,2010-01-13,
Dragon Age Origins: Return to Ostagar,XBL,Role-Playing,Electronic Arts,BioWare Corp.,5.8,,,,,,2010-01-13,
Dragon Age Origins: The Stone Prisoner,PSN,Role-Playing,Electronic Arts,BioWare Corp.,8.0,,,,,,2009-11-04,
Dragon Age Origins: The Stone Prisoner,PC,Role-Playing,Electronic Arts,BioWare Corp.,8.0,,,,,,2009-11-03,
Dragon Age Origins: The Stone Prisoner,XBL,Role-Playing,Electronic Arts,BioWare Corp.,8.0,,,,,,2009-11-03,
Dragon Nest,PC,Role-Playing,Nexon America,Eyedentity Games,8.5,,,,,,2011-08-16,
Dragoneer's Aria,PSN,Role-Playing,NIS America,Hit Maker,5.2,,,,,,2009-09-30,
Dungeon Defenders,XBL,Role-Playing,D3 Publisher,Trendy Entertainment,7.3,,,,,,2011-10-19,
Dungeon Defenders,PSN,Role-Playing,Unknown,Trendy Entertainment,8.3,,,,,,2011-10-18,
Dungeon Explorer,VC,Role-Playing,Hudson Soft,Atlus Co.,6.0,,,,,,2007-01-08,
Dungeon Explorer: Warriors of Ancient Arts,PSN,Role-Playing,Hudson Soft,Hudson Soft,6.1,,,,,,2010-01-07,
Dungeon Hunter: Alliance,PSN,Role-Playing,Gameloft,Gameloft,6.7,,,,,,2011-04-12,
Dungeons & Dragons: Daggerdale,XBL,Role-Playing,Atari,Bedlam Games,4.3,,,,,,2011-05-25,
Dungeons & Dragons: Daggerdale,PSN,Role-Playing,Unknown,Bedlam Games,6.0,,,,,,,
El Dorado Gate Volume 1,DC,Role-Playing,Capcom,Capcom,7.3,,,,,,2000-10-10,
Elemental Gimmick Gear,DC,Role-Playing,Vatical Entertainment,Birthday,7.4,,,,,,1999-12-31,
Eragon,GBA,Role-Playing,Sierra Entertainment,Amaze Entertainment,7.1,,,,,,2006-11-14,
EverQuest,PC,Role-Playing,Sony Online Entertainment,Verant Interactive,8.0,,,,,,1999-03-16,
Evolution 2: Far Off Promise,DC,Role-Playing,Ubisoft,Sting,5.6,,,,,,2000-06-29,
Evolution: The World of Sacred Device,DC,Role-Playing,Ubisoft,Sting,6.7,,,,,,1999-12-16,
Fable II: See the Future,XBL,Role-Playing,Microsoft Game Studios,Lionhead Studios,6.0,,,,,,2009-05-12,
Fable III: Traitor's Keep Quest Pack,XBL,Role-Playing,Microsoft Game Studios,Lionhead Studios,7.4,,,,,,2011-03-01,
Fable III: Understone Quest Pack,XBL,Role-Playing,Microsoft Game Studios,Lionhead Studios,4.5,,,,,,2010-11-23,
Fable: The Lost Chapters,XB,Role-Playing,Microsoft Game Studios,Lionhead Studios,8.1,,,,,,2005-10-18,
Falling Stars,PS2,Role-Playing,Agetec,Ivolgamus,3.4,,,,,,2008-08-26,
Fallout 3: Broken Steel,PSN,Role-Playing,Bethesda Softworks,Bethesda Softworks,7.3,,,,,,2009-09-24,
Fallout 3: Broken Steel,PC,Role-Playing,Bethesda Softworks,Bethesda Softworks,7.9,,,,,,2009-05-05,
Fallout 3: Broken Steel,XBL,Role-Playing,Bethesda Softworks,Bethesda Softworks,7.8,,,,,,2009-05-05,
Fallout 3: Mothership Zeta,PC,Role-Playing,Bethesda Softworks,Bethesda Softworks,6.8,,,,,,2009-08-03,
Fallout 3: Mothership Zeta,XBL,Role-Playing,Bethesda Softworks,Bethesda Softworks,6.5,,,,,,2009-08-03,
Fallout 3: Mothership Zeta,PSN,Role-Playing,Bethesda Softworks,Bethesda Softworks,6.0,,,,,,2009-10-08,
Fallout 3: Point Lookout,XBL,Role-Playing,Bethesda Softworks,Bethesda Softworks,8.2,,,,,,2009-06-23,
Fallout 3: Point Lookout,PSN,Role-Playing,Bethesda Softworks,Bethesda Softworks,7.3,,,,,,2009-10-08,
Fallout 3: Point Lookout,PC,Role-Playing,Bethesda Softworks,Bethesda Softworks,8.0,,,,,,2009-06-23,
Fallout: New Vegas - Lonesome Road,XBL,Role-Playing,Bethesda Softworks,Obsidian Entertainment,5.8,,,,,,2011-09-20,
Fallout: New Vegas - Old World Blues,XBL,Role-Playing,Bethesda Softworks,Obsidian Entertainment,8.6,,,,,,2011-07-19,
Fallout: New Vegas - Old World Blues,PSN,Role-Playing,Bethesda Softworks,Obsidian Entertainment,8.0,,,,,,2011-07-19,
Fallout: New Vegas - Old World Blues,PC,Role-Playing,Bethesda Softworks,Obsidian Entertainment,8.7,,,,,,2011-07-19,
Faxanadu,VC,Role-Playing,Hudson Soft,Nihon Falcom Corporation,8.5,,,,,,2011-02-21,
Fighting Fantasy: Talisman of Death,PSN,Role-Playing,Sony Computer Entertainment,Laughing Jackal,6.0,,,,,,2011-08-17,
Final Fantasy,VC,Role-Playing,Square Enix,Square,8.5,,,,,,2009-10-05,
Final Fantasy I,iOS,Role-Playing,Square Enix,Square Enix,7.0,,,,,,2010-02-25,2020-12-03
Final Fantasy II (SNES),VC,Role-Playing,Square Enix,Square,8.0,,,,,,2010-03-08,
Final Fantasy III (SNES),VC,Role-Playing,Square Enix,SquareSoft,9.5,,,,,,2011-06-30,
Final Fantasy IV: The After Years,WW,Role-Playing,Square Enix,Matrix Software,6.8,,,,,,2009-06-01,
Final Fantasy IV: The Complete Collection,PSN,Role-Playing,Square Enix,Square Enix,8.0,,,,,,2011-04-19,
Final Fantasy Legend II,GB,Role-Playing,Square,SquareSoft,8.0,,,,,,1991-11-01,
Final Fantasy Tactics: The War of the Lions,PSN,Role-Playing,Square Enix,Square Enix,9.0,,,,,,2011-07-19,
Final Fantasy XI: Chains of Promathia,PC,Role-Playing,Square Enix,Square Enix,6.8,,,,,,2004-09-21,
Final Fantasy XI: Treasures of Aht Urhgan,PS2,Role-Playing,Square Enix,Square Enix,9.0,,,,,,2006-04-18,
Final Fantasy XI: Treasures of Aht Urhgan,PC,Role-Playing,Square Enix,Square Enix,9.0,,,,,,2006-04-18,
Final Fantasy XI: Wings of the Goddess,PC,Role-Playing,Square Enix,Square Enix,6.5,,,,,,2007-11-21,
Gods & Heroes: Rome Rising,PC,Role-Playing,SouthPeak Interactive,Heatwave Interactive,4.3,,,,,,2011-06-21,
Guardian Heroes,XBL,Role-Playing,Sega,"Treasure Co., Ltd.",8.5,,,,,,2011-10-12,
Guild Wars: Eye of the North,PC,Role-Playing,NCSoft,ArenaNet,7.6,,,,,,2007-08-28,
Gurumin: A Monstrous Adventure,PSN,Role-Playing,Mastiff,Nihon Falcom Corporation,7.4,,,,,,2008-06-18,
Gyromancer,XBL,Role-Playing,Square Enix,PopCap Games / Square Enix,7.7,,,,,,2009-11-18,
Half-Minute Hero,PSN,Role-Playing,Xseed Games,Opus Studio,8.4,,,,,,2009-10-21,
Half-Minute Hero: Super Mega Neo Climax,XBL,Role-Playing,Marvelous Interactive,Opus Studio,7.8,,,,,,2011-06-29,
Hamtaro: Rainbow Rescue,GBA,Role-Playing,Nintendo,AlphaDream Corporation,8.2,,,,,,2004-10-29,
Heroes of Might and Magic: Quest for the Dragon Bone Staff,PS2,Role-Playing,3DO,New World Computing,6.5,,,,,,2001-04-18,
Islands of Wakfu,XBL,Role-Playing,Microsoft,Ankama Studio,6.1,,,,,,2011-03-30,
Knights in the Nightmare,PSN,Role-Playing,Atlus,Sting,8.0,,,,,,2010-11-09,
Lord of Arcana,PSN,Role-Playing,Square Enix,Square Enix,5.1,,,,,,2011-01-25,
Lunar: Eternal Blue,SCD,Role-Playing,Working Designs,Game Arts,8.9,,,,,,1995-09-01,
Lunar: Silver Star Harmony,PSN,Role-Playing,Xseed Games,Game Arts,7.9,,,,,,2010-03-04,
Lunar: The Silver Star,SCD,Role-Playing,Working Designs,Game Arts,8.8,,,,,,1993-12-01,
Marvel: Ultimate Alliance,GBA,Role-Playing,Activision,Barking Lizards,2.3,,,,,,2006-10-24,
Marvel: Ultimate Alliance,XB,Role-Playing,Activision,Raven Software,8.2,,,,,,2006-10-25,
Mass Effect 2,PSN,Role-Playing,Electronic Arts,BioWare Edmonton,9.3,,,,,,2011-01-18,
Mass Effect 2: Kasumi's Stolen Memory,XBL,Role-Playing,Electronic Arts,BioWare Edmonton,7.2,,,,,,2010-04-06,
Mass Effect 2: Kasumi's Stolen Memory,PC,Role-Playing,Electronic Arts,BioWare Edmonton,6.7,,,,,,2010-04-06,
Mass Effect 2: Lair of the Shadow Broker,XBL,Role-Playing,Electronic Arts,BioWare Edmonton,8.7,,,,,,2010-09-07,
Mass Effect 2: Lair of the Shadow Broker,PC,Role-Playing,Electronic Arts,BioWare Edmonton,8.7,,,,,,2010-09-07,
Mass Effect 2: Overlord,PC,Role-Playing,Electronic Arts,BioWare Edmonton,8.8,,,,,,2010-06-15,
Mass Effect 2: Overlord,XBL,Role-Playing,Electronic Arts,BioWare Edmonton,8.5,,,,,,2010-06-15,
Mass Effect 2: The Arrival,PC,Role-Playing,Electronic Arts,BioWare Edmonton,6.5,,,,,,2011-03-29,
Mass Effect 2: The Arrival,XBL,Role-Playing,Electronic Arts,BioWare Edmonton,6.5,,,,,,2011-03-29,
Mass Effect 2: The Arrival,PSN,Role-Playing,Electronic Arts,BioWare Edmonton,7.0,,,,,,2011-03-28,
Mass Effect: Bring Down The Sky,XBL,Role-Playing,Electronic Arts,BioWare Edmonton,5.0,,,,,,2008-03-10,
Mass Effect: Pinnacle Station,XBL,Role-Playing,Electronic Arts,BioWare Edmonton,4.5,,,,,,2009-08-25,
Mazes of Fate,GBA,Role-Playing,O3 Entertainment,Sabarasa Entertainment,6.6,,,,,,2006-12-06,
Might & Magic: Clash of Heroes,XBL,Role-Playing,Ubisoft,Capybara Games,8.4,,,,,,2011-04-13,
Might & Magic: Clash of Heroes,PSN,Role-Playing,Ubisoft,Capybara Games,8.4,,,,,,2011-04-12,
Might and Magic IX,PC,Role-Playing,3DO,"New World Computing, Inc.",5.5,,,,,,2002-03-29,
Might and Magic VIII: Day of the Destroyer,PC,Role-Playing,3DO,"New World Computing, Inc.",6.3,,,,,,2000-02-29,
Monster Hunter Freedom Unite,PSN,Role-Playing,Capcom,Capcom,7.0,,,,,,2009-10-01,
Nemesis: The Wizardry Adventure,PC,Role-Playing,Virgin Interactive,"Sirtech Software, Inc.",7.4,,,,,,1996-09-30,
Neutopia,VC,Role-Playing,Hudson Soft,Hudson Soft,7.3,,,,,,2007-08-20,
Neverwinter Nights: Hordes of the Underdark,PC,Role-Playing,Atari,BioWare Corp.,8.4,,,,,,2003-12-02,
Neverwinter Nights: Kingmaker,PC,Role-Playing,Atari,BioWare Corp.,7.0,,,,,,2005-10-02,
Neverwinter Nights: Shadows of Undrentide,PC,Role-Playing,Atari,BioWare Corp.,7.9,,,,,,2003-06-17,
Ogre Battle 64: Person of Lordly Caliber,VC,Role-Playing,Square Enix,Quest Corporation,9.0,,,,,,2010-03-29,
Ogre Battle: The March of the Black Queen,SNES,Role-Playing,Enix,Quest Corporation,9.0,,,,,,1993-01-01,
Ogre Battle: The March of the Black Queen,VC,Role-Playing,Square Enix,Quest Corporation,9.0,,,,,,2009-03-02,
Parasite Eve,PSN,Role-Playing,Sony Computer Entertainment,SquareSoft,7.9,,,,,,2011-03-15,
Persona 2: Innocent Sin,PS,Role-Playing,Atlus,Atlus Co.,9.2,,,,,,1999-06-24,
Phantasy Star II,GEN,Role-Playing,Sega,Sega,8.0,,,,,,1988-12-31,
Phantasy Star II,XBL,Role-Playing,Sega,Sega / Backbone Entertainment,7.0,,,,,,2009-06-10,
Phantasy Star IV,GEN,Role-Playing,Sega,Sega,9.0,,,,,,1994-01-01,
Phantasy Star Portable 2,PSN,Role-Playing,Sega,Alfa System,7.4,,,,,,2010-09-14,
Pocket Kingdom: Own the World,NGage,Role-Playing,Nokia,Sega,7.7,,,,,,2004-11-24,
Recettear: An Item Shop's Tale,PC,Role-Playing,Carpe Fulgur,EasyGameStation,8.3,,,,,,2010-09-10,
Record of Agarest War,XBL,Role-Playing,Aksys Games,Compile Heart,7.0,,,,,,2011-08-09,
Record of Agarest War,PSN,Role-Playing,Aksys Games,Compile Heart,7.0,,,,,,2010-04-29,
Record of Lodoss War,DC,Role-Playing,Conspiracy Entertainment,Neverland Company,7.8,,,,,,2001-02-26,
Requiem of Hell,NGage,Role-Playing,Nokia,Digital-Red,5.8,,,,,,2004-11-22,
Rifts: Promise of Power,NGage,Role-Playing,Nokia,Backbone Entertainment,8.0,,,,,,2005-09-19,
Runespell: Overture,PC,Role-Playing,Unknown,Mystic Box,7.4,,,,,,2011-07-20,
Rusty Hearts,PC,Role-Playing,Perfect World Entertainment,Stairway Games,7.4,,,,,,2011-09-20,
Secret of Mana,VC,Role-Playing,Square Enix,SquareSoft,9.0,,,,,,2008-10-13,
Serious Sam: The Random Encounter,PC,Role-Playing,Devolver Digital,Vlambeer,6.5,,,,,,2011-10-24,
Seventh Cross Evolution,DC,Role-Playing,UFO Interactive,Atypical Alchemists Associate,4.9,,,,,,1998-11-30,
Shin Megami Tensei: Persona,PSN,Role-Playing,Atlus,Atlus Co.,7.5,,,,,,2009-10-01,
Shin Megami Tensei: Persona 2: Innocent Sin,PSN,Role-Playing,Atlus,Atlus Co.,7.0,,,,,,2011-09-20,
Shin Megami Tensei: Persona 3 Portable,PSN,Role-Playing,Atlus,Atlus Co.,8.9,,,,,,2010-07-06,
Silver,DC,Role-Playing,Infogrames,Spiral House,6.9,,,,,,2000-06-29,
SpellForce 2: Dragon Storm,PC,Role-Playing,DreamCatcher Interactive,Phenomic Game Development,6.0,,,,,,2007-05-14,
Spiral Knights,PC,Role-Playing,Sega,Three Rings,8.0,,,,,,2011-04-04,
Sunrise Eiyuutan,DC,Role-Playing,Sunrise Interactive,Atelier-Sai,4.6,,,,,,1999-12-02,
Super Mario RPG: Legend of the Seven Stars,VC,Role-Playing,Nintendo,SquareSoft,9.5,,,,,,2008-09-01,
Super Robot Taisen: Original Generation 2,GBA,Role-Playing,Atlus,Banpresto,8.4,,,,,,2006-11-14,
The 3rd Birthday,PSN,Role-Playing,Square Enix,HexaDrive,7.0,,,,,,2011-03-29,
The Baconing,PC,Role-Playing,Hothead Games,Hothead Games,6.0,,,,,,2011-08-31,
The Baconing,XBL,Role-Playing,Hothead Games,Hothead Games,6.2,,,,,,2011-08-31,
The Baconing,PSN,Role-Playing,Hothead Games,Hothead Games,6.1,,,,,,2011-08-30,
The Elder Scrolls III: Bloodmoon,PC,Role-Playing,Bethesda Softworks,Bethesda Softworks,8.6,,,,,,2003-06-03,
The Elder Scrolls III: Tribunal,PC,Role-Playing,Bethesda Softworks,Bethesda Softworks,7.7,,,,,,2002-11-06,
The Elder Scrolls IV: Knights of the Nine,PC,Role-Playing,Bethesda Softworks,Bethesda Softworks,8.6,,,,,,2006-11-21,
The Elder Scrolls IV: Oblivion - Game of the Year Edition,PC,Role-Playing,2K Games,Bethesda Softworks,9.0,,,,,,2007-09-10,
The Elder Scrolls IV: Shivering Isles,PC,Role-Playing,Bethesda Softworks,Bethesda,8.6,,,,,,2007-03-26,
The Elder Scrolls Travels: Shadowkey,NGage,Role-Playing,Nokia,Vir2L Studios,6.4,,,,,,2004-11-23,
The Lord of the Rings Online: Rise of Isengard,PC,Role-Playing,Warner Bros. Interactive,Turbine Inc.,8.6,,,,,,2011-09-27,
The Matrix Online,PC,Role-Playing,Warner Bros. Interactive,Monolith Productions,6.9,,,,,,2005-03-22,
Torchlight,XBL,Role-Playing,Microsoft,Runic Games,8.4,,,,,,2011-03-09,
Ultima Online,PC,Role-Playing,Electronic Arts,Origin Systems,9.0,,,,,,1997-09-30,
Valkyria Chronicles II,PSN,Role-Playing,Sega,Sega WOW Overworks,8.1,,,,,,2010-08-31,
Vandal Hearts: Flames of Judgment,XBL,Role-Playing,Konami,Hijinx Studios,6.8,,,,,,2010-01-20,
Vandal Hearts: Flames of Judgment,PSN,Role-Playing,Konami,Hijinx Studios,6.9,,,,,,2010-01-21,
Vay,SCD,Role-Playing,Working Designs,SIMS,8.6,,,,,,1994-04-14,
Weapon Shop de Omasse,3DS,Role-Playing,Level 5,Level 5,5.6,,,,,,2014-02-20,2018-04-12
Wild ARMs XF,PSN,Role-Playing,Sony Computer Entertainment,Media.Vision,6.4,,,,,,2009-09-10,
Wizardry Gold,PC,Role-Playing,Sirtech,Sir-Tech Software Inc.,5.0,,,,,,1996-05-31,
Wizardry: Labyrinth of Lost Souls,PSN,Role-Playing,Xseed Games,Acquire,7.5,,,,,,2011-06-02,
X-Men Legends,NGage,Role-Playing,Nokia,Barking Lizards,8.2,,,,,,2005-02-07,
Xanadu Next,NGage,Role-Playing,Nokia,Nihon Falcom Corporation,6.8,,,,,,2005-08-15,
Ys I & II Chronicles,PSN,Role-Playing,Xseed Games,Nihon Falcom Corporation,6.4,,,,,,2011-02-22,
Ys Seven,PSN,Role-Playing,Xseed Games,Nihon Falcom Corporation,7.6,,,,,,2010-08-17,
Ys: The Oath in Felghana,PSN,Role-Playing,Xseed Games,Nihon Falcom Corporation,8.2,,,,,,2010-11-02,
Z.H.P. Unlosing Ranger vs Darkdeath Evilman,PSN,Role-Playing,NIS America,Nippon Ichi Software,8.0,,,,,,2010-10-26,
Zenonia,DSiW,Role-Playing,Gamevil,Gamevil,8.0,,,,,,2010-09-27,
Cosmic Star Heroine,PC,Role-Playing,Zeboyd Games,Zeboyd Games,7.5,,,,,,2017-04-11,2018-01-25
Final Fantasy Crystal Chronicles: Remastered Edition,PS4,Role-Playing,Square Enix,Square Enix,3.8,,,,,,2020-08-27,2019-04-10
Pokémon GO,iOS,Role-Playing,Niantic,Niantic Labs,6.0,,,,,,2016-07-06,2018-08-03
Pyre,PS4,Role-Playing,Supergiant Games,Supergiant Games,8.9,,,,,,2017-07-25,2017-12-17
The Legend of Heroes: Trails in the Sky the 3rd,PC,Role-Playing,Xseed Games,Nihon Falcom Corporation,8.5,,,,,,2017-05-03,2018-01-03
Call of Duty: Black Ops II,All,Shooter,Activision,Treyarch,8.5,,,,,,2012-11-13,2021-08-15
Call of Duty: Black Ops,All,Shooter,Activision,Treyarch,8.3,,,,,,2010-11-09,2020-10-14
Counter-Strike: Source,PC,Shooter,VU Games,Valve Software,9.3,,,,,,2004-11-16,
Halo 3,X360,Shooter,Microsoft Game Studios,Bungie Studios,9.6,,,,,,2007-09-25,2018-10-11
Splatoon 2,NS,Shooter,Nintendo,Nintendo EPD,8.2,,,,,,2017-07-21,2018-11-19
Portal 2,PC,Shooter,Valve,Valve Software,9.7,,,,,,2011-04-19,
Half-Life 2,PC,Shooter,VU Games,Valve Software,9.7,,,,,,2004-11-16,
Portal,PC,Shooter,Valve Corporation,Valve Software,9.0,,,,,,2008-04-09,
Half-Life,PC,Shooter,Sierra Entertainment,Valve Software,9.5,,,,,,1998-11-19,
GoldenEye 007,N64,Shooter,Nintendo,Rare Ltd.,9.8,,,,,,1997-08-25,
Halo 2,XB,Shooter,Microsoft Game Studios,Bungie Studios,9.6,,,,,,2004-11-09,2018-10-11
Link's Crossbow Training,Wii,Shooter,Nintendo,Nintendo EAD,6.9,,,,,,2007-11-19,
Gears of War,X360,Shooter,Microsoft Game Studios,Epic Games,9.4,,,,,,2006-11-07,
Gears of War 2,X360,Shooter,Microsoft Game Studios,Epic Games,9.4,,,,,,2008-11-07,
Halo 5: Guardians,XOne,Shooter,Microsoft Studios,343 Industries,8.6,,,,,,2015-10-27,2018-03-24
Halo: Combat Evolved,XB,Shooter,Microsoft,Bungie Studios,9.5,,,,,,2001-11-14,2018-10-11
Killing Floor,PC,Shooter,Tripwire Interactive,Tripwire Interactive,7.5,,,,,,2009-05-14,
Splatoon,WiiU,Shooter,Nintendo,Nintendo EAD,8.4,,,,,,2015-05-29,2020-08-03
Left 4 Dead,PC,Shooter,Valve Corporation,Valve Software,8.6,,,,,,2008-10-17,
Star Fox 64,N64,Shooter,Nintendo,Nintendo EAD,9.0,,,,,,1997-07-01,
Half-Life 2: Episode One,PC,Shooter,Electronic Arts,Valve Software,8.7,,,,,,2006-06-01,
Resistance: Fall of Man,PS3,Shooter,Sony Computer Entertainment,Insomniac Games,8.5,,,,,,2006-11-14,
Half-Life 2: Episode Two,PC,Shooter,Valve Software,Valve Corporation,9.1,,,,,,2007-10-10,
Perfect Dark,N64,Shooter,Rare,Rare Ltd.,9.7,,,,,,2000-05-22,
Crysis,PC,Shooter,Electronic Arts,Crytek,9.2,,,,,,2007-11-13,
Gears of War 3,X360,Shooter,Microsoft Studios,Epic Games,9.1,,,,,,2011-09-20,
Halo 3: ODST,X360,Shooter,Microsoft Game Studios,Bungie,8.7,,,,,,2009-09-22,2018-10-11
Left 4 Dead,X360,Shooter,Valve Corporation,Certain Affinity / Valve Software,8.7,,,,,,2008-10-18,
Left 4 Dead 2,X360,Shooter,Electronic Arts,Certain Affinity / Valve Software,9.0,,,,,,2009-11-17,
Counter-Strike: Condition Zero,PC,Shooter,Sierra Entertainment,Turtle Rock Studios,6.8,,,,,,2004-03-23,
Metroid Prime,GC,Shooter,Nintendo,Retro Studios,9.6,,,,,,2002-11-17,
Resistance 2,PS3,Shooter,Sony Computer Entertainment,Insomniac Games,8.5,,,,,,2008-11-04,
Far Cry,PC,Shooter,Ubisoft,Crytek,8.6,,,,,,2004-03-23,
Battlefield 1942,PC,Shooter,Electronic Arts,Digital Illusions CE,9.0,,,,,,2002-09-10,
Battlefield 2,PC,Shooter,Electronic Arts,Digital Illusions CE,9.0,,,,,,2005-06-21,
Killzone: Shadow Fall,PS4,Shooter,Sony Computer Entertainment,Guerrilla Games,9.0,,,,,,2013-11-15,2018-04-14
Serious Sam 3: BFE,PC,Shooter,Devolver Digital,Croteam,7.0,,,,,,2011-11-22,
Killzone,PS2,Shooter,Sony Computer Entertainment,Guerrilla Games,6.8,,,,,,2004-11-02,
S.T.A.L.K.E.R.: Shadow of Chernobyl,PC,Shooter,THQ,GSC Game World,8.0,,,,,,2007-03-20,
Postal 2,PC,Shooter,Whiptail Interactive,Running With Scissors,4.8,,,,,,2003-04-14,
Resistance 3,PS3,Shooter,Sony Computer Entertainment,Insomniac Games,8.3,,,,,,2011-09-06,
Max Payne 3,PC,Shooter,Rockstar Games,Rockstar Vancouver,9.0,,,,,,2012-05-29,
Lost Planet: Extreme Condition,X360,Shooter,Capcom,Capcom,7.6,,,,,,2007-01-12,
BioShock 2,PC,Shooter,2K Games,2K Marin,8.5,,,,,,2010-02-09,
Crackdown,X360,Shooter,Microsoft Game Studios,Realtime Worlds,8.4,,,,,,2007-02-20,
Crysis: Warhead,PC,Shooter,Electronic Arts,Crytek,8.4,,,,,,2008-09-16,
Dirge of Cerberus: Final Fantasy VII,PS2,Shooter,Square Enix,Square Enix,5.7,,,,,,2006-08-15,
Turok 2: Seeds of Evil,N64,Shooter,Acclaim Entertainment,Iguana Entertainment,9.0,,,,,,1998-10-21,
Turok: Dinosaur Hunter,N64,Shooter,Acclaim Entertainment,Iguana Entertainment,8.9,,,,,,1997-02-28,
Unreal,PC,Shooter,GT Interactive,Epic Games,8.7,,,,,,1998-04-30,
Metroid Prime 3: Corruption,Wii,Shooter,Nintendo,Retro Studios,9.0,,,,,,2007-08-27,
Battlefield Vietnam,PC,Shooter,Electronic Arts,Digital Illusions,8.5,,,,,,2004-03-16,
Resident Evil: The Umbrella Chronicles,Wii,Shooter,Capcom,Cavia Inc.,7.5,,,,,,2007-11-13,
BioShock,PC,Shooter,2K Games,2K Australia / 2K Boston,9.6,,,,,,2007-08-21,2018-07-20
Aliens vs Predator,PC,Shooter,Sega,Rebellion Developments,6.2,,,,,,2010-02-16,
Jet Force Gemini,N64,Shooter,Rare,Rare Ltd.,8.1,,,,,,1999-09-30,
Half-Life: Opposing Force,PC,Shooter,Sierra Entertainment,Gearbox Software,8.8,,,,,,1999-11-01,
Metroid Prime 2: Echoes,GC,Shooter,Nintendo,Retro Studios,9.2,,,,,,2004-11-15,
"Warhammer 40,000: Space Marine",PC,Shooter,THQ,Relic Entertainment,7.7,,,,,,2011-09-06,
F.E.A.R. 3,PC,Shooter,Warner Bros. Interactive,Day 1 Studios,7.5,,,,,,2011-06-21,
Metroid Prime Hunters,DS,Shooter,Nintendo,Nintendo Software Technology Corporation,8.4,,,,,,2006-03-20,
Star Fox 64 3D,3DS,Shooter,Nintendo,Nintendo EAD,8.0,,,,,,2011-09-09,
Hotline Miami 2: Wrong Number,PC,Shooter,Devolver Digital,Dennaton Games,8.3,,,,,,2015-03-10,2018-01-21
Serious Sam HD: The First Encounter,PC,Shooter,Devolver Digital,Croteam,6.9,,,,,,2009-11-24,
Doom 3,PC,Shooter,Activision,id Software,7.0,,,,,,2004-08-03,
Killzone 2,PS3,Shooter,Sony Computer Entertainment,Guerrilla Games,9.1,,,,,,2009-02-27,
Perfect Dark Zero,X360,Shooter,Microsoft Game Studios,Rare Ltd.,8.1,,,,,,2005-11-17,
Tom Clancy's Ghost Recon Advanced Warfighter 2,X360,Shooter,Ubisoft,Red Storm Entertainment / Ubisoft Paris,8.7,,,,,,2007-03-06,
Red Steel,Wii,Shooter,Ubisoft,Ubisoft Paris,5.9,,,,,,2006-11-19,
Sniper: Ghost Warrior,PC,Shooter,City Interactive,City Interactive,5.4,,,,,,2010-06-29,
Syphon Filter,PS,Shooter,989 Studios,Eidetic,9.2,,,,,,1999-01-31,
Duke Nukem Forever,PC,Shooter,2K Games,Gearbox Software,4.6,,,,,,2011-06-14,
Half-Life: Blue Shift,PC,Shooter,Sierra Entertainment,Gearbox Software,6.7,,,,,,2001-06-12,
Tom Clancy's Ghost Recon Advanced Warfighter,X360,Shooter,Ubisoft,Ubisoft Paris,9.1,,,,,,2006-03-09,
Red Faction: Armageddon,PC,Shooter,THQ,Volition Inc.,7.3,,,,,,2011-06-07,
Battlefield 1942: The Road to Rome,PC,Shooter,Electronic Arts,Digital Illusions CE,8.3,,,,,,2003-02-02,
Yakuza: Dead Souls,PS3,Shooter,Sega,Sega,7.0,,,,,,2012-03-13,2018-01-03
Resident Evil: Revelations,PC,Shooter,Capcom,Capcom,7.0,,,,,,2013-05-21,2018-03-16
Sniper Elite V2,PC,Shooter,Rebellion Developments,Rebellion Developments,6.0,,,,,,2012-04-30,2018-03-13
Thief: The Dark Project,PC,Shooter,Eidos Interactive,Looking Glass Studios,9.3,,,,,,1998-11-30,
Battlefield 1942: Secret Weapons of World War II,PC,Shooter,Electronic Arts,Digital Illusions CE,7.8,,,,,,2003-09-04,
Kane & Lynch 2: Dog Days,PC,Shooter,Square Enix,IO Interactive,6.5,,,,,,2010-08-17,
Jamestown: Legend of the Lost Colony,PC,Shooter,Unknown,Final Form Games,8.3,,,,,,2011-06-08,
Hard Reset,PC,Shooter,Kalypso Media,Flying Wild Hog,7.6,,,,,,2012-03-13,
Red Steel 2,Wii,Shooter,Ubisoft,Ubisoft Paris,7.8,,,,,,2010-03-23,
The Conduit,Wii,Shooter,Sega,High Voltage Software,6.6,,,,,,2009-06-23,
Alien Resurrection,PS,Shooter,Fox Interactive,Argonaut Games,5.2,,,,,,2000-10-10,
The Ball,PC,Shooter,Tripwire Interactive,Teotl Studios,6.3,,,,,,2011-01-18,
Bloody Good Time,PC,Shooter,Ubisoft,Outerlight,5.0,,,,,,2010-10-27,
(c-12) Final Resistance,PS,Shooter,Sony Computer Entertainment,SCEE Cambridge,6.5,,,,,,2002-07-22,2018-04-20
0 day Attack on Earth,XBL,Shooter,Square Enix,Gulti,4.2,,,,,,2009-12-23,
1942: Joint Strike,XBL,Shooter,Capcom,Backbone Entertainment,6.9,,,,,,2008-07-23,
1942: Joint Strike,PSN,Shooter,Capcom,Backbone Entertainment,7.0,,,,,,2008-07-24,
3D Classics: Xevious,3DS,Shooter,Nintendo,Namco,5.5,,,,,,2011-07-21,
Aces of the Galaxy,XBL,Shooter,Sierra Online,Artech Studios,7.8,,,,,,2008-06-04,
Aces of the Galaxy,PC,Shooter,Sierra Entertainment,Artech Studios,7.5,,,,,,2008-06-04,
Age of Zombies,PSN,Shooter,Halfbrick Studios,Halfbrick Studios,9.0,,,,,,2010-02-25,
Alien Breed 1: Evolution,XBL,Shooter,Team17 Software,Team17 Software,6.7,,,,,,2009-12-16,
Alien Breed 2: Assault,XBL,Shooter,Team17 Software,Team17 Software,6.1,,,,,,2010-09-22,
Alien Breed 3: Descent,PSN,Shooter,Team17 Software,Team17 Software,6.5,,,,,,2011-02-22,
Alien Breed 3: Descent,XBL,Shooter,Team17 Software,Team17 Software,6.8,,,,,,2010-11-17,
Alien Breed 3: Descent,PC,Shooter,Team17 Software,Team17 Software,6.8,,,,,,2010-11-17,
Alien Front Online,DC,Shooter,Sega,Sega,7.8,,,,,,2001-08-09,
Alien Hominid HD,XBL,Shooter,The Behemoth,The Behemoth,8.3,,,,,,2007-02-28,
Alien Swarm,PC,Shooter,Valve,Valve Software,8.5,,,,,,2010-07-19,
Alien vs. Predator,AJ,Shooter,Atari,Rebellion Developments,4.0,,,,,,1994-10-20,
Alien Zombie Death,PSN,Shooter,PomPom,PomPom Games,8.2,,,,,,2010-03-25,
Alien Zombie MegaDeath,PSN,Shooter,PomPom,PomPom Games,8.3,,,,,,2011-06-21,
Aliens versus Predator 2,PC,Shooter,Fox Interactive,Monolith Productions,8.2,,,,,,2001-10-31,
Aqua,XBL,Shooter,Microsoft,Games Distillery,6.0,,,,,,2010-05-19,
Armada,DC,Shooter,Metro 3D,Metro3D,8.3,,,,,,1999-10-31,
Army Men: Sarge's Heroes,DC,Shooter,Midway Games,Midway,5.9,,,,,,2000-10-30,
Army of Two: The 40th Day,PSN,Shooter,Electronic Arts,Buzz Monkey Software,4.8,,,,,,2010-01-14,
Ashen,NGage,Shooter,Nokia,Torus Games,5.9,,,,,,2004-06-17,
Assault Heroes,PSN,Shooter,Konami,Konami,8.6,,,,,,2010-01-28,
Assault Heroes,XBL,Shooter,Sierra Online,Wanako Studios,7.9,,,,,,2006-12-13,
Assault Heroes 2,XBL,Shooter,Sierra Online,Wanako Studios,7.8,,,,,,2008-05-14,
Astro Tripper,PSN,Shooter,PomPom,PomPom Games,7.3,,,,,,2009-03-12,
Bang! Gunship Elite,DC,Shooter,Ubisoft,Red Storm Entertainment,7.2,,,,,,2000-12-18,
Bangai-O,DC,Shooter,Conspiracy Entertainment,"Treasure Co., Ltd.",8.7,,,,,,2001-03-21,
Bangai-O HD: Missile Fury,XBL,Shooter,D3 Publisher,"Treasure Co., Ltd.",7.9,,,,,,2011-05-04,
Battle: Los Angeles,XBL,Shooter,Konami,Live Action Studios,4.1,,,,,,2011-03-11,
Battle: Los Angeles,PSN,Shooter,Konami,Live Action Studios,4.5,,,,,,2011-03-22,
Battle: Los Angeles,PC,Shooter,Konami,Live Action Studios,4.5,,,,,,2011-03-11,
Battlefield 1943,XBL,Shooter,Electronic Arts,EA DICE,8.4,,,,,,2009-07-08,
Battlefield 1943,PSN,Shooter,Electronic Arts,EA DICE,8.5,,,,,,2009-07-09,
Battlefield 1943,PC,Shooter,Unknown,EA DICE,9.0,,,,,,,
Battlefield 2142: Northern Strike,PC,Shooter,Electronic Arts,Digital Illusions,7.8,,,,,,2007-03-08,
Battlefield Heroes,PC,Shooter,Electronic Arts,Digital Illusions,5.0,,,,,,2009-06-25,
Battlefield: Bad Company 2 Vietnam,XBL,Shooter,Electronic Arts,EA Digital Illusions CE,8.8,,,,,,2010-12-21,
Battlefield: Bad Company 2 Vietnam,PSN,Shooter,Electronic Arts,EA Digital Illusions CE,8.3,,,,,,2010-12-21,
Battlefield: Bad Company 2 Vietnam,PC,Shooter,Electronic Arts,EA Digital Illusions CE,8.5,,,,,,2010-12-21,
Battlestar Galactica,XBL,Shooter,Sierra Online,Auran,5.3,,,,,,2007-10-24,
Big Town Shoot Out,WW,Shooter,Performance Designed Products,Performance Designed Products,6.0,,,,,,2011-06-30,
Biology Battle,XBL,Shooter,Novaleaf Game Studios,Novaleaf Game Studios,6.5,,,,,,2008-11-18,
Bionicle Heroes,PS2,Shooter,Eidos Interactive,Traveller's Tales,5.4,,,,,,2006-11-14,
Bionicle Heroes,GBA,Shooter,Eidos Interactive,Amaze Entertainment,7.9,,,,,,2006-11-14,
BioShock,XBL,Shooter,2K Games,2K Australia / 2K Boston,9.6,,,,,,2009-08-06,
BIT.TRIP FATE,WW,Shooter,Aksys Games,Gaijin Games Inc.,7.3,,,,,,2010-10-25,
Blacklight: Tango Down,XBL,Shooter,Ignition Entertainment,Zombie Studios,6.3,,,,,,2010-07-07,
Blast Factor,PSN,Shooter,Sony Computer Entertainment,Bluepoint Games,6.4,,,,,,2006-11-17,
Blaster Master: Overdrive,WW,Shooter,Sunsoft,SunSoft,6.1,,,,,,2010-02-08,
BloodRayne: Betrayal,PSN,Shooter,Majesco,WayForward Technologies,7.5,,,,,,2011-09-06,
BloodRayne: Betrayal,XBL,Shooter,Majesco,WayForward Technologies,7.3,,,,,,2011-09-07,
Bloody Good Time,XBL,Shooter,Ubisoft,Outerlight,5.2,,,,,,2010-10-27,
Border Down,DC,Shooter,G.Rev,G.Rev,6.0,,,,,,2003-09-25,
Borderlands: Claptrap's New Robot Revolution,XBL,Shooter,2K Games,Gearbox Software,7.2,,,,,,2010-09-28,
Borderlands: Claptrap's New Robot Revolution,PSN,Shooter,2K Games,Gearbox Software,8.0,,,,,,2010-09-28,
Borderlands: Mad Moxxi's Underdome Riot,XBL,Shooter,2K Games,Gearbox Software,5.6,,,,,,2009-12-29,
Borderlands: Mad Moxxi's Underdome Riot,PSN,Shooter,2K Games,Gearbox Software,6.0,,,,,,2010-01-07,
Borderlands: The Secret Armory of General Knoxx,XBL,Shooter,2K Games,Gearbox Software,8.8,,,,,,2010-02-23,
Borderlands: The Secret Armory of General Knoxx,PSN,Shooter,2K Games,Gearbox Software,8.6,,,,,,2010-02-25,
Borderlands: The Secret Armory of General Knoxx,PC,Shooter,2K Games,Gearbox Software,8.6,,,,,,2010-02-25,
Borderlands: The Zombie Island of Dr. Ned,PSN,Shooter,2K Games,Gearbox Software,8.1,,,,,,2009-11-24,
Borderlands: The Zombie Island of Dr. Ned,PC,Shooter,2K Games,Gearbox Software,8.0,,,,,,2009-12-09,
Borderlands: The Zombie Island of Dr. Ned,XBL,Shooter,2K Games,Gearbox Software,8.2,,,,,,2009-11-24,
Breach,XBL,Shooter,Destineer,Atomic Games,5.2,,,,,,2011-01-26,
Brink: Agents of Change,PC,Shooter,Bethesda Softworks,Splash Damage,9.0,,,,,,2011-08-03,
Brothers in Arms: D-Day,PSN,Shooter,Ubisoft,Ubisoft,6.9,,,,,,2009-06-24,
Bulletstorm,PSN,Shooter,Electronic Arts,People Can Fly,8.3,,,,,,2011-09-13,
Call of Duty,NGage,Shooter,Activision,Activision,5.9,,,,,,2004-11-23,
Call of Duty 3,XB,Shooter,Activision,Treyarch,8.5,,,,,,2006-11-07,
Call of Duty Classic,XBL,Shooter,Activision,Infinity Ward,7.5,,,,,,2009-12-02,
Call of Duty Classic,PSN,Shooter,Activision,Infinity Ward,7.5,,,,,,2009-12-03,
Call of Duty: Black Ops,PSN,Shooter,Activision,Treyarch,8.7,,,,,,2011-10-25,
Call of Duty: Black Ops,XBL,Shooter,Activision,Treyarch,8.8,,,,,,2011-05-03,
Call of Duty: Black Ops - Annihilation,PC,Shooter,Activision,Treyarch,7.0,,,,,,2011-07-28,
Call of Duty: Black Ops - Annihilation,XBL,Shooter,Activision,Treyarch,8.0,,,,,,2011-06-28,
Call of Duty: Black Ops - Annihilation,PSN,Shooter,Activision,Treyarch,7.0,,,,,,2011-07-28,
Call of Duty: Black Ops - Escalation,XBL,Shooter,Activision,Treyarch,8.3,,,,,,2011-05-03,
Call of Duty: Black Ops - First Strike,XBL,Shooter,Activision,Treyarch,7.7,,,,,,2011-02-01,
Call of Duty: Black Ops - Rezurrection,XBL,Shooter,Activision,Treyarch,7.5,,,,,,2011-08-23,
Call of Juarez: Gunslinger,PS3,Shooter,Ubisoft,Techland,7.6,,,,,,2013-05-22,2018-01-02
Cannon Spike,DC,Shooter,Capcom,Unknown,8.2,,,,,,2000-11-14,
Centipede,DC,Shooter,Hasbro Interactive,Leaping Lizard Software Inc.,5.0,,,,,,1999-10-31,
Chaos Field,DC,Shooter,Sega,MileStone Inc.,6.0,,,,,,2004-12-16,
Charge 'N Blast,DC,Shooter,Xicat Interactive,Xicat Interactive,6.4,,,,,,2001-02-07,
Coded Arms,PSN,Shooter,Konami,Konami,6.1,,,,,,2009-12-10,
Confidential Mission,DC,Shooter,Sega,Hitmaker,6.8,,,,,,2001-05-14,
Contra,XBL,Shooter,Konami,Digital Eclipse,5.9,,,,,,2006-11-08,
Contra ReBirth,WW,Shooter,Konami,M2,8.1,,,,,,2009-09-07,
Crash Commando,PSN,Shooter,Sony Computer Entertainment,EPOS Game Studios,7.8,,,,,,2008-12-18,
Crysis,PSN,Shooter,Electronic Arts,Crytek,8.2,,,,,,2011-10-04,
Crysis,XBL,Shooter,Electronic Arts,Crytek,8.2,,,,,,2011-10-04,
Crysis 3,PC,Shooter,Electronic Arts,Crytek,7.5,,,,,,2013-02-19,2018-03-13
Crystal Quest,XBL,Shooter,Microsoft,Stainless Games,6.2,,,,,,2006-02-07,
Darkest of Days,PC,Shooter,Phantom EFX,8MonkeyLabs,4.8,,,,,,2009-09-08,
Day of Defeat: Source,PC,Shooter,Valve Software,Valve Software,8.1,,,,,,2005-09-26,
Dead Nation,PSN,Shooter,Sony Computer Entertainment,Housemarque,7.0,,,,,,2010-11-30,
Dead Space,XBL,Shooter,Electronic Arts,EA Redwood Shores,9.0,,,,,,2009-10-27,
Dead Space 2,PSN,Shooter,Electronic Arts,Visceral Games,9.0,,,,,,2011-11-08,
Death By Cube,XBL,Shooter,Square Enix,Premium Agency,4.5,,,,,,2010-01-20,
Death Crimson OX,DC,Shooter,Sammy Corporation,Ecole Software,5.1,,,,,,2001-08-05,
Dino D-Day,PC,Shooter,Unknown,800 North and Digital Ranch,5.5,,,,,,2011-04-08,
Disney's Chicken Little: Ace in Action,PS2,Shooter,Buena Vista,Avalanche Software,7.0,,,,,,2006-11-09,
Doom,XBL,Shooter,Activision,Nerve Software,8.0,,,,,,2006-09-27,
Doom 3: Resurrection of Evil,PC,Shooter,Activision,Nerve Software,8.0,,,,,,2005-04-04,
Dreamkiller,PC,Shooter,Aspyr,Mindware Studios,4.6,,,,,,2009-10-12,
Ecks vs. Sever,GBA,Shooter,BAM! Entertainment,Crawfish Interactive,7.6,,,,,,2001-11-27,
Everyday Shooter,PSN,Shooter,Sony Computer Entertainment,Queasy Games,8.4,,,,,,2007-10-11,
Everyday Shooter,PC,Shooter,Queasy Games,Queasy Games,8.0,,,,,,2008-05-08,
Everyday Shooter (PSP),PSN,Shooter,Sony Computer Entertainment,Queasy Games,7.0,,,,,,2008-12-04,
Extreme Paintbrawl,PC,Shooter,Head Games,Creative Carnage,1.2,,,,,,1998-10-31,
Fallen Earth,PC,Shooter,Icarus Games,"Fallen Earth, LLC",7.0,,,,,,2009-09-22,
Fast Draw Showdown,PSN,Shooter,Digital Leisure Inc.,Digital Leisure Inc.,3.8,,,,,,2011-07-19,
Fur Fighters,DC,Shooter,Acclaim Entertainment,Bizarre Creations,8.2,,,,,,2000-07-11,
Fusion: Genesis,XBL,Shooter,Microsoft,Starfire Studios,10.0,,,,,,2011-11-09,
Gain Ground,VC,Shooter,Sega,Sega,6.1,,,,,,2007-02-05,
Galaga,XBL,Shooter,Namco Bandai,Namco Bandai Games,6.5,,,,,,2006-07-26,
Galaga Legions,XBL,Shooter,Namco Bandai,Namco Bandai Games,7.5,,,,,,2008-08-20,
Galaga Legions DX,XBL,Shooter,Namco Bandai,Namco Bandai Games,7.8,,,,,,2011-06-29,
Galaga Legions DX,PSN,Shooter,Namco Bandai,Namco Bandai Games,7.4,,,,,,2011-08-02,
Gatling Gears,PSN,Shooter,Electronic Arts,Vanguard Games,7.5,,,,,,2011-06-28,
Gatling Gears,XBL,Shooter,Electronic Arts,Vanguard Games,7.6,,,,,,2011-05-11,
Geometry Wars: Retro Evolved,XBL,Shooter,Bizarre Creations,Bizarre Creations Ltd.,8.6,,,,,,2005-11-22,
Geometry Wars: Retro Evolved 2,XBL,Shooter,Activision,Bizarre Creations Ltd.,9.1,,,,,,2008-07-30,
Giga Wing,DC,Shooter,Capcom,Takumi Corporation,6.0,,,,,,2000-07-19,
Giga Wing 2,DC,Shooter,Capcom,Takumi Corporation,7.5,,,,,,2001-05-16,
Gradius (NES),VC,Shooter,Konami,Konami,7.1,,,,,,2007-01-08,
Gradius ReBirth,WW,Shooter,Konami,M2,7.7,,,,,,2009-03-09,
Gravity Crash,PSN,Shooter,Sony Computer Entertainment,Just Add Water,6.5,,,,,,2009-11-24,
Gridrunner Revolution,PC,Shooter,Llamasoft,Llamasoft,8.3,,,,,,2009-09-25,
Gunbird 2,DC,Shooter,Capcom,Psikyo,7.7,,,,,,2000-11-17,
Gunstar Heroes,VC,Shooter,Sega,"Treasure Co., Ltd.",9.0,,,,,,2006-12-11,
Guwange,XBL,Shooter,Cave,Cave,8.0,,,,,,2010-11-10,
Half-Life 2: Episode Pack,PC,Shooter,Electronic Arts,Valve Software,8.8,,,,,,2008-04-08,
Half-Life: Counter-Strike,PC,Shooter,Sierra Entertainment,The Counter-Strike Team,8.8,,,,,,2000-11-08,
Halo: Reach,XBL,Shooter,Microsoft Game Studios,Bungie,9.3,,,,,,2011-03-15,2018-10-11
Homefront,PSN,Shooter,THQ,Kaos Studios,6.6,,,,,,2011-10-25,
Homefront,XBL,Shooter,THQ,Kaos Studios,6.7,,,,,,2011-09-13,
Horizon Riders,WW,Shooter,Sabarasa Entertainment,Sabarasa Entertainment,8.0,,,,,,2011-06-10,
Ice Nine,GBA,Shooter,BAM! Entertainment,Torus Games,3.8,,,,,,2005-02-28,
Ikaruga,DC,Shooter,ESP,"Treasure Co., Ltd.",8.3,,,,,,2002-09-05,
Ikaruga,XBL,Shooter,Treasure,"Treasure Co., Ltd.",8.6,,,,,,2008-04-09,
Insanely Twisted Shadow Planet,XBL,Shooter,Microsoft Studios,Fuelcell Games,7.5,,,,,,2011-08-03,
Inside a Star-filled Sky,PC,Shooter,Jason Rohrer,Jason Rohrer,8.5,,,,,,2011-02-21,
Ironclad,VC,Shooter,Unknown,Saurus,8.0,,,,,,,
IronFall Invasion,3DS,Shooter,VD-dev,VD-dev,4.5,,,,,,2015-02-13,2018-08-04
Jetpac Refuelled,XBL,Shooter,Microsoft Game Studios,Rare Ltd.,8.0,,,,,,2007-03-28,
Jetpack Joyride,iOS,Shooter,Halfbrick Studios,Halfbrick Studios,8.7,,,,,,2011-09-01,
John Romero's Daikatana,N64,Shooter,Kemco,Ion Storm,3.9,,,,,,2000-07-31,
Killzone: Liberation,PSN,Shooter,Sony Computer Entertainment,Guerrilla Games,7.8,,,,,,2009-03-04,
Leave Home,XBL,Shooter,Microsoft,hermitgames,8.0,,,,,,2009-12-12,
Left 4 Dead 2: The Passing,XBL,Shooter,Electronic Arts,Certain Affinity / Valve Software,6.0,,,,,,2010-04-22,
Left 4 Dead 2: The Passing,PC,Shooter,Valve,Certain Affinity / Valve Software,6.0,,,,,,2010-04-22,
Lost Planet: Extreme Condition Colonies Edition,PC,Shooter,Capcom,Capcom,7.8,,,,,,2008-05-27,
MadBalls in... Babo: Invasion,XBL,Shooter,Microsoft,Playbrains,7.5,,,,,,2009-07-15,
MAG: Massive Action Game,PSN,Shooter,Sony Computer Entertainment,Zipper Interactive,7.4,,,,,,2010-12-21,
Magic Carpet,PC,Shooter,Electronic Arts,Bullfrog Productions,9.0,,,,,,1994-05-06,
Mars Matrix,DC,Shooter,Capcom,Takumi,7.9,,,,,,2001-04-30,
MDK2,WW,Shooter,Interplay,Beamdog,8.0,,,,,,2011-05-09,
MDK2,DC,Shooter,Interplay,BioWare Corp.,8.9,,,,,,2000-03-31,
Metro Exodus,PS4,Shooter,Deep Silver,4a-games,8.5,,,,,,2019-02-15,2018-01-01
MicroBot,XBL,Shooter,Electronic Arts,Naked Sky Entertainment,6.4,,,,,,2010-12-29,
MicroBot,PSN,Shooter,Electronic Arts,Naked Sky Entertainment,6.4,,,,,,2011-01-04,
Monday Night Combat,PC,Shooter,Uber Entertainment,Uber Entertainment,8.0,,,,,,2011-01-24,
Monday Night Combat,XBL,Shooter,Uber Entertainment,Uber Entertainment,8.0,,,,,,2010-08-11,
Mutant Storm Reloaded,XBL,Shooter,PomPom,PomPom Games,7.1,,,,,,2005-11-22,
Nano Assault Neo,WiiU,Shooter,Shin'en Multimedia,Shin'en Multimedia,6.5,,,,,,2012-11-18,2020-09-13
Navy SEALs: Weapons of Mass Destruction,PC,Shooter,ValuSoft,Jarhead Games,1.8,,,,,,2003-07-18,
No One Lives Forever 2: A Spy in H.A.R.M.'s Way,PC,Shooter,Sierra Entertainment,Monolith Productions,8.8,,,,,,2002-09-30,
One Epic Game,PSN,Shooter,Unknown,Grip Games,7.0,,,,,,2011-08-02,
OutTrigger: International Counter Terrorism Special Force,DC,Shooter,Sega,Sega-AM2,7.6,,,,,,2001-07-24,
Payday: The Heist,PC,Shooter,Sony Online Entertainment,Overkill Software,8.0,,,,,,2011-10-20,
Payday: The Heist,PSN,Shooter,Sony Online Entertainment,Overkill Software,7.1,,,,,,2011-10-18,
Perfect Dark,XBL,Shooter,Microsoft Game Studios,4J Studios,8.2,,,,,,2010-03-17,
PixelJunk Shooter,PSN,Shooter,Sony Computer Entertainment,Q-Games,8.5,,,,,,2009-12-10,
PixelJunk Shooter 2,PSN,Shooter,Sony Computer Entertainment,Q-Games,8.0,,,,,,2011-03-01,
PixelJunk SideScroller,PSN,Shooter,Sony Computer Entertainment,Q-Games,9.0,,,,,,2011-10-25,
Portal: Still Alive,XBL,Shooter,Microsoft,Valve Software,8.9,,,,,,2008-10-22,
Pound of Ground,PC,Shooter,Unknown,Centauri Production,3.5,,,,,,2010-11-05,
Psyvariar 2: The Will to Fabricate,DC,Shooter,Success,Skonec,7.0,,,,,,2004-02-26,
Quake,PC,Shooter,id Software,id Software,9.4,,,,,,1996-07-01,
Quake Arena Arcade,XBL,Shooter,Bethesda Softworks,id Software,7.1,,,,,,2010-12-15,
Quake II,PC,Shooter,Activision,id Software,9.0,,,,,,1997-11-11,
Quake III Arena,DC,Shooter,Sega,Raster,9.3,,,,,,2000-10-22,
Quake III: Team Arena,PC,Shooter,Activision,id Software,8.0,,,,,,2000-12-18,
R-Type Dimensions,XBL,Shooter,Tozai Games,Southend Interactive,7.8,,,,,,2009-02-04,
radiangames Crossfire,XBL,Shooter,Microsoft,radiangames,6.0,,,,,,2010-07-07,
Radiant Silvergun,XBL,Shooter,Treasure,"Treasure Co., Ltd.",8.6,,,,,,2011-09-14,
Rainbow Cotton,DC,Shooter,Success,Success,5.4,,,,,,2000-01-20,
Red Faction,NGage,Shooter,THQ,Monkeystone Games,5.4,,,,,,2003-12-10,
Renegade Ops,XBL,Shooter,Sega,Avalanche Studios,10.0,,,,,,2011-09-14,
Renegade Ops,PC,Shooter,Sega,Avalanche Studios,7.5,,,,,,2011-10-26,2018-05-25
Renegade Ops,PSN,Shooter,Sega,Avalanche Studios,8.4,,,,,,2011-09-13,
Resident Evil: Survivor 2 - Code: Veronica,PS2,Shooter,Capcom,Capcom,4.2,,,,,,2002-02-08,
RESOGUN,PS4,Shooter,Sony Computer Entertainment,Housemarque,8.4,,,,,,2013-11-15,2018-01-28
Rez,DC,Shooter,Sega,United Game Artists,9.0,,,,,,2002-01-11,
Rez HD,XBL,Shooter,Q Entertainment,HexaDrive,9.1,,,,,,2008-01-30,2018-09-24
RoboBlitz,XBL,Shooter,Microsoft,Naked Sky Entertainment,6.7,,,,,,2006-12-06,
RoboBlitz,PC,Shooter,Naked Sky Entertainment,Naked Sky Entertainment,7.5,,,,,,2006-11-06,
Robotron: 2084,XBL,Shooter,Midway Games,Digital Eclipse,7.5,,,,,,2005-12-16,
Rocketmen: Axis of Evil,PSN,Shooter,Capcom,A.C.R.O.N.Y.M. Games Inc.,5.4,,,,,,2008-03-06,
Scramble,XBL,Shooter,Konami,Digital Eclipse,5.2,,,,,,2006-09-13,
Section 8: Prejudice,X360,Shooter,TimeGate Studios,TimeGate Studios,7.9,,,,,,2011-04-20,
Section 8: Prejudice,PS3,Shooter,Unknown,TimeGate Studios,6.8,,,,,,,
Section 8: Prejudice,PC,Shooter,TimeGate Studios,TimeGate Studios,7.6,,,,,,2011-05-04,
Serious Sam HD: The First Encounter,XBL,Shooter,Majesco,Croteam,7.0,,,,,,2010-01-13,
Shadow Complex,XBL,Shooter,Microsoft,Chair Entertainment Group,8.9,,,,,,2009-08-19,
Shadow Harvest: Phantom Ops,PC,Shooter,Viva Media,Black Lion Studios,3.5,,,,,,2011-04-05,
Shadowgrounds,PC,Shooter,Meridian4,Frozenbyte,6.8,,,,,,2006-04-25,
Shadowgrounds Survivor,PC,Shooter,Meridian4,Frozenbyte,7.3,,,,,,2007-12-06,
Shattered Horizon,PC,Shooter,Futuremark Games Studio,Futuremark Games Studio,6.8,,,,,,2009-11-04,
Shoot 1UP,XBL,Shooter,Microsoft Game Studios,Mommy's Best Games,8.0,,,,,,2010-02-25,
Silent Scope,DC,Shooter,Konami,KCET,6.9,,,,,,2000-10-23,
Silpheed,SCD,Shooter,Sega,Game Arts,7.0,,,,,,1993-01-01,
Sin and Punishment,VC,Shooter,Nintendo,"Treasure Co., Ltd.",9.0,,,,,,2007-10-02,
Smash TV,XBL,Shooter,Midway Games,Digital Eclipse,7.8,,,,,,2005-11-24,
Sniper: Ghost Warrior,XBL,Shooter,City Interactive,City Interactive,4.3,,,,,,2011-08-30,
SOCOM: U.S. Navy SEALs Confrontation,PSN,Shooter,Sony Computer Entertainment,Slant Six Games,6.3,,,,,,2008-10-16,
Soldier of Fortune,DC,Shooter,Crave Entertainment,Runecraft,7.6,,,,,,2001-07-24,
Soldner-X 2: Final Prototype,PSN,Shooter,EastAsiaSoft,SideQuest Studios,6.8,,,,,,2010-05-25,
Soldner-X: Himmelssturmer,PSN,Shooter,EastAsiaSoft,SideQuest Studios,6.3,,,,,,2008-12-04,
South Park,PC,Shooter,Acclaim Entertainment,Iguana Entertainment,4.3,,,,,,1999-03-09,
Space Harrier II,VC,Shooter,Sega,Sega,5.5,,,,,,2006-12-18,
Space Invaders Extreme,XBL,Shooter,Taito,Backbone Entertainment,8.0,,,,,,2009-05-06,
Space Invaders Infinity Gene,XBL,Shooter,Square Enix,Taito Corporation,8.2,,,,,,2010-09-15,
Space Invaders Infinity Gene,PSN,Shooter,Square Enix,Taito Corporation,8.3,,,,,,2010-09-14,
Spec Ops II: Omega Squad,DC,Shooter,Ripcord Games,Runecraft,5.3,,,,,,2000-10-24,
Strania: The Stella Machina,XBL,Shooter,G.Rev,G.Rev,6.7,,,,,,2011-03-30,
Super Stardust HD,PSN,Shooter,Sony Computer Entertainment,Housemarque,8.5,,,,,,2007-06-28,
The History Channel: Civil War - A Nation Divided,X360,Shooter,Activision,Cauldron Ltd.,5.2,,,,,,2006-11-14,
The Punisher: No Mercy,PSN,Shooter,Zen Studios,Zen Studios,4.4,,,,,,2009-07-02,
Time Pilot,XBL,Shooter,Konami,Digital Eclipse,5.8,,,,,,2006-08-30,
Tin Star,SNES,Shooter,Nintendo,Software Creations,7.0,,,,,,1994-11-01,
Tom Clancy's Ghost Recon Advanced Warfighter 2,PSN,Shooter,Ubisoft,High Voltage Software,6.3,,,,,,2009-06-17,
Tom Clancy's Ghost Recon: Jungle Storm,NGage,Shooter,Gameloft,Gameloft,8.2,,,,,,2004-08-11,
Tom Clancy's Rainbow Six: Rogue Spear,PC,Shooter,Red Storm Entertainment,Red Storm Entertainment,8.0,,,,,,1999-08-31,
Triggerheart Exelica,XBL,Shooter,Warashi,Warashi Inc.,6.7,,,,,,2008-02-27,
Trouble Witches Neo!,XBL,Shooter,SNK Playmore,Adventure Planning Service,7.0,,,,,,2011-04-27,
Ugly Americans: Apocalypsegeddon,XBL,Shooter,Unknown,Backbone Entertainment,7.0,,,,,,2011-08-31,
Unreal Tournament,PC,Shooter,GT Interactive,Epic Games,9.0,,,,,,1999-11-30,
Unreal Tournament,DC,Shooter,Infogrames,Secret Level,9.3,,,,,,2001-03-13,
"Warhammer 40,000: Kill Team",XBL,Shooter,THQ,THQ,6.0,,,,,,2011-07-13,
Water Warfare,WW,Shooter,Hudson Entertainment,Hudson Entertainment,7.2,,,,,,2009-06-29,
Who's That Flying?!,PSN,Shooter,Mediatonic,Mediatonic Ltd.,7.7,,,,,,2010-11-16,
Who's That Flying?!,PC,Shooter,Kalypso Media,Mediatonic Ltd.,7.5,,,,,,2011-01-31,
Yars' Revenge,PC,Shooter,Atari,Killspace Entertainment,5.5,,,,,,2011-04-29,
Yars' Revenge,XBL,Shooter,Atari,Killspace Entertainment,6.0,,,,,,2011-04-13,
You Are Empty,PC,Shooter,Atari,Digital Spray Studios,2.7,,,,,,2007-10-16,
Zeit 2,XBL,Shooter,Ubisoft,Brightside Games,7.7,,,,,,2011-01-12,
Zeit 2,PC,Shooter,Ubisoft,Brightside Games,7.5,,,,,,2011-01-12,
Zombie Apocalypse,XBL,Shooter,Konami,Nihilistic Software,6.1,,,,,,2009-09-23,
Zombie Apocalypse,PSN,Shooter,Konami,Nihilistic Software,6.4,,,,,,2009-09-24,
Zombie Panic in Wonderland,WW,Shooter,Akaoni Studio,Akaoni Studio,6.0,,,,,,2010-05-03,
Battlefield 2042,PS5,Shooter,Unknown,EA DICE,7.5,,,,,,,2021-06-10
Call of Duty: Modern Warfare II,PS5,Shooter,Unknown,Infinity Ward,7.2,,,,,,,2022-06-02
Call of Duty: Modern Warfare II,XS,Shooter,Unknown,Infinity Ward,8.0,,,,,,,2022-06-02
Liberation Maiden,3DS,Shooter,Level 5,Grasshopper Manufacture,7.4,,,,,,2012-10-25,2018-04-12
Rage 2,PS4,Shooter,Bethesda Softworks,id Software,7.0,,,,,,2019-05-14,2018-05-20
Star Wars: Republic Commando,NS,Shooter,Aspyr,Aspyr,8.5,,,,,,2021-04-06,2021-04-06
Star Wars: Squadrons,PS4,Shooter,Electronic Arts,Motive Studios,7.3,,,,,,2020-10-02,2020-06-19
Strafe,PC,Shooter,Devolver Digital,Pixel Titans,7.2,,,,,,2017-05-09,2018-01-28
Terminator: Resistance,PS4,Shooter,Reef Entertainment,Teyon,4.0,,,,,,2019-12-03,2019-10-01
Terminator: Resistance,XOne,Shooter,Reef Entertainment,Teyon,4.0,,,,,,2019-12-03,2019-10-01
Terminator: Resistance,PC,Shooter,Reef Entertainment,Teyon,4.0,,,,,,2019-12-03,2019-10-01
"Warhammer 40,000: Boltgun",PC,Shooter,Unknown,Auroch Digital,7.2,,,,,,,2023-06-22
"Warhammer 40,000: Boltgun",PS5,Shooter,Unknown,Auroch Digital,9.0,,,,,,,2023-06-22
Zombieland: Double Tap - Road Trip,PS4,Shooter,GameMill Entertainment,High Voltage Software,4.0,,,,,,2019-10-15,2020-09-25
Nintendogs,DS,Simulation,Nintendo,Nintendo EAD,8.4,,,,,,2005-08-23,
Animal Crossing: New Leaf,3DS,Simulation,Nintendo,Nintendo EAD,8.6,,,,,,2013-06-09,2018-01-02
Stardew Valley,PC,Simulation,Chucklefish,ConcernedApe,9.2,,,,,,2016-02-26,2018-03-21
Animal Crossing: Wild World,DS,Simulation,Nintendo,Nintendo EAD,8.5,,,,,,2005-12-05,
Tomodachi Life,3DS,Simulation,Nintendo,Nintendo,7.8,,,,,,2014-06-06,2018-01-05
Euro Truck Simulator 2,PC,Simulation,SCS Software,SCS Software,8.5,,,,,,2013-01-16,2017-12-31
SimCity 3000,PC,Simulation,Electronic Arts,Maxis,8.5,,,,,,1998-03-15,
Nintendogs + cats,3DS,Simulation,Nintendo,Nintendo EAD,7.2,,,,,,2011-03-27,
Animal Crossing: City Folk,Wii,Simulation,Nintendo,Nintendo EAD,7.1,,,,,,2008-11-16,
Pokémon Snap,N64,Simulation,Nintendo,HAL Laboratory,7.9,,,,,,1999-06-30,2018-04-20
Animal Crossing: Happy Home Designer,3DS,Simulation,Nintendo,Nintendo EAD,6.6,,,,,,2015-09-25,2018-01-14
Style Savvy,DS,Simulation,Nintendo,syn Sophia,7.6,,,,,,2009-11-02,
Ace Combat 04: Shattered Skies,PS2,Simulation,Namco,Namco,8.9,,,,,,2001-11-01,
Animal Crossing,GC,Simulation,Nintendo,Nintendo EAD,8.3,,,,,,2002-09-15,
Air Combat,PS,Simulation,Namco,Namco,7.0,,,,,,1995-06-29,
Star Wars: Rogue Squadron,N64,Simulation,LucasArts,Factor 5,9.0,,,,,,1998-11-17,
Style Savvy: Fashion Forward,3DS,Simulation,Nintendo,syn Sophia,6.5,,,,,,2016-08-19,2018-01-07
Ace Combat 6: Fires of Liberation,X360,Simulation,Namco Bandai,Namco Bandai Games,8.1,,,,,,2007-10-23,
Ace Combat 3: Electrosphere,PS,Simulation,Namco,Namco,7.6,,,,,,2000-03-02,
Ace Combat 2,PS,Simulation,Namco,Namco,8.5,,,,,,1997-07-31,
1701 A.D.,PC,Simulation,Aspyr,Related Designs,7.7,,,,,,2006-11-06,
Viva Pinata,X360,Simulation,Microsoft Game Studios,Rare Ltd.,8.4,,,,,,2006-11-09,
Ace Combat Zero: The Belkan War,PS2,Simulation,Namco,Namco,7.5,,,,,,2006-04-25,
Disney Magic Castle: My Happy Life,3DS,Simulation,Nintendo,High Horse Entertainment,7.9,,,,,,2014-04-11,2018-01-07
X3: Terran Conflict,PC,Simulation,Atari,Egosoft,8.2,,,,,,2009-03-31,
Ace Combat X: Skies of Deception,PSP,Simulation,Namco Bandai,Bandai Namco Games,7.6,,,,,,2006-10-23,
Chromehounds,X360,Simulation,Sega,From Software,6.4,,,,,,2006-07-11,
Jane's Combat Simulations: 688(I) Hunter/Killer,PC,Simulation,Electronic Arts,Sonalysts,8.8,,,,,,1997-06-30,
Wings of Prey,PC,Simulation,YuPlay,Gaijin Entertainment,8.3,,,,,,2010-12-25,
1701 A.D. Gold Edition,PC,Simulation,Aspyr,Related Designs,7.9,,,,,,2008-07-24,
A Kingdom for Keflings,XBL,Simulation,NinjaBee,NinjaBee,7.9,,,,,,2008-11-19,
A World of Keflings,XBL,Simulation,NinjaBee,NinjaBee,8.0,,,,,,2010-12-22,
Ace Combat 5: The Unsung War,PS2,Simulation,Namco,Project ACES,8.0,,,,,,2004-10-25,
Ace Combat: Joint Assault,PSN,Simulation,Namco Bandai,Project ACES,6.9,,,,,,2010-09-07,
Aero Porter,3DS,Simulation,Level 5,VIVARIUM Inc.,7.2,,,,,,2012-11-29,2018-04-12
AeroWings,DC,Simulation,Crave Entertainment,CRI,7.4,,,,,,1999-08-31,
AeroWings 2: Airstrike,DC,Simulation,Crave Entertainment,CRI,8.1,,,,,,2000-08-09,
After Burner: Black Falcon,PSN,Simulation,Sega,Planet Moon Studios,7.4,,,,,,2010-03-11,
Airfix Dogfighter,PC,Simulation,EON Digital Entertainment,Paradox Interactive,7.8,,,,,,2000-01-14,
AirForce Delta,DC,Simulation,Konami,KCE Studios,7.2,,,,,,1999-09-08,
Ant Nation,WW,Simulation,Konami,Konami,4.1,,,,,,2009-07-13,
Apache: Air Assault,XBL,Simulation,Activision,Gaijin Entertainment,6.8,,,,,,2011-11-29,
AquaNox,PC,Simulation,Fishtank Interactive,Massive Development,6.4,,,,,,2001-11-19,
AquaNox 2: Revelation,PC,Simulation,Encore,Massive Development,5.6,,,,,,2003-08-22,
Armored Core SL: Silent Line Portable,PSN,Simulation,From Software,From Software,5.8,,,,,,2010-02-04,
Armored Core: Last Raven Portable,PSN,Simulation,From Software,From Software,5.0,,,,,,2010-05-04,
Blades of Thunder,GBA,Simulation,Summitsoft,InterActive Vision Games,3.8,,,,,,2005-02-01,
Deep Fighter,DC,Simulation,Ubisoft,Criterion Games,7.3,,,,,,2000-08-22,
F24: Stealth Fighter,GBA,Simulation,Majesco,Skyworks Technologies,3.6,,,,,,2007-02-13,
Farm Frenzy,DSiW,Simulation,Alawar Entertainment,"Alawar Entertainment, Inc.",4.0,,,,,,2011-07-07,
Flight Control,WW,Simulation,Firemint,Firemint,8.0,,,,,,2011-08-18,
flOw,PSN,Simulation,Sony Computer Entertainment,thatgamecompany,7.4,,,,,,2007-02-22,
Funky Barn It's Farming!,WiiU,Simulation,505 Games,Tantalus Interactive,5.0,,,,,,2012-11-18,2020-08-25
Go Fetch! 2,DSiW,Simulation,Unknown,Aiya Studio,6.0,,,,,,2011-08-04,
Gundam Side Story 0079: Rise from the Ashes,DC,Simulation,Bandai,Bandai,7.4,,,,,,2000-04-28,
Harvest Moon: Hero of Leaf Valley,PSN,Simulation,Natsume,Marvelous Interactive,7.5,,,,,,2010-05-12,
Horsez,PS2,Simulation,Ubisoft,MTO,2.1,,,,,,2006-11-14,
House M.D. -- Episode 2: Blue Meanie,DSiW,Simulation,Legacy Interactive,Glyphic Entertainment,4.0,,,,,,2011-09-01,
Jet Coaster Dream 2,DC,Simulation,Bimboosoft,Bimboosoft,9.4,,,,,,2000-11-02,
Kahoots,PSN,Simulation,Honeyslug,Honeyslug,8.0,,,,,,2009-11-23,
Light of Altair,PC,Simulation,Unknown,SaintXi,7.0,,,,,,2009-06-04,
Make Up & Style,DSiW,Simulation,Unknown,Cypronia,4.0,,,,,,2011-07-07,
My Zoo,WW,Simulation,Hudson Soft,Hudson Soft,4.0,,,,,,2009-11-30,
Patrician III: Rise of the Hanse,PC,Simulation,Encore,Ascaron Entertainment GmbH,8.2,,,,,,2003-10-31,
Pilotwings,VC,Simulation,Nintendo,Nintendo EAD,7.5,,,,,,2009-12-28,
RailWorks,PC,Simulation,RailSimulator.com,RailSimulator.com,7.0,,,,,,2009-06-12,
Silent Hunter: Wolves of the Pacific U-Boat Missions Expansion,PC,Simulation,Ubisoft,Ubisoft Romania,7.0,,,,,,2008-03-24,
Sim City 4: Rush Hour,PC,Simulation,Electronic Arts,Microsoft,7.0,,,,,,1986-01-01,
SimCity,VC,Simulation,Nintendo,Intelligent Systems,7.5,,,,,,2006-11-19,
SimCity 2000,N64,Simulation,Imagineer,Genki,3.5,,,,,,1998-01-30,
Space Rangers,PC,Simulation,1C Company,Elemental Games,9.0,,,,,,2002-12-20,
Star Wars: Battle for Naboo,PC,Simulation,LucasArts,Factor 5,6.2,,,,,,2001-03-11,
Star Wars: TIE Fighter,PC,Simulation,LucasArts,Totally Games,7.0,,,,,,1994-07-01,
StarLancer,DC,Simulation,Crave Entertainment,Digital Anvil,7.5,,,,,,2000-11-27,
The Movies: Stunts & Effects,PC,Simulation,Activision,Lionhead Studios,7.9,,,,,,2006-06-06,
The Sims: Bustin' Out,NGage,Simulation,Electronic Arts,Ideaworks3D,7.3,,,,,,2004-05-12,
Theme Park,PC,Simulation,Electronic Arts,Bullfrog,8.0,,,,,,1994-01-01,
Train Frontier Express,XBL,Simulation,Microsoft,Team Train Frontier,8.0,,,,,,2011-08-30,
Trainz Railroad Simulator 2004,PC,Simulation,Unknown,Auran Games,7.0,,,,,,2003-11-02,
Stardew Valley,NS,Simulation,Chucklefish,ConcernedApe,9.0,,,,,,2017-10-05,2019-02-11
Wii Sports,Wii,Sports,Nintendo,Nintendo EAD,7.7,,,,,,2006-11-19,
Wii Sports Resort,Wii,Sports,Nintendo,Nintendo EAD,8.0,,,,,,2009-07-26,
Wii Fit,Wii,Sports,Nintendo,Nintendo EAD,7.9,,,,,,2008-05-21,
Wii Fit Plus,Wii,Sports,Nintendo,Nintendo EAD,8.0,,,,,,2009-10-04,
Mario Tennis Aces,NS,Sports,Nintendo,Camelot Software Planning,7.8,,,,,,2018-06-22,2018-06-14
Kinect Sports,X360,Sports,Microsoft Game Studios,Rare Ltd.,7.4,,,,,,2010-11-04,
Madden NFL 07,PS2,Sports,EA Sports,EA Tiburon,8.5,,,,,,2006-08-22,
World Soccer Winning Eleven 7 International,PS2,Sports,Konami,Konami Computer Entertainment Tokyo,9.2,,,,,,2004-02-17,
Mario Strikers Charged,Wii,Sports,Nintendo,Next Level Games,7.7,,,,,,2007-07-30,
Mario & Sonic at the London 2012 Olympic Games,Wii,Sports,Sega,Sega,6.8,,,,,,2011-11-15,
Mario Super Sluggers,Wii,Sports,Nintendo,Bandai Namco Games / NOW Production,6.7,,,,,,2008-08-25,
Mario Tennis,N64,Sports,Nintendo,Camelot Software Planning,8.8,,,,,,2000-08-28,
Mario & Sonic at the Olympic Games,Wii,Sports,Sega,Sega,7.2,,,,,,2007-11-06,
1080°: TenEighty Snowboarding,N64,Sports,Nintendo,Nintendo EAD,9.1,,,,,,1998-03-31,
Mario Hoops 3 on 3,DS,Sports,Nintendo,Square Enix,7.1,,,,,,2006-09-11,
Deca Sports,Wii,Sports,Hudson Soft,CAProduction,5.3,,,,,,2008-05-13,
Your Shape: Fitness Evolved,X360,Sports,Ubisoft,Ubisoft Montreal,7.0,,,,,,2010-11-04,
Mario Sports Mix,Wii,Sports,Nintendo,Square Enix,6.0,,,,,,2011-02-07,
EA Sports Active,Wii,Sports,EA Sports,EA Vancouver,8.3,,,,,,2009-05-19,
New Play Control! Mario Power Tennis,Wii,Sports,Nintendo,Camelot Software Planning,6.6,,,,,,2009-03-09,
Super Mario Strikers,GC,Sports,Nintendo,Next Level Games,8.0,,,,,,2005-12-05,
Mario Tennis Open,3DS,Sports,Nintendo,Camelot Software Planning,6.6,,,,,,2012-05-20,2019-05-03
Mario Golf,N64,Sports,Nintendo,Camelot Software Planning,9.0,,,,,,1999-06-30,
NFL GameDay 98,PS,Sports,Sony Computer Entertainment,989 Studios,8.6,,,,,,1997-07-31,
Mario Golf: Toadstool Tour,GC,Sports,Nintendo,Camelot Software Planning,8.1,,,,,,2003-07-29,
Big Beach Sports,Wii,Sports,THQ,HB Studios Multimedia,4.9,,,,,,2008-06-24,
Mario Power Tennis,GC,Sports,Nintendo,Camelot Software Planning,8.1,,,,,,2004-11-08,
Madden NFL 07,X360,Sports,EA Sports,EA Tiburon,8.2,,,,,,2006-08-22,
Mario Superstar Baseball,GC,Sports,Nintendo,Namco / NOW Production,7.2,,,,,,2005-08-29,
We Ski,Wii,Sports,Namco Bandai,Bandai Namco Games,7.1,,,,,,2008-05-13,
Fitness Boxing,NS,Sports,Nintendo,Imagineer,7.0,,,,,,2019-01-04,2021-01-14
Football Manager 2014,PC,Sports,Sega,Sports Interactive,8.4,,,,,,2013-10-30,2018-03-21
Worldwide Soccer Manager 2006,PC,Sports,Sega,Sports Interactive,9.0,,,,,,2005-01-01,
NBA 2K18,PC,Sports,2K Sports,Visual Concepts,7.0,,,,,,2017-09-19,2018-04-02
Virtua Tennis: World Tour (US & Others sales),PSP,Sports,Sega,Sumo Digital,8.3,,,,,,2005-10-07,
2002 FIFA World Cup,PS,Sports,EA Sports,EA Canada,6.8,,,,,,2002-04-30,
2010 FIFA World Cup South Africa,PSN,Sports,EA Sports,EA Canada,6.8,,,,,,2010-04-29,
3 on 3 NHL Arcade,PSN,Sports,Electronic Arts,EA Canada,5.0,,,,,,2009-02-05,
3 on 3 NHL Arcade,XBL,Sports,Electronic Arts,EA Canada,7.2,,,,,,2009-02-11,
AFL Challenge,PSP,Sports,Sony Computer Entertainment,Wicked Witch Software,3.0,,,,,,2009-09-10,
AFL Challenge,PSN,Sports,Home Entertainment Suppliers,Wicked Witch Software,3.0,,,,,,2010-03-25,
All-Star 1997 Featuring Frank Thomas,PS,Sports,Acclaim Entertainment,Acclaim,4.8,,,,,,1997-06-30,
Arcade Bowling,DSiW,Sports,Skyworks Interactive,Skyworks Interactive,5.5,,,,,,2009-11-16,
Backbreaker: Vengeance,XBL,Sports,505 Games,NaturalMotion Games,6.0,,,,,,2011-06-29,
Bankshot Billiards 2,XBL,Sports,PixelStorm,PixelStorm,6.6,,,,,,2005-11-22,
Baseball,3DS,Sports,Nintendo,Nintendo,5.0,,,,,,2011-07-14,
Blood Bowl,PSN,Sports,Focus Home Interactive,Cyanide Studio,5.0,,,,,,2010-04-22,
Bowling,PS,Sports,Agetec,Tamsoft,2.3,,,,,,2001-05-14,
Championship Manager Season 01/02,XB,Sports,Eidos Interactive,Sports Interactive,9.1,,,,,,2002-04-26,
Championship Surfer,DC,Sports,Mattel Interactive,Krome Studios,6.1,,,,,,2000-12-11,
College Hoops 2K7,XB,Sports,2K Sports,Visual Concepts,7.2,,,,,,2006-11-20,
College Hoops 2K7,PS2,Sports,2K Sports,Visual Concepts,7.1,,,,,,2006-12-11,
Dave Mirra Freestyle BMX,DC,Sports,Acclaim Entertainment,"Z-Axis, Ltd.",7.1,,,,,,2000-11-20,
Deca Sports Freedom,XBL,Sports,Hudson Entertainment,Hudson Entertainment,3.0,,,,,,2011-08-30,
ECW: Anarchy Rulz,DC,Sports,Acclaim Entertainment,Acclaim Entertainment,4.8,,,,,,2000-12-30,
ESPN International Track & Field,DC,Sports,Konami,KCEO,6.9,,,,,,2000-09-26,
ESPN NBA 2Night,DC,Sports,Konami,"Sunset Entertainment, Inc.",2.5,,,,,,2000-11-20,
Family Table Tennis,WW,Sports,Aksys Games,Ars System Works,4.7,,,,,,2008-05-26,
FIFA 07 Soccer,GBA,Sports,Electronic Arts,EA Canada,4.1,,,,,,2006-10-03,
FIFA 99,PS,Sports,EA Sports,EA Canada,8.8,,,,,,1998-11-30,
FIFA Manager 10,PC,Sports,EA Sports,Bright Future,7.5,,,,,,2009-10-30,
FIFA Soccer 09,PSN,Sports,Electronic Arts,EA Canada,8.1,,,,,,2008-11-13,
FIFA Soccer 10 (PSP),PSN,Sports,EA Sports,EA Canada,7.9,,,,,,2009-10-21,
FIFA Soccer 11 (PSP),PSN,Sports,EA Sports,EA Canada,7.0,,,,,,2010-10-12,
FIFA Soccer 2004,NGage,Sports,EA Sports,Exient Entertainment,6.4,,,,,,2004-01-14,
FIFA Soccer 2005,NGage,Sports,Nokia,Exient Entertainment,8.2,,,,,,2004-11-10,
FIFA Soccer 96,SNES,Sports,EA Sports,Probe Entertainment Limited,9.0,,,,,,1995-11-01,
FIFA Street 2,PSN,Sports,EA Sports,EA Canada,4.9,,,,,,2011-02-16,
FIFA World Cup Germany 2006,PC,Sports,EA Sports,EA Canada,7.7,,,,,,2006-04-24,
Fight Night Champion,PSN,Sports,EA Sports,EA Canada,8.2,,,,,,2011-11-09,
Fila Decathlon,GBA,Sports,THQ,Athletic Design AB,6.8,,,,,,2002-03-29,
Fishie Fishie,WW,Sports,DK Games,DK Games,5.0,,,,,,2010-04-05,
Football Manager 2014,OSX,Sports,Sega,Sports Interactive,8.5,,,,,,2013-10-30,2018-03-21
Football Manager 2014,Linux,Sports,Sega,Sports Interactive,8.7,,,,,,2013-10-30,2018-03-21
Football Manager Handheld 2010,PSN,Sports,Sega,Sports Interactive,6.0,,,,,,2009-12-22,
Freestyle Street Soccer,GC,Sports,Acclaim Entertainment,Silicon Dreams,4.3,,,,,,2004-03-25,
Golf,3DS,Sports,Unknown,Nintendo,6.0,,,,,,2011-06-29,
Harlem Globetrotters: World Tour,GBA,Sports,DSI Games,Full Fat,2.7,,,,,,2006-10-02,
Hot Shots Golf: Open Tee 2,PSN,Sports,Sony Computer Entertainment,Clap Hanz,8.0,,,,,,2009-06-10,
Hot Shots Tennis: Get a Grip,PSN,Sports,Sony Computer Entertainment,Clap Hanz,8.0,,,,,,2010-06-29,
Hustle Kings,PSN,Sports,Sony Computer Entertainment,VooFoo Studios,8.5,,,,,,2010-01-28,2018-09-25
International Superstar Soccer,GBA,Sports,Konami,Konami,6.0,,,,,,2001-11-23,
International Superstar Soccer Advance,GBA,Sports,Konami,Konami Computer Entertainment Osaka,7.0,,,,,,2003-01-24,
Let's Golf,DSiW,Sports,Gameloft,Gameloft,5.0,,,,,,2010-03-01,
Let's Golf 3D,3DS,Sports,Gameloft,Gameloft,9.0,,,,,,2011-07-28,
LMA Manager 2007,PS2,Sports,Codemasters,Codemasters,6.7,,,,,,2006-09-22,
LMA Manager 2007,PC,Sports,Codemasters,Codemasters,6.0,,,,,,2006-09-22,
London 2012: The Official Video Game of the Olympic Games,PC,Sports,Sega,Sega Studios Australia,5.0,,,,,,2012-06-26,
Madden NFL 07,PC,Sports,EA Sports,EA Tiburon,8.5,,,,,,2006-08-22,
Madden NFL Arcade,XBL,Sports,EA Sports,EA Tiburon,6.3,,,,,,2009-11-25,
Major League Baseball 2K10,PC,Sports,2K Sports,Visual Concepts,7.3,,,,,,2010-03-02,
Mat Hoffman's Pro BMX,DC,Sports,Activision,Runecraft,7.7,,,,,,2001-09-11,
MLB Bobblehead Pros,XBL,Sports,Konami,Konami,7.5,,,,,,2011-07-06,
MLB Slam!,NGage,Sports,THQ,THQ,2.8,,,,,,2008-10-31,
MTV Sports: Skateboarding Featuring Andy McDonald,DC,Sports,THQ,Darkblack,3.0,,,,,,2000-11-09,
MVP Baseball 2005,PC,Sports,EA Sports,EA Canada,8.8,,,,,,2005-02-22,
NBA 2K1,DC,Sports,Sega,Visual Concepts,9.2,,,,,,2000-11-01,
NBA 2K10,PSN,Sports,2K Games,Visual Concepts,5.5,,,,,,2009-10-28,
NBA 2K2,DC,Sports,Sega,Visual Concepts,9.6,,,,,,2001-10-24,
NBA Hoopz,DC,Sports,Midway Games,Eurocom Entertainment Software,6.6,,,,,,2001-02-13,
NBA JAM: On Fire Edition,XBL,Sports,Electronic Arts,EA Sports,8.5,,,,,,2011-10-05,
NBA Live 07,PC,Sports,EA Sports,EA Canada,6.0,,,,,,2006-09-25,
NBA Live 10,PSN,Sports,Electronic Arts,EA Canada,5.9,,,,,,2009-10-08,
NBA Showtime: NBA on NBC,DC,Sports,Midway Games,Avalanche Software,8.1,,,,,,1999-10-31,
NCAA College Football 2K2,DC,Sports,Sega,Visual Concepts,8.1,,,,,,2001-08-29,
NCAA Football 2004,NGage,Sports,EA Sports,Exient Entertainment,5.7,,,,,,2003-12-10,
NFL 2K2,DC,Sports,Sega,Visual Concepts,9.3,,,,,,2001-09-19,
NFL Blitz 2000,DC,Sports,Midway Games,Avalanche Software,8.7,,,,,,1999-09-09,
NFL Blitz 2001,DC,Sports,Midway Games,Avalanche Software,8.8,,,,,,2000-09-14,
NFL QB Club 2001,DC,Sports,Acclaim Entertainment,High Voltage Software,3.9,,,,,,2000-07-30,
NFL Quarterback Club 2000,DC,Sports,Acclaim Entertainment,Acclaim Entertainment,2.1,,,,,,1999-10-31,
NHL 07,PC,Sports,EA Sports,EA Montreal,6.4,,,,,,2006-09-12,
NHL 2K,DC,Sports,Sega,Black Box,8.3,,,,,,2000-02-09,
NHL 2K2,DC,Sports,Sega,Treyarch,8.1,,,,,,2002-02-14,
NHL 2K7,PS2,Sports,2K Sports,2K Sports,7.6,,,,,,2006-10-02,
Pure Futbol,XBL,Sports,Ubisoft,Action Pants Inc.,3.8,,,,,,2011-08-02,
Razor Freestyle Scooter,DC,Sports,Crave Entertainment,Titanium Studios,6.3,,,,,,2001-08-08,
Ready 2 Rumble Boxing,GB,Sports,Midway Games,Midway,6.0,,,,,,1999-11-01,
Ready 2 Rumble Boxing,DC,Sports,Midway Games,Midway Games,8.3,,,,,,1999-09-08,
Reel Fishing Wild,DC,Sports,Natsume,West One,5.9,,,,,,2001-01-01,
Rippin' Riders,DC,Sports,Sega,UEP Systems,6.8,,,,,,1999-10-31,
Rugby World Cup 2011,PSN,Sports,505 Games,HB Studios Multimedia,4.5,,,,,,2011-09-06,
Rugby World Cup 2011,XBL,Sports,505 Games,HB Studios Multimedia,4.8,,,,,,2011-09-01,
Sega Bass Fishing,DC,Sports,Sega,SIMS,8.2,,,,,,1999-09-30,
Sega Bass Fishing 2,DC,Sports,Sega,Wow Entertainment,7.9,,,,,,2001-08-21,
Sega Marine Fishing,DC,Sports,Sega,Wow Entertainment,7.9,,,,,,2000-08-20,
Shaun White Skateboarding,XBL,Sports,Ubisoft,Ubisoft Montreal,6.1,,,,,,2011-07-26,
Sports Jam,DC,Sports,Agetec,Wow Entertainment,7.5,,,,,,2001-07-18,
SSX On Tour,PSN,Sports,Electronic Arts,EA Canada,8.1,,,,,,2011-06-08,
SSX Out of Bounds,NGage,Sports,Nokia,Exient Entertainment,6.9,,,,,,2005-01-24,
Striker Pro 2000,DC,Sports,Atari,Rage Software,6.8,,,,,,2000-05-31,
Stunt Racer 64,N64,Sports,Midway Games,Boss Game Studios,7.0,,,,,,2000-10-01,
Sydney 2000,DC,Sports,Eidos Interactive,Attention To Detail,5.2,,,,,,2000-08-31,
Tecmo Bowl (Arcade),VC,Sports,Tecmo,Tecmo,6.5,,,,,,2009-08-03,
Tecmo Super Bowl III: Final Edition,SNES,Sports,Tecmo,Tecmo,8.0,,,,,,1995-10-01,
Tee Off,DC,Sports,Acclaim Entertainment,Bottoms Up,7.2,,,,,,1999-12-31,
Tennis 2K2,DC,Sports,Sega,Hitmaker,8.7,,,,,,2001-10-24,
Tiger Woods PGA Tour 2004,NGage,Sports,EA Sports,Backbone Emeryville,6.8,,,,,,2004-06-24,
Tony Hawk's Pro Skater,NGage,Sports,Nokia,Neversoft Entertainment,7.2,,,,,,2003-10-13,
Tony Hawk's Pro Skater,DC,Sports,Crave Entertainment,Treyarch,9.6,,,,,,2000-06-29,
Tony Hawk's Pro Skater 2,DC,Sports,Activision,Treyarch,9.7,,,,,,2000-11-06,
Tony Hawk's Pro Skater 2,GB,Sports,Activision,Natsume,8.0,,,,,,2000-11-01,
Tony Hawk's Project 8,XB,Sports,Activision,Shaba Games,6.6,,,,,,2006-11-07,
Triple Shot Sports,WW,Sports,The Code Monkeys,The Code Monkeys,2.0,,,,,,2010-03-15,
Trollboarder,DSiW,Sports,Enjoy Gaming,Enjoy Gaming ltd.,3.0,,,,,,2011-04-08,
Ultimate Fighting Championship,DC,Sports,Crave Entertainment,Anchor,8.6,,,,,,2000-08-29,
Vancouver 2010 - The Official Video Game of the Olympic Winter Games,PC,Sports,Sega,Eurocom Entertainment Software,5.0,,,,,,2010-01-12,
Virtua Tennis,DC,Sports,Sega,Hitmaker,9.2,,,,,,2000-01-01,
Virtua Tennis,NGage,Sports,Sega,Hitmaker,3.6,,,,,,2003-12-08,
VT Tennis,DSiW,Sports,Virtual Toys,Virtual Toys,4.0,,,,,,2010-03-01,
World Soccer Winning Eleven 7 International,PC,Sports,Konami,Konami Computer Entertainment Tokyo,9.1,,,,,,2004-04-09,
Madden NFL 23,PS5,Sports,Unknown,EA Tiburon,7.3,,,,,,,2022-11-21
Madden NFL 23,XS,Sports,Unknown,EA Tiburon,7.3,,,,,,,2022-11-21
StarCraft,PC,Strategy,Blizzard Entertainment,Blizzard Entertainment,8.7,,,,,,1998-04-01,2018-11-23
RollerCoaster Tycoon 3,PC,Strategy,Atari,Frontier Developments,8.3,,,,,,2004-10-26,
Sid Meier's Civilization V,PC,Strategy,2K Games,Firaxis Games,8.9,,,,,,2010-09-21,
StarCraft II: Wings of Liberty,PC,Strategy,Blizzard Entertainment,Blizzard Entertainment,9.3,,,,,,2010-07-27,2018-06-25
Pokémon Stadium,N64,Strategy,Nintendo,HAL Laboratory,7.5,,,,,,2000-03-06,
Warcraft III: Reign of Chaos,PC,Strategy,Blizzard Entertainment,Blizzard Entertainment,9.3,,,,,,2002-07-03,2018-11-23
"Warhammer 40,000: Dawn of War",PC,Strategy,THQ,Relic,8.8,,,,,,2004-09-20,
Zoo Tycoon,PC,Strategy,Microsoft,Blue Fang Games,7.1,,,,,,2001-10-18,
Pokémon Trading Card Game,GB,Strategy,Nintendo,Hudson Soft,8.3,,,,,,2000-04-10,
Sid Meier's Civilization IV,PC,Strategy,2K Games,Firaxis Games,9.4,,,,,,2005-10-25,
Warcraft II: Tides of Darkness,PC,Strategy,Blizzard Entertainment,Blizzard Entertainment,9.3,,,,,,1996-04-30,
Pokémon Stadium 2,N64,Strategy,Nintendo,HAL Laboratory,7.9,,,,,,2001-03-28,
Black & White,PC,Strategy,Electronic Arts,Lionhead Studios,9.3,,,,,,2001-03-26,
Warcraft III: The Frozen Throne,PC,Strategy,Blizzard Entertainment,Blizzard Entertainment,9.2,,,,,,2003-07-01,
Age of Empires II: The Age of Kings,PC,Strategy,Microsoft,Ensemble Studios,9.3,,,,,,1999-09-30,
Age of Empires III,PC,Strategy,Microsoft Game Studios,Ensemble Studios,8.3,,,,,,2005-10-18,
Command & Conquer: Red Alert,PC,Strategy,Virgin Interactive,Westwood Studios,9.3,,,,,,1996-11-01,
Mario + Rabbids: Kingdom Battle,NS,Strategy,Ubisoft,Ubisoft Milan,8.3,,,,,,2017-08-29,2018-01-24
Plants vs. Zombies,PC,Strategy,PopCap Games,PopCap Games,9.0,,,,,,2009-05-05,
Pikmin,GC,Strategy,Nintendo,Nintendo EAD,8.1,,,,,,2001-12-03,
Railroad Tycoon II,PC,Strategy,Gathering of Developers,PopTop Software,8.3,,,,,,1998-10-31,
Age of Mythology,PC,Strategy,Microsoft Game Studios,Ensemble Studios,8.8,,,,,,2002-11-01,
Pikmin 3,WiiU,Strategy,Nintendo,Nintendo EAD,8.7,,,,,,2013-08-04,2020-08-05
Total War: Rome II,PC,Strategy,Sega,The Creative Assembly,8.0,,,,,,2013-09-03,2018-03-19
Pikmin 2,GC,Strategy,Nintendo,Nintendo EAD,9.1,,,,,,2004-08-30,
Orcs Must Die!,PC,Strategy,Unknown,Robot Entertainment,8.5,,,,,,2011-10-11,
StarCraft II: Heart of the Swarm,PC,Strategy,Blizzard Entertainment,Blizzard Entertainment,8.9,,,,,,2013-03-12,2018-06-25
Supreme Commander 2,PC,Strategy,Square Enix,Gas Powered Games,7.5,,,,,,2010-03-02,
Command & Conquer 3: Tiberium Wars,All,Strategy,Electronic Arts,EA Los Angeles,8.5,,,,,,2007-03-26,2020-11-08
Empire Earth,PC,Strategy,Sierra Entertainment,Stainless Steel Studios,8.0,,,,,,2001-11-12,
Halo Wars,X360,Strategy,Microsoft Game Studios,Ensemble Studios,8.1,,,,,,2009-03-03,
Total War: Three Kingdoms,PC,Strategy,Sega,Creative Assembly,8.6,,,,,,2019-05-23,2018-01-10
Total War: Warhammer II,PC,Strategy,Sega,Creative Assembly,8.6,,,,,,2017-09-28,2018-09-22
Rise of Nations,PC,Strategy,Microsoft Game Studios,Big Huge Games,8.8,,,,,,2003-05-20,
Empire: Total War,PC,Strategy,Sega,The Creative Assembly,8.9,,,,,,2009-03-03,
DEFCON: Everybody Dies,PC,Strategy,Encore,Introversion,8.2,,,,,,2007-03-26,
Dungeon Keeper,PC,Strategy,Electronic Arts,Bullfrog Productions,9.5,,,,,,1997-06-26,
Rock of Ages,PC,Strategy,Atlus,ACE Team,7.0,,,,,,2011-09-07,
Shogun 2: Total War,PC,Strategy,Sega,The Creative Assembly,9.0,,,,,,2011-03-15,
Anomaly: Warzone Earth,PC,Strategy,Unknown,11 bit studios,7.9,,,,,,2011-04-08,
Defense Grid: The Awakening,PC,Strategy,Hidden Path Entertainment,Hidden Path Entertainment,8.0,,,,,,2008-12-08,
Medieval II: Total War,PC,Strategy,Sega,The Creative Assembly,8.8,,,,,,2006-11-13,
Fire Emblem: Shadow Dragon,DS,Strategy,Nintendo,Intelligent Systems,8.2,,,,,,2009-02-16,
Homeworld,PC,Strategy,Sierra Entertainment,Relic,9.1,,,,,,1999-05-12,
Sins of a Solar Empire,PC,Strategy,Stardock,Ironclad Games,8.9,,,,,,2008-02-04,
Shadow Tactics: Blades of the Shogun,PC,Strategy,Daedalic Entertainment,Mimimi Productions,8.3,,,,,,2016-12-06,2018-09-15
Magic: The Gathering - Duels of the Planeswalkers 2012,PC,Strategy,Wizards of the Coast,Stainless Games,8.0,,,,,,2011-06-15,
Revenge of the Titans,PC,Strategy,Puppy Games,Puppy Games,8.0,,,,,,2010-01-01,
Atom Zombie Smasher,PC,Strategy,Unknown,Blendo Games,7.2,,,,,,2011-03-14,
Hoard,PC,Strategy,Big Sandwich Games,Big Sandwich Games,7.5,,,,,,2011-04-04,2019-02-05
Hard West,PC,Strategy,Unknown,CreativeForge Games,6.4,,,,,,,2018-01-07
Age of Wonders,PC,Strategy,Gathering of Developers,Triumph Studios,8.4,,,,,,1999-10-31,
Sanctum,PC,Strategy,Coffee Stain Publishing,Coffee Stain Studios,7.3,,,,,,2011-04-15,
Medieval II: Total War Kingdoms,PC,Strategy,Sega,The Creative Assembly,8.2,,,,,,2007-08-28,
Men of War: Vietnam,PC,Strategy,1C Company,1C Company,7.2,,,,,,2011-09-08,2019-03-29
Little King's Story,Wii,Strategy,Xseed Games,Cing Inc. / Town Factory,8.5,,,,,,2009-07-21,
Worms: Open Warfare,PSP,Strategy,THQ,Team17 Software,6.9,,,,,,2006-03-22,
Hearts of Iron II,PC,Strategy,Paradox Interactive,Paradox Interactive,8.3,,,,,,2005-01-04,
Heroes of Mana,DS,Strategy,Square Enix,Brownie Brown,6.4,,,,,,2007-08-14,
Submarine Titans,PC,Strategy,Strategy First,Ellipse Studios,6.1,,,,,,2000-08-09,2017-12-30
Age of Booty,XBL,Strategy,Capcom,Certain Affinity,7.6,,,,,,2008-10-15,
Age of Booty,PSN,Strategy,Capcom,Certain Affinity,7.5,,,,,,2008-10-16,
Age of Booty,PC,Strategy,Capcom,Certain Affinity,6.6,,,,,,2009-03-09,
Airport Tycoon,PC,Strategy,Global Star Software,Sunstorm Interactive,3.0,,,,,,2000-04-25,
Airport Tycoon 2,PC,Strategy,Global Star Software,Sunstorm Interactive,2.6,,,,,,2003-02-26,
Airport Tycoon 3,PC,Strategy,Global Star Software,InterActive Vision Games,4.0,,,,,,2003-10-30,
Band of Bugs,XBL,Strategy,NinjaBee,NinjaBee,6.5,,,,,,2007-06-20,
Battle Realms,PC,Strategy,Ubisoft,Liquid Entertainment,8.7,,,,,,2001-11-07,
Big Biz Tycoon,PC,Strategy,Activision,Animedia,5.8,,,,,,2002-05-29,
Break Tactics,DSiW,Strategy,Agetec,SilverStarJapan,4.0,,,,,,2011-09-22,
Cannon Fodder,PC,Strategy,Virgin Interactive,Audio Visual Magic,9.0,,,,,,1993-01-01,
Car Tycoon,PC,Strategy,Fishtank Interactive,Fishtank Interactive,5.4,,,,,,2002-01-04,
Carcassonne,XBL,Strategy,Sierra Online,Sierra Online,7.5,,,,,,2007-06-27,
Carnival Cruise Line Tycoon 2005: Island Hopping,PC,Strategy,Activision,Artex Software,4.3,,,,,,2004-06-21,
Catan,XBL,Strategy,Microsoft,Big Huge Games,7.5,,,,,,2007-05-02,
Chessmaster Live,XBL,Strategy,Microsoft,Ubisoft Sofia,7.6,,,,,,2008-01-30,
ChuChu Rocket!,DC,Strategy,Sega,Sonic Team,8.5,,,,,,2000-02-29,
Coffee Tycoon,PC,Strategy,Anarchy Enterprises,Anarchy Enterprises,4.0,,,,,,2005-04-01,
Comet Crash,PSN,Strategy,Pelfast,Pelfast,8.5,,,,,,2009-04-02,
Command & Conquer,SAT,Strategy,Westwood Studios,Westwood Studios,9.1,,,,,,1996-12-31,
Command & Conquer Red Alert 2: Yuri's Revenge,PC,Strategy,Electronic Arts,Westwood Studios,9.2,,,,,,2001-10-10,
Commanders: Attack of the Genos,XBL,Strategy,Sierra Entertainment,Sierra Online / Southend Interactive,7.0,,,,,,2008-02-13,
Conflict Zone,DC,Strategy,Ubisoft,MASA Group,5.3,,,,,,2001-12-15,
Crystal Defenders,PSN,Strategy,Square Enix,TOSE Software,7.5,,,,,,2009-08-06,
Crystal Defenders,XBL,Strategy,Square Enix,TOSE Software,5.7,,,,,,2009-03-11,
Crystal Defenders R1,WW,Strategy,Square Enix,Square Enix,6.4,,,,,,2009-04-20,
Crystal Defenders R2,WW,Strategy,Square Enix,Square Enix,5.8,,,,,,2009-05-18,
Darwinia+,XBL,Strategy,Introversion,Introversion Software,8.0,,,,,,2010-02-10,
Death Tank,XBL,Strategy,Microsoft,Snowblind Studios,6.8,,,,,,2009-02-18,
Deep Sea Tycoon: Diver's Paradise,PC,Strategy,eGames,Pixel after Pixel,6.5,,,,,,2006-06-14,
Defend Your Castle,WW,Strategy,XGenStudios,XGen Studios,6.6,,,,,,2008-05-12,
Defense Grid: The Awakening,XBL,Strategy,Hidden Path Entertainment,Hidden Path Entertainment,8.5,,,,,,2009-09-02,
Defense of the Middle Kingdom,DSiW,Strategy,Aksys Games,Aksys Games,8.0,,,,,,2011-09-15,
Dragon Quest Wars,DSiW,Strategy,Square Enix,Intelligent Systems,8.5,,,,,,2009-09-28,
Dungeon Keeper: The Deeper Dungeons,PC,Strategy,Electronic Arts,Take-Two Interactive,5.9,,,,,,1997-11-30,
Empire Earth II: The Art of Supremacy,PC,Strategy,VU Games,Mad Doc Software,5.7,,,,,,2006-02-14,
Empire Earth: The Art of Conquest,PC,Strategy,Sierra Entertainment,Mad Doc Software,7.3,,,,,,2002-09-17,
Eufloria,PSN,Strategy,Unknown,Rudolf Kremers & Alex May,7.0,,,,,,,
Europa Universalis III: Heir to the Throne,PC,Strategy,Paradox Interactive,Paradox Interactive,8.5,,,,,,2009-12-15,
Fate of the World,PC,Strategy,Unknown,Red Redemption,8.0,,,,,,2011-02-28,
Final Fantasy Crystal Chronicles: My Life as a Darklord,WW,Strategy,Square Enix,Square Enix,7.7,,,,,,2009-07-20,
Final Fantasy Crystal Chronicles: My Life as a King,WW,Strategy,Square Enix,Square Enix,7.7,,,,,,2008-05-12,
Fish Tycoon 1.0,PC,Strategy,Big Fish Games,LDW,6.0,,,,,,2005-11-16,
Flotilla,PC,Strategy,Unknown,Blendo Studios,7.0,,,,,,2010-02-26,
Fortix,PSN,Strategy,Complete-IT,Nemesys Studio,6.0,,,,,,2009-11-23,
Fortix,PC,Strategy,Nemesys,Nemesys Studio,7.4,,,,,,2009-10-01,
Fortix 2,PC,Strategy,Nemesys,Nemesys Studio,7.5,,,,,,2011-05-06,
Frozen Synapse,PC,Strategy,Matrix Games,Mode 7 Games,8.6,,,,,,2011-05-26,
Full Spectrum Warrior,PSN,Strategy,THQ,Pandemic Studios,7.5,,,,,,2011-11-08,
Full Spectrum Warrior: Ten Hammers,PC,Strategy,THQ,Pandemic Studios,6.3,,,,,,2006-04-04,
Galactic Civilizations II: Twilight of the Arnor,PC,Strategy,Stardock,Stardock,9.4,,,,,,2008-04-30,
Generation of Chaos,PSN,Strategy,Midas Interactive Entertainment,Idea Factory,5.9,,,,,,2009-02-26,
Genghis Khan II: Clan of the Gray Wolf,VC,Strategy,KOEI,Koei,6.0,,,,,,2009-06-08,
Geniu$: The Tech Tycoon Game,PC,Strategy,Viva Media,Cornelsen Software,6.0,,,,,,2005-11-01,
Golf Resort Tycoon,PC,Strategy,Activision,Cat Daddy Games,6.2,,,,,,2001-05-31,
Golf Resort Tycoon II,PC,Strategy,Activision,Cat Daddy Games,6.8,,,,,,2002-02-28,
Greed Corp,XBL,Strategy,W!Games,W!Games,8.5,,,,,,2010-02-24,
GrimGrimoire,PSN,Strategy,NIS America,Vanillaware,7.7,,,,,,2011-10-04,2019-01-10
Guardians of Graxia,PC,Strategy,Unknown,Petroglyph Games,5.5,,,,,,2010-10-20,
Harvest Moon: Save the Homeland,PSN,Strategy,Unknown,Victor Interactive Software,7.8,,,,,,,
Hearts of Iron,PC,Strategy,Strategy First,Paradox Interactive,7.8,,,,,,2002-11-24,
Hearts of Iron II: Doomsday,PC,Strategy,Paradox Interactive,Paradox Interactive,7.5,,,,,,2006-04-07,
High Seize,NGage,Strategy,Nokia,"RedLynx, Ltd.",8.5,,,,,,2005-10-28,
Hinterland,PC,Strategy,Independent,Tilted Mill Entertainment,7.0,,,,,,2008-09-30,
Hinterland: Orc Lords,PC,Strategy,Unknown,Tilted Mill,7.5,,,,,,,
Innocent Life: A Futuristic Harvest Moon,PSN,Strategy,Rising Star,ArtePiazza,6.5,,,,,,2010-02-11,
Iron Brigade,XBL,Strategy,Microsoft Game Studios,Double Fine Productions,8.1,,,,,,2011-06-22,2018-11-23
King Arthur - The Role-playing Wargame,PC,Strategy,Paradox Interactive,NeoCoreGames,7.0,,,,,,2009-11-24,
League of Legends,PC,Strategy,THQ,Riot Games,8.0,,,,,,2009-10-27,2018-11-23
Legends of War: Patton's Campaign,PSN,Strategy,Unknown,Enigma Software Productions,8.2,,,,,,2011-01-04,
Magic: The Gathering - Duels of the Planeswalkers,PC,Strategy,Wizards of the Coast,Stainless Games,7.5,,,,,,2010-06-15,
Magic: The Gathering - Duels of the Planeswalkers 2012,XBL,Strategy,Wizards of the Coast,Stainless Games,7.7,,,,,,2011-06-15,
Magic: The Gathering - Duels of the Planeswalkers 2012,PSN,Strategy,Wizards of the Coast,Stainless Games,7.3,,,,,,2011-06-14,
Majesty 2: Battles of Ardania,PC,Strategy,Paradox Interactive,1C:Ino-Co,4.5,,,,,,2010-11-09,
Medieval: Total War - Viking Invasion,PC,Strategy,Activision,The Creative Assembly,8.2,,,,,,2003-05-07,
Neighbours From Hell,GC,Strategy,JoWood Productions,JoWood Productions,3.0,,,,,,2005-03-04,
No Heroes Allowed!,PSN,Strategy,Sony Computer Entertainment,Acquire,7.0,,,,,,2010-11-02,
Orcs Must Die!,XBL,Strategy,Unknown,Robot Entertainment,8.1,,,,,,2011-10-05,
Outpost Kaloki X,XBL,Strategy,NinjaBee,NinjaBee,7.7,,,,,,2005-11-22,
Patchwork Heroes,PSN,Strategy,Sony Computer Entertainment,Acquire,8.3,,,,,,2010-03-18,
Pathway to Glory,NGage,Strategy,Nokia,"RedLynx, Ltd.",8.6,,,,,,2004-11-29,
Pathway to Glory: Ikusa Islands,NGage,Strategy,Nokia,"RedLynx, Ltd.",5.0,,,,,,2005-11-01,
PixelJunk Monsters,PSN,Strategy,Sony Computer Entertainment,Q-Games,8.4,,,,,,2008-01-24,
PixelJunk Monsters Deluxe,PSN,Strategy,Sony Computer Entertainment,Q-Games,8.7,,,,,,2009-10-01,
Plant Tycoon,PC,Strategy,LDW,LDW,8.2,,,,,,2007-09-21,
Plants vs. Zombies,XBL,Strategy,PopCap Games,PopCap Games,8.9,,,,,,2010-09-08,
Political Tycoon,PC,Strategy,TalonSoft,Monte Cristo Multimedia,5.4,,,,,,2001-01-01,
Prison Tycoon 4: SuperMax,PC,Strategy,ValuSoft,ValuSoft,2.5,,,,,,2008-08-29,
R.U.S.E.,XBL,Strategy,Ubisoft,Eugen Systems,8.0,,,,,,2011-07-19,
Railroad Tycoon II - The Second Century,PC,Strategy,Gathering of Developers,PopTop Software,8.7,,,,,,1999-04-30,
Ring of Red,PSN,Strategy,Konami,Konami,8.0,,,,,,2011-10-04,
Rise of Nations: Thrones & Patriots,PC,Strategy,Microsoft Game Studios,Big Huge Games,9.0,,,,,,2004-04-27,2018-11-15
Rock of Ages,XBL,Strategy,Atlus,ACE Team,7.4,,,,,,2011-08-31,
RollerCoaster Tycoon 2: Wacky Worlds,PC,Strategy,Atari,Frontier Developments,5.4,,,,,,2003-05-08,
RollerCoaster Tycoon: Loopy Landscapes,PC,Strategy,Atari,Chris Sawyer,8.2,,,,,,2000-09-30,
Romance of the Three Kingdoms XI,PC,Strategy,KOEI,Koei,7.6,,,,,,2008-09-09,
Rome: Total War Alexander,PC,Strategy,Sega,The Creative Assembly,7.4,,,,,,2006-06-19,
Rome: Total War Barbarian Invasion,PC,Strategy,Sega,The Creative Assembly,8.3,,,,,,2005-09-27,
Roommania #203,DC,Strategy,Sega,Sega,8.1,,,,,,2000-01-27,
SeaWorld Adventure Parks Tycoon,PC,Strategy,Activision,Activision,5.9,,,,,,2003-09-29,
Seven Kingdoms: Conquest,PC,Strategy,Enlight,Enlight Software,3.5,,,,,,2007-10-15,
Sheep,GBA,Strategy,Capcom,Empire Interactive,7.3,,,,,,2002-01-01,
Shining Force: The Legacy of Great Intention,VC,Strategy,Sega,Climax Entertainment/Sonic Team,8.0,,,,,,2007-07-23,
Shogun: Total War - Warlord Edition,PC,Strategy,Electronic Arts,The Creative Assembly,8.6,,,,,,2001-08-13,
Sid Meier's Alpha Centauri,PC,Strategy,Electronic Arts,Firaxis Games,9.4,,,,,,1999-01-02,
Sid Meier's Gettysburg!,PC,Strategy,Electronic Arts,Firaxis Games,9.3,,,,,,1997-09-30,
Ski Resort Tycoon,PC,Strategy,Head Games,Cat Daddy Games,7.4,,,,,,2000-11-30,
South Park Let's Go Tower Defense Play!,XBL,Strategy,Microsoft,Double Six,7.8,,,,,,2009-10-07,
Spaceforce: Captains,PC,Strategy,DreamCatcher Interactive,Provox Games,4.1,,,,,,2008-02-12,
Star Chamber,PC,Strategy,Nayantara Studios,Nayantara Studios,8.8,,,,,,2003-11-13,
StarCraft: Brood War,PC,Strategy,Blizzard Entertainment,Blizzard Entertainment,9.1,,,,,,1998-11-30,
Sword of the Stars: Born of Blood,PC,Strategy,Lighthouse Interactive,Kerberos Productions,7.5,,,,,,2007-06-05,
Swords & Soldiers,PSN,Strategy,Ronimo Games,Ronimo Games,8.2,,,,,,2010-09-28,
Swords & Soldiers,WW,Strategy,Ronimo Games,Ronimo Games,8.3,,,,,,2009-06-08,
The Corporate Machine,PC,Strategy,Take-Two Interactive,Stardock,8.3,,,,,,2001-07-14,
The Guild 2: Pirates of the High Seas,PC,Strategy,DreamCatcher Interactive,4HEAD Studios,6.3,,,,,,2007-06-25,
ThreadSpace: Hyperbol,PC,Strategy,Atari,iocaine studios,6.5,,,,,,2007-07-12,
Toy Soldiers,XBL,Strategy,Microsoft,Signal Studios,8.4,,,,,,2010-03-03,
Toy Soldiers: Cold War,XBL,Strategy,Microsoft,Signal Studios,8.4,,,,,,2011-08-17,
Trailer Park Tycoon,PC,Strategy,Jaleco,Jaleco Entertainment,4.5,,,,,,2002-11-27,
Trenches Generals,WW,Strategy,Unknown,Fishing Cactus,6.0,,,,,,2011-09-01,
Tropico: Paradise Island,PC,Strategy,Take-Two Interactive,BreakAway Games,8.2,,,,,,2002-02-03,
Two Worlds II Castle Defense,PC,Strategy,Unknown,TopWare Interactive,6.5,,,,,,,
Under Siege,PSN,Strategy,Unknown,Seed Studios,7.0,,,,,,2011-06-02,
Vegas Tycoon,PC,Strategy,Global Star Software,Deep Red,7.7,,,,,,2004-01-15,
Warcraft II: Beyond the Dark Portal,PC,Strategy,Blizzard Entertainment,Blizzard Entertainment,9.2,,,,,,1996-04-30,
WarCraft II: The Dark Saga,SAT,Strategy,Electronic Arts,Blizzard Entertainment,8.0,,,,,,1997-08-31,
"Warhammer 40,000: Chaos Gate",PC,Strategy,SSI,Random Games,7.5,,,,,,1998-10-31,
"Warhammer 40,000: Dawn of War: Winter Assault",PC,Strategy,THQ,Relic,8.4,,,,,,2005-09-21,
"Warhammer 40,000: Rites of War",PC,Strategy,SSI,DreamForge Intertainment,8.0,,,,,,1999-06-30,
Worms Armageddon,DC,Strategy,Hasbro Interactive,Team17 Software,8.4,,,,,,1999-12-12,
Worms World Party,NGage,Strategy,Nokia,Paragon 5,8.1,,,,,,2005-05-11,
Worms: Battle Islands,PSN,Strategy,Team17 Software,Team17 Software,7.3,,,,,,2010-11-23,
Worms: Ultimate Mayhem,XBL,Strategy,Unknown,Team17 Software,6.0,,,,,,2011-09-28,
Zombie Tycoon,PSN,Strategy,Frima Studio,Frima Studio,5.2,,,,,,2009-10-29,
Zoo Tycoon: Dinosaur Digs,PC,Strategy,Microsoft,Microsoft,6.7,,,,,,2002-05-19,
Zoo Tycoon: Marine Mania,PC,Strategy,Microsoft Game Studios,Blue Fang Games,6.1,,,,,,2002-10-21,
Age of Empires: Definitive Edition,PC,Strategy,Microsoft Studios,Forgotten Empires,7.0,,,,,,2018-02-20,2018-02-24
Sid Meier's Civilization VI: Rise and Fall,PC,Strategy,2K Games,Firaxis Games,8.3,,,,,,2018-02-08,2018-03-19
Total War: Pharaoh,PC,Strategy,Sega,Creative Assembly,6.5,,,,,,2023-10-11,2023-08-26
Wheels of Aurelia,PS4,Visual Novel,Mixedbag Srl,Santa Ragione Srl,8.0,,,,,,2016-10-04,2018-05-13
